<?xml version="1.0" encoding="UTF-8"?>
<!--(C) EIOPA - XBRL Solvency 2 Taxonomy-->
<?officialURI http://eiopa.europa.eu/eu/xbrl/s2c/dict/dom/mc/mem-def.xml?>
<?taxonomy-version 2.1.0?>
<?taxonomy-date 2016-07-15?>
<link:linkbase xmlns:xsi="http://www.w3.org/2001/XMLSchema-instance" xmlns:xlink="http://www.w3.org/1999/xlink" xmlns:link="http://www.xbrl.org/2003/linkbase" xmlns:xbrldt="http://xbrl.org/2005/xbrldt" xsi:schemaLocation="http://www.xbrl.org/2003/linkbase http://www.xbrl.org/2003/xbrl-linkbase-2003-12-31.xsd http://xbrl.org/2005/xbrldt http://www.xbrl.org/2005/xbrldt-2005.xsd">
  <link:arcroleRef arcroleURI="http://xbrl.org/int/dim/arcrole/domain-member" xlink:type="simple" xlink:href="http://www.xbrl.org/2005/xbrldt-2005.xsd#domain-member" />
  <link:definitionLink xlink:type="extended" xlink:role="http://www.xbrl.org/2003/role/link">
    <link:loc xlink:type="locator" xlink:href="../exp.xsd#s2c_MC" xlink:label="loc_s2c_MC" />
    <link:loc xlink:type="locator" xlink:href="mem.xsd#s2c_x0" xlink:label="loc_s2c_x0" />
    <link:definitionArc xlink:type="arc" xlink:arcrole="http://xbrl.org/int/dim/arcrole/domain-member" xlink:from="loc_s2c_MC" xlink:to="loc_s2c_x0" order="1" />
    <link:loc xlink:type="locator" xlink:href="mem.xsd#s2c_x1" xlink:label="loc_s2c_x1" />
    <link:definitionArc xlink:type="arc" xlink:arcrole="http://xbrl.org/int/dim/arcrole/domain-member" xlink:from="loc_s2c_MC" xlink:to="loc_s2c_x1" order="2" />
    <link:loc xlink:type="locator" xlink:href="mem.xsd#s2c_x2" xlink:label="loc_s2c_x2" />
    <link:definitionArc xlink:type="arc" xlink:arcrole="http://xbrl.org/int/dim/arcrole/domain-member" xlink:from="loc_s2c_MC" xlink:to="loc_s2c_x2" order="3" />
    <link:loc xlink:type="locator" xlink:href="mem.xsd#s2c_x3" xlink:label="loc_s2c_x3" />
    <link:definitionArc xlink:type="arc" xlink:arcrole="http://xbrl.org/int/dim/arcrole/domain-member" xlink:from="loc_s2c_MC" xlink:to="loc_s2c_x3" order="4" />
    <link:loc xlink:type="locator" xlink:href="mem.xsd#s2c_x4" xlink:label="loc_s2c_x4" />
    <link:definitionArc xlink:type="arc" xlink:arcrole="http://xbrl.org/int/dim/arcrole/domain-member" xlink:from="loc_s2c_MC" xlink:to="loc_s2c_x4" order="5" />
    <link:loc xlink:type="locator" xlink:href="mem.xsd#s2c_x5" xlink:label="loc_s2c_x5" />
    <link:definitionArc xlink:type="arc" xlink:arcrole="http://xbrl.org/int/dim/arcrole/domain-member" xlink:from="loc_s2c_MC" xlink:to="loc_s2c_x5" order="6" />
    <link:loc xlink:type="locator" xlink:href="mem.xsd#s2c_x6" xlink:label="loc_s2c_x6" />
    <link:definitionArc xlink:type="arc" xlink:arcrole="http://xbrl.org/int/dim/arcrole/domain-member" xlink:from="loc_s2c_MC" xlink:to="loc_s2c_x6" order="7" />
    <link:loc xlink:type="locator" xlink:href="mem.xsd#s2c_x7" xlink:label="loc_s2c_x7" />
    <link:definitionArc xlink:type="arc" xlink:arcrole="http://xbrl.org/int/dim/arcrole/domain-member" xlink:from="loc_s2c_MC" xlink:to="loc_s2c_x7" order="8" />
    <link:loc xlink:type="locator" xlink:href="mem.xsd#s2c_x8" xlink:label="loc_s2c_x8" />
    <link:definitionArc xlink:type="arc" xlink:arcrole="http://xbrl.org/int/dim/arcrole/domain-member" xlink:from="loc_s2c_MC" xlink:to="loc_s2c_x8" order="9" />
    <link:loc xlink:type="locator" xlink:href="mem.xsd#s2c_x9" xlink:label="loc_s2c_x9" />
    <link:definitionArc xlink:type="arc" xlink:arcrole="http://xbrl.org/int/dim/arcrole/domain-member" xlink:from="loc_s2c_MC" xlink:to="loc_s2c_x9" order="10" />
    <link:loc xlink:type="locator" xlink:href="mem.xsd#s2c_x10" xlink:label="loc_s2c_x10" />
    <link:definitionArc xlink:type="arc" xlink:arcrole="http://xbrl.org/int/dim/arcrole/domain-member" xlink:from="loc_s2c_MC" xlink:to="loc_s2c_x10" order="11" />
    <link:loc xlink:type="locator" xlink:href="mem.xsd#s2c_x11" xlink:label="loc_s2c_x11" />
    <link:definitionArc xlink:type="arc" xlink:arcrole="http://xbrl.org/int/dim/arcrole/domain-member" xlink:from="loc_s2c_MC" xlink:to="loc_s2c_x11" order="12" />
    <link:loc xlink:type="locator" xlink:href="mem.xsd#s2c_x12" xlink:label="loc_s2c_x12" />
    <link:definitionArc xlink:type="arc" xlink:arcrole="http://xbrl.org/int/dim/arcrole/domain-member" xlink:from="loc_s2c_MC" xlink:to="loc_s2c_x12" order="13" />
    <link:loc xlink:type="locator" xlink:href="mem.xsd#s2c_x13" xlink:label="loc_s2c_x13" />
    <link:definitionArc xlink:type="arc" xlink:arcrole="http://xbrl.org/int/dim/arcrole/domain-member" xlink:from="loc_s2c_MC" xlink:to="loc_s2c_x13" order="14" />
    <link:loc xlink:type="locator" xlink:href="mem.xsd#s2c_x14" xlink:label="loc_s2c_x14" />
    <link:definitionArc xlink:type="arc" xlink:arcrole="http://xbrl.org/int/dim/arcrole/domain-member" xlink:from="loc_s2c_MC" xlink:to="loc_s2c_x14" order="15" />
    <link:loc xlink:type="locator" xlink:href="mem.xsd#s2c_x15" xlink:label="loc_s2c_x15" />
    <link:definitionArc xlink:type="arc" xlink:arcrole="http://xbrl.org/int/dim/arcrole/domain-member" xlink:from="loc_s2c_MC" xlink:to="loc_s2c_x15" order="16" />
    <link:loc xlink:type="locator" xlink:href="mem.xsd#s2c_x16" xlink:label="loc_s2c_x16" />
    <link:definitionArc xlink:type="arc" xlink:arcrole="http://xbrl.org/int/dim/arcrole/domain-member" xlink:from="loc_s2c_MC" xlink:to="loc_s2c_x16" order="17" />
    <link:loc xlink:type="locator" xlink:href="mem.xsd#s2c_x17" xlink:label="loc_s2c_x17" />
    <link:definitionArc xlink:type="arc" xlink:arcrole="http://xbrl.org/int/dim/arcrole/domain-member" xlink:from="loc_s2c_MC" xlink:to="loc_s2c_x17" order="18" />
    <link:loc xlink:type="locator" xlink:href="mem.xsd#s2c_x18" xlink:label="loc_s2c_x18" />
    <link:definitionArc xlink:type="arc" xlink:arcrole="http://xbrl.org/int/dim/arcrole/domain-member" xlink:from="loc_s2c_MC" xlink:to="loc_s2c_x18" order="19" />
    <link:loc xlink:type="locator" xlink:href="mem.xsd#s2c_x19" xlink:label="loc_s2c_x19" />
    <link:definitionArc xlink:type="arc" xlink:arcrole="http://xbrl.org/int/dim/arcrole/domain-member" xlink:from="loc_s2c_MC" xlink:to="loc_s2c_x19" order="20" />
    <link:loc xlink:type="locator" xlink:href="mem.xsd#s2c_x20" xlink:label="loc_s2c_x20" />
    <link:definitionArc xlink:type="arc" xlink:arcrole="http://xbrl.org/int/dim/arcrole/domain-member" xlink:from="loc_s2c_MC" xlink:to="loc_s2c_x20" order="21" />
    <link:loc xlink:type="locator" xlink:href="mem.xsd#s2c_x21" xlink:label="loc_s2c_x21" />
    <link:definitionArc xlink:type="arc" xlink:arcrole="http://xbrl.org/int/dim/arcrole/domain-member" xlink:from="loc_s2c_MC" xlink:to="loc_s2c_x21" order="22" />
    <link:loc xlink:type="locator" xlink:href="mem.xsd#s2c_x22" xlink:label="loc_s2c_x22" />
    <link:definitionArc xlink:type="arc" xlink:arcrole="http://xbrl.org/int/dim/arcrole/domain-member" xlink:from="loc_s2c_MC" xlink:to="loc_s2c_x22" order="23" />
    <link:loc xlink:type="locator" xlink:href="mem.xsd#s2c_x23" xlink:label="loc_s2c_x23" />
    <link:definitionArc xlink:type="arc" xlink:arcrole="http://xbrl.org/int/dim/arcrole/domain-member" xlink:from="loc_s2c_MC" xlink:to="loc_s2c_x23" order="24" />
    <link:loc xlink:type="locator" xlink:href="mem.xsd#s2c_x24" xlink:label="loc_s2c_x24" />
    <link:definitionArc xlink:type="arc" xlink:arcrole="http://xbrl.org/int/dim/arcrole/domain-member" xlink:from="loc_s2c_MC" xlink:to="loc_s2c_x24" order="25" />
    <link:loc xlink:type="locator" xlink:href="mem.xsd#s2c_x25" xlink:label="loc_s2c_x25" />
    <link:definitionArc xlink:type="arc" xlink:arcrole="http://xbrl.org/int/dim/arcrole/domain-member" xlink:from="loc_s2c_MC" xlink:to="loc_s2c_x25" order="26" />
    <link:loc xlink:type="locator" xlink:href="mem.xsd#s2c_x26" xlink:label="loc_s2c_x26" />
    <link:definitionArc xlink:type="arc" xlink:arcrole="http://xbrl.org/int/dim/arcrole/domain-member" xlink:from="loc_s2c_MC" xlink:to="loc_s2c_x26" order="27" />
    <link:loc xlink:type="locator" xlink:href="mem.xsd#s2c_x27" xlink:label="loc_s2c_x27" />
    <link:definitionArc xlink:type="arc" xlink:arcrole="http://xbrl.org/int/dim/arcrole/domain-member" xlink:from="loc_s2c_MC" xlink:to="loc_s2c_x27" order="28" />
    <link:loc xlink:type="locator" xlink:href="mem.xsd#s2c_x28" xlink:label="loc_s2c_x28" />
    <link:definitionArc xlink:type="arc" xlink:arcrole="http://xbrl.org/int/dim/arcrole/domain-member" xlink:from="loc_s2c_MC" xlink:to="loc_s2c_x28" order="29" />
    <link:loc xlink:type="locator" xlink:href="mem.xsd#s2c_x29" xlink:label="loc_s2c_x29" />
    <link:definitionArc xlink:type="arc" xlink:arcrole="http://xbrl.org/int/dim/arcrole/domain-member" xlink:from="loc_s2c_MC" xlink:to="loc_s2c_x29" order="30" />
    <link:loc xlink:type="locator" xlink:href="mem.xsd#s2c_x30" xlink:label="loc_s2c_x30" />
    <link:definitionArc xlink:type="arc" xlink:arcrole="http://xbrl.org/int/dim/arcrole/domain-member" xlink:from="loc_s2c_MC" xlink:to="loc_s2c_x30" order="31" />
    <link:loc xlink:type="locator" xlink:href="mem.xsd#s2c_x31" xlink:label="loc_s2c_x31" />
    <link:definitionArc xlink:type="arc" xlink:arcrole="http://xbrl.org/int/dim/arcrole/domain-member" xlink:from="loc_s2c_MC" xlink:to="loc_s2c_x31" order="32" />
    <link:loc xlink:type="locator" xlink:href="mem.xsd#s2c_x32" xlink:label="loc_s2c_x32" />
    <link:definitionArc xlink:type="arc" xlink:arcrole="http://xbrl.org/int/dim/arcrole/domain-member" xlink:from="loc_s2c_MC" xlink:to="loc_s2c_x32" order="33" />
    <link:loc xlink:type="locator" xlink:href="mem.xsd#s2c_x33" xlink:label="loc_s2c_x33" />
    <link:definitionArc xlink:type="arc" xlink:arcrole="http://xbrl.org/int/dim/arcrole/domain-member" xlink:from="loc_s2c_MC" xlink:to="loc_s2c_x33" order="34" />
    <link:loc xlink:type="locator" xlink:href="mem.xsd#s2c_x34" xlink:label="loc_s2c_x34" />
    <link:definitionArc xlink:type="arc" xlink:arcrole="http://xbrl.org/int/dim/arcrole/domain-member" xlink:from="loc_s2c_MC" xlink:to="loc_s2c_x34" order="35" />
    <link:loc xlink:type="locator" xlink:href="mem.xsd#s2c_x35" xlink:label="loc_s2c_x35" />
    <link:definitionArc xlink:type="arc" xlink:arcrole="http://xbrl.org/int/dim/arcrole/domain-member" xlink:from="loc_s2c_MC" xlink:to="loc_s2c_x35" order="36" />
    <link:loc xlink:type="locator" xlink:href="mem.xsd#s2c_x36" xlink:label="loc_s2c_x36" />
    <link:definitionArc xlink:type="arc" xlink:arcrole="http://xbrl.org/int/dim/arcrole/domain-member" xlink:from="loc_s2c_MC" xlink:to="loc_s2c_x36" order="37" />
    <link:loc xlink:type="locator" xlink:href="mem.xsd#s2c_x37" xlink:label="loc_s2c_x37" />
    <link:definitionArc xlink:type="arc" xlink:arcrole="http://xbrl.org/int/dim/arcrole/domain-member" xlink:from="loc_s2c_MC" xlink:to="loc_s2c_x37" order="38" />
    <link:loc xlink:type="locator" xlink:href="mem.xsd#s2c_x38" xlink:label="loc_s2c_x38" />
    <link:definitionArc xlink:type="arc" xlink:arcrole="http://xbrl.org/int/dim/arcrole/domain-member" xlink:from="loc_s2c_MC" xlink:to="loc_s2c_x38" order="39" />
    <link:loc xlink:type="locator" xlink:href="mem.xsd#s2c_x39" xlink:label="loc_s2c_x39" />
    <link:definitionArc xlink:type="arc" xlink:arcrole="http://xbrl.org/int/dim/arcrole/domain-member" xlink:from="loc_s2c_MC" xlink:to="loc_s2c_x39" order="40" />
    <link:loc xlink:type="locator" xlink:href="mem.xsd#s2c_x40" xlink:label="loc_s2c_x40" />
    <link:definitionArc xlink:type="arc" xlink:arcrole="http://xbrl.org/int/dim/arcrole/domain-member" xlink:from="loc_s2c_MC" xlink:to="loc_s2c_x40" order="41" />
    <link:loc xlink:type="locator" xlink:href="mem.xsd#s2c_x41" xlink:label="loc_s2c_x41" />
    <link:definitionArc xlink:type="arc" xlink:arcrole="http://xbrl.org/int/dim/arcrole/domain-member" xlink:from="loc_s2c_MC" xlink:to="loc_s2c_x41" order="42" />
    <link:loc xlink:type="locator" xlink:href="mem.xsd#s2c_x42" xlink:label="loc_s2c_x42" />
    <link:definitionArc xlink:type="arc" xlink:arcrole="http://xbrl.org/int/dim/arcrole/domain-member" xlink:from="loc_s2c_MC" xlink:to="loc_s2c_x42" order="43" />
    <link:loc xlink:type="locator" xlink:href="mem.xsd#s2c_x43" xlink:label="loc_s2c_x43" />
    <link:definitionArc xlink:type="arc" xlink:arcrole="http://xbrl.org/int/dim/arcrole/domain-member" xlink:from="loc_s2c_MC" xlink:to="loc_s2c_x43" order="44" />
    <link:loc xlink:type="locator" xlink:href="mem.xsd#s2c_x44" xlink:label="loc_s2c_x44" />
    <link:definitionArc xlink:type="arc" xlink:arcrole="http://xbrl.org/int/dim/arcrole/domain-member" xlink:from="loc_s2c_MC" xlink:to="loc_s2c_x44" order="45" />
    <link:loc xlink:type="locator" xlink:href="mem.xsd#s2c_x45" xlink:label="loc_s2c_x45" />
    <link:definitionArc xlink:type="arc" xlink:arcrole="http://xbrl.org/int/dim/arcrole/domain-member" xlink:from="loc_s2c_MC" xlink:to="loc_s2c_x45" order="46" />
    <link:loc xlink:type="locator" xlink:href="mem.xsd#s2c_x46" xlink:label="loc_s2c_x46" />
    <link:definitionArc xlink:type="arc" xlink:arcrole="http://xbrl.org/int/dim/arcrole/domain-member" xlink:from="loc_s2c_MC" xlink:to="loc_s2c_x46" order="47" />
    <link:loc xlink:type="locator" xlink:href="mem.xsd#s2c_x47" xlink:label="loc_s2c_x47" />
    <link:definitionArc xlink:type="arc" xlink:arcrole="http://xbrl.org/int/dim/arcrole/domain-member" xlink:from="loc_s2c_MC" xlink:to="loc_s2c_x47" order="48" />
    <link:loc xlink:type="locator" xlink:href="mem.xsd#s2c_x48" xlink:label="loc_s2c_x48" />
    <link:definitionArc xlink:type="arc" xlink:arcrole="http://xbrl.org/int/dim/arcrole/domain-member" xlink:from="loc_s2c_MC" xlink:to="loc_s2c_x48" order="49" />
    <link:loc xlink:type="locator" xlink:href="mem.xsd#s2c_x49" xlink:label="loc_s2c_x49" />
    <link:definitionArc xlink:type="arc" xlink:arcrole="http://xbrl.org/int/dim/arcrole/domain-member" xlink:from="loc_s2c_MC" xlink:to="loc_s2c_x49" order="50" />
    <link:loc xlink:type="locator" xlink:href="mem.xsd#s2c_x50" xlink:label="loc_s2c_x50" />
    <link:definitionArc xlink:type="arc" xlink:arcrole="http://xbrl.org/int/dim/arcrole/domain-member" xlink:from="loc_s2c_MC" xlink:to="loc_s2c_x50" order="51" />
    <link:loc xlink:type="locator" xlink:href="mem.xsd#s2c_x51" xlink:label="loc_s2c_x51" />
    <link:definitionArc xlink:type="arc" xlink:arcrole="http://xbrl.org/int/dim/arcrole/domain-member" xlink:from="loc_s2c_MC" xlink:to="loc_s2c_x51" order="52" />
    <link:loc xlink:type="locator" xlink:href="mem.xsd#s2c_x52" xlink:label="loc_s2c_x52" />
    <link:definitionArc xlink:type="arc" xlink:arcrole="http://xbrl.org/int/dim/arcrole/domain-member" xlink:from="loc_s2c_MC" xlink:to="loc_s2c_x52" order="53" />
    <link:loc xlink:type="locator" xlink:href="mem.xsd#s2c_x53" xlink:label="loc_s2c_x53" />
    <link:definitionArc xlink:type="arc" xlink:arcrole="http://xbrl.org/int/dim/arcrole/domain-member" xlink:from="loc_s2c_MC" xlink:to="loc_s2c_x53" order="54" />
    <link:loc xlink:type="locator" xlink:href="mem.xsd#s2c_x54" xlink:label="loc_s2c_x54" />
    <link:definitionArc xlink:type="arc" xlink:arcrole="http://xbrl.org/int/dim/arcrole/domain-member" xlink:from="loc_s2c_MC" xlink:to="loc_s2c_x54" order="55" />
    <link:loc xlink:type="locator" xlink:href="mem.xsd#s2c_x55" xlink:label="loc_s2c_x55" />
    <link:definitionArc xlink:type="arc" xlink:arcrole="http://xbrl.org/int/dim/arcrole/domain-member" xlink:from="loc_s2c_MC" xlink:to="loc_s2c_x55" order="56" />
    <link:loc xlink:type="locator" xlink:href="mem.xsd#s2c_x56" xlink:label="loc_s2c_x56" />
    <link:definitionArc xlink:type="arc" xlink:arcrole="http://xbrl.org/int/dim/arcrole/domain-member" xlink:from="loc_s2c_MC" xlink:to="loc_s2c_x56" order="57" />
    <link:loc xlink:type="locator" xlink:href="mem.xsd#s2c_x57" xlink:label="loc_s2c_x57" />
    <link:definitionArc xlink:type="arc" xlink:arcrole="http://xbrl.org/int/dim/arcrole/domain-member" xlink:from="loc_s2c_MC" xlink:to="loc_s2c_x57" order="58" />
    <link:loc xlink:type="locator" xlink:href="mem.xsd#s2c_x58" xlink:label="loc_s2c_x58" />
    <link:definitionArc xlink:type="arc" xlink:arcrole="http://xbrl.org/int/dim/arcrole/domain-member" xlink:from="loc_s2c_MC" xlink:to="loc_s2c_x58" order="59" />
    <link:loc xlink:type="locator" xlink:href="mem.xsd#s2c_x59" xlink:label="loc_s2c_x59" />
    <link:definitionArc xlink:type="arc" xlink:arcrole="http://xbrl.org/int/dim/arcrole/domain-member" xlink:from="loc_s2c_MC" xlink:to="loc_s2c_x59" order="60" />
    <link:loc xlink:type="locator" xlink:href="mem.xsd#s2c_x60" xlink:label="loc_s2c_x60" />
    <link:definitionArc xlink:type="arc" xlink:arcrole="http://xbrl.org/int/dim/arcrole/domain-member" xlink:from="loc_s2c_MC" xlink:to="loc_s2c_x60" order="61" />
    <link:loc xlink:type="locator" xlink:href="mem.xsd#s2c_x61" xlink:label="loc_s2c_x61" />
    <link:definitionArc xlink:type="arc" xlink:arcrole="http://xbrl.org/int/dim/arcrole/domain-member" xlink:from="loc_s2c_MC" xlink:to="loc_s2c_x61" order="62" />
    <link:loc xlink:type="locator" xlink:href="mem.xsd#s2c_x62" xlink:label="loc_s2c_x62" />
    <link:definitionArc xlink:type="arc" xlink:arcrole="http://xbrl.org/int/dim/arcrole/domain-member" xlink:from="loc_s2c_MC" xlink:to="loc_s2c_x62" order="63" />
    <link:loc xlink:type="locator" xlink:href="mem.xsd#s2c_x63" xlink:label="loc_s2c_x63" />
    <link:definitionArc xlink:type="arc" xlink:arcrole="http://xbrl.org/int/dim/arcrole/domain-member" xlink:from="loc_s2c_MC" xlink:to="loc_s2c_x63" order="64" />
    <link:loc xlink:type="locator" xlink:href="mem.xsd#s2c_x64" xlink:label="loc_s2c_x64" />
    <link:definitionArc xlink:type="arc" xlink:arcrole="http://xbrl.org/int/dim/arcrole/domain-member" xlink:from="loc_s2c_MC" xlink:to="loc_s2c_x64" order="65" />
    <link:loc xlink:type="locator" xlink:href="mem.xsd#s2c_x65" xlink:label="loc_s2c_x65" />
    <link:definitionArc xlink:type="arc" xlink:arcrole="http://xbrl.org/int/dim/arcrole/domain-member" xlink:from="loc_s2c_MC" xlink:to="loc_s2c_x65" order="66" />
    <link:loc xlink:type="locator" xlink:href="mem.xsd#s2c_x66" xlink:label="loc_s2c_x66" />
    <link:definitionArc xlink:type="arc" xlink:arcrole="http://xbrl.org/int/dim/arcrole/domain-member" xlink:from="loc_s2c_MC" xlink:to="loc_s2c_x66" order="67" />
    <link:loc xlink:type="locator" xlink:href="mem.xsd#s2c_x67" xlink:label="loc_s2c_x67" />
    <link:definitionArc xlink:type="arc" xlink:arcrole="http://xbrl.org/int/dim/arcrole/domain-member" xlink:from="loc_s2c_MC" xlink:to="loc_s2c_x67" order="68" />
    <link:loc xlink:type="locator" xlink:href="mem.xsd#s2c_x68" xlink:label="loc_s2c_x68" />
    <link:definitionArc xlink:type="arc" xlink:arcrole="http://xbrl.org/int/dim/arcrole/domain-member" xlink:from="loc_s2c_MC" xlink:to="loc_s2c_x68" order="69" />
    <link:loc xlink:type="locator" xlink:href="mem.xsd#s2c_x69" xlink:label="loc_s2c_x69" />
    <link:definitionArc xlink:type="arc" xlink:arcrole="http://xbrl.org/int/dim/arcrole/domain-member" xlink:from="loc_s2c_MC" xlink:to="loc_s2c_x69" order="70" />
    <link:loc xlink:type="locator" xlink:href="mem.xsd#s2c_x70" xlink:label="loc_s2c_x70" />
    <link:definitionArc xlink:type="arc" xlink:arcrole="http://xbrl.org/int/dim/arcrole/domain-member" xlink:from="loc_s2c_MC" xlink:to="loc_s2c_x70" order="71" />
    <link:loc xlink:type="locator" xlink:href="mem.xsd#s2c_x71" xlink:label="loc_s2c_x71" />
    <link:definitionArc xlink:type="arc" xlink:arcrole="http://xbrl.org/int/dim/arcrole/domain-member" xlink:from="loc_s2c_MC" xlink:to="loc_s2c_x71" order="72" />
    <link:loc xlink:type="locator" xlink:href="mem.xsd#s2c_x72" xlink:label="loc_s2c_x72" />
    <link:definitionArc xlink:type="arc" xlink:arcrole="http://xbrl.org/int/dim/arcrole/domain-member" xlink:from="loc_s2c_MC" xlink:to="loc_s2c_x72" order="73" />
    <link:loc xlink:type="locator" xlink:href="mem.xsd#s2c_x73" xlink:label="loc_s2c_x73" />
    <link:definitionArc xlink:type="arc" xlink:arcrole="http://xbrl.org/int/dim/arcrole/domain-member" xlink:from="loc_s2c_MC" xlink:to="loc_s2c_x73" order="74" />
    <link:loc xlink:type="locator" xlink:href="mem.xsd#s2c_x74" xlink:label="loc_s2c_x74" />
    <link:definitionArc xlink:type="arc" xlink:arcrole="http://xbrl.org/int/dim/arcrole/domain-member" xlink:from="loc_s2c_MC" xlink:to="loc_s2c_x74" order="75" />
    <link:loc xlink:type="locator" xlink:href="mem.xsd#s2c_x75" xlink:label="loc_s2c_x75" />
    <link:definitionArc xlink:type="arc" xlink:arcrole="http://xbrl.org/int/dim/arcrole/domain-member" xlink:from="loc_s2c_MC" xlink:to="loc_s2c_x75" order="76" />
    <link:loc xlink:type="locator" xlink:href="mem.xsd#s2c_x76" xlink:label="loc_s2c_x76" />
    <link:definitionArc xlink:type="arc" xlink:arcrole="http://xbrl.org/int/dim/arcrole/domain-member" xlink:from="loc_s2c_MC" xlink:to="loc_s2c_x76" order="77" />
    <link:loc xlink:type="locator" xlink:href="mem.xsd#s2c_x77" xlink:label="loc_s2c_x77" />
    <link:definitionArc xlink:type="arc" xlink:arcrole="http://xbrl.org/int/dim/arcrole/domain-member" xlink:from="loc_s2c_MC" xlink:to="loc_s2c_x77" order="78" />
    <link:loc xlink:type="locator" xlink:href="mem.xsd#s2c_x78" xlink:label="loc_s2c_x78" />
    <link:definitionArc xlink:type="arc" xlink:arcrole="http://xbrl.org/int/dim/arcrole/domain-member" xlink:from="loc_s2c_MC" xlink:to="loc_s2c_x78" order="79" />
    <link:loc xlink:type="locator" xlink:href="mem.xsd#s2c_x79" xlink:label="loc_s2c_x79" />
    <link:definitionArc xlink:type="arc" xlink:arcrole="http://xbrl.org/int/dim/arcrole/domain-member" xlink:from="loc_s2c_MC" xlink:to="loc_s2c_x79" order="80" />
    <link:loc xlink:type="locator" xlink:href="mem.xsd#s2c_x80" xlink:label="loc_s2c_x80" />
    <link:definitionArc xlink:type="arc" xlink:arcrole="http://xbrl.org/int/dim/arcrole/domain-member" xlink:from="loc_s2c_MC" xlink:to="loc_s2c_x80" order="81" />
    <link:loc xlink:type="locator" xlink:href="mem.xsd#s2c_x81" xlink:label="loc_s2c_x81" />
    <link:definitionArc xlink:type="arc" xlink:arcrole="http://xbrl.org/int/dim/arcrole/domain-member" xlink:from="loc_s2c_MC" xlink:to="loc_s2c_x81" order="82" />
    <link:loc xlink:type="locator" xlink:href="mem.xsd#s2c_x82" xlink:label="loc_s2c_x82" />
    <link:definitionArc xlink:type="arc" xlink:arcrole="http://xbrl.org/int/dim/arcrole/domain-member" xlink:from="loc_s2c_MC" xlink:to="loc_s2c_x82" order="83" />
    <link:loc xlink:type="locator" xlink:href="mem.xsd#s2c_x83" xlink:label="loc_s2c_x83" />
    <link:definitionArc xlink:type="arc" xlink:arcrole="http://xbrl.org/int/dim/arcrole/domain-member" xlink:from="loc_s2c_MC" xlink:to="loc_s2c_x83" order="84" />
    <link:loc xlink:type="locator" xlink:href="mem.xsd#s2c_x84" xlink:label="loc_s2c_x84" />
    <link:definitionArc xlink:type="arc" xlink:arcrole="http://xbrl.org/int/dim/arcrole/domain-member" xlink:from="loc_s2c_MC" xlink:to="loc_s2c_x84" order="85" />
    <link:loc xlink:type="locator" xlink:href="mem.xsd#s2c_x85" xlink:label="loc_s2c_x85" />
    <link:definitionArc xlink:type="arc" xlink:arcrole="http://xbrl.org/int/dim/arcrole/domain-member" xlink:from="loc_s2c_MC" xlink:to="loc_s2c_x85" order="86" />
    <link:loc xlink:type="locator" xlink:href="mem.xsd#s2c_x86" xlink:label="loc_s2c_x86" />
    <link:definitionArc xlink:type="arc" xlink:arcrole="http://xbrl.org/int/dim/arcrole/domain-member" xlink:from="loc_s2c_MC" xlink:to="loc_s2c_x86" order="87" />
    <link:loc xlink:type="locator" xlink:href="mem.xsd#s2c_x87" xlink:label="loc_s2c_x87" />
    <link:definitionArc xlink:type="arc" xlink:arcrole="http://xbrl.org/int/dim/arcrole/domain-member" xlink:from="loc_s2c_MC" xlink:to="loc_s2c_x87" order="88" />
    <link:loc xlink:type="locator" xlink:href="mem.xsd#s2c_x88" xlink:label="loc_s2c_x88" />
    <link:definitionArc xlink:type="arc" xlink:arcrole="http://xbrl.org/int/dim/arcrole/domain-member" xlink:from="loc_s2c_MC" xlink:to="loc_s2c_x88" order="89" />
    <link:loc xlink:type="locator" xlink:href="mem.xsd#s2c_x89" xlink:label="loc_s2c_x89" />
    <link:definitionArc xlink:type="arc" xlink:arcrole="http://xbrl.org/int/dim/arcrole/domain-member" xlink:from="loc_s2c_MC" xlink:to="loc_s2c_x89" order="90" />
    <link:loc xlink:type="locator" xlink:href="mem.xsd#s2c_x90" xlink:label="loc_s2c_x90" />
    <link:definitionArc xlink:type="arc" xlink:arcrole="http://xbrl.org/int/dim/arcrole/domain-member" xlink:from="loc_s2c_MC" xlink:to="loc_s2c_x90" order="91" />
    <link:loc xlink:type="locator" xlink:href="mem.xsd#s2c_x91" xlink:label="loc_s2c_x91" />
    <link:definitionArc xlink:type="arc" xlink:arcrole="http://xbrl.org/int/dim/arcrole/domain-member" xlink:from="loc_s2c_MC" xlink:to="loc_s2c_x91" order="92" />
    <link:loc xlink:type="locator" xlink:href="mem.xsd#s2c_x92" xlink:label="loc_s2c_x92" />
    <link:definitionArc xlink:type="arc" xlink:arcrole="http://xbrl.org/int/dim/arcrole/domain-member" xlink:from="loc_s2c_MC" xlink:to="loc_s2c_x92" order="93" />
    <link:loc xlink:type="locator" xlink:href="mem.xsd#s2c_x93" xlink:label="loc_s2c_x93" />
    <link:definitionArc xlink:type="arc" xlink:arcrole="http://xbrl.org/int/dim/arcrole/domain-member" xlink:from="loc_s2c_MC" xlink:to="loc_s2c_x93" order="94" />
    <link:loc xlink:type="locator" xlink:href="mem.xsd#s2c_x94" xlink:label="loc_s2c_x94" />
    <link:definitionArc xlink:type="arc" xlink:arcrole="http://xbrl.org/int/dim/arcrole/domain-member" xlink:from="loc_s2c_MC" xlink:to="loc_s2c_x94" order="95" />
    <link:loc xlink:type="locator" xlink:href="mem.xsd#s2c_x95" xlink:label="loc_s2c_x95" />
    <link:definitionArc xlink:type="arc" xlink:arcrole="http://xbrl.org/int/dim/arcrole/domain-member" xlink:from="loc_s2c_MC" xlink:to="loc_s2c_x95" order="96" />
    <link:loc xlink:type="locator" xlink:href="mem.xsd#s2c_x96" xlink:label="loc_s2c_x96" />
    <link:definitionArc xlink:type="arc" xlink:arcrole="http://xbrl.org/int/dim/arcrole/domain-member" xlink:from="loc_s2c_MC" xlink:to="loc_s2c_x96" order="97" />
    <link:loc xlink:type="locator" xlink:href="mem.xsd#s2c_x97" xlink:label="loc_s2c_x97" />
    <link:definitionArc xlink:type="arc" xlink:arcrole="http://xbrl.org/int/dim/arcrole/domain-member" xlink:from="loc_s2c_MC" xlink:to="loc_s2c_x97" order="98" />
    <link:loc xlink:type="locator" xlink:href="mem.xsd#s2c_x98" xlink:label="loc_s2c_x98" />
    <link:definitionArc xlink:type="arc" xlink:arcrole="http://xbrl.org/int/dim/arcrole/domain-member" xlink:from="loc_s2c_MC" xlink:to="loc_s2c_x98" order="99" />
    <link:loc xlink:type="locator" xlink:href="mem.xsd#s2c_x99" xlink:label="loc_s2c_x99" />
    <link:definitionArc xlink:type="arc" xlink:arcrole="http://xbrl.org/int/dim/arcrole/domain-member" xlink:from="loc_s2c_MC" xlink:to="loc_s2c_x99" order="100" />
    <link:loc xlink:type="locator" xlink:href="mem.xsd#s2c_x100" xlink:label="loc_s2c_x100" />
    <link:definitionArc xlink:type="arc" xlink:arcrole="http://xbrl.org/int/dim/arcrole/domain-member" xlink:from="loc_s2c_MC" xlink:to="loc_s2c_x100" order="101" />
    <link:loc xlink:type="locator" xlink:href="mem.xsd#s2c_x101" xlink:label="loc_s2c_x101" />
    <link:definitionArc xlink:type="arc" xlink:arcrole="http://xbrl.org/int/dim/arcrole/domain-member" xlink:from="loc_s2c_MC" xlink:to="loc_s2c_x101" order="102" />
    <link:loc xlink:type="locator" xlink:href="mem.xsd#s2c_x102" xlink:label="loc_s2c_x102" />
    <link:definitionArc xlink:type="arc" xlink:arcrole="http://xbrl.org/int/dim/arcrole/domain-member" xlink:from="loc_s2c_MC" xlink:to="loc_s2c_x102" order="103" />
    <link:loc xlink:type="locator" xlink:href="mem.xsd#s2c_x103" xlink:label="loc_s2c_x103" />
    <link:definitionArc xlink:type="arc" xlink:arcrole="http://xbrl.org/int/dim/arcrole/domain-member" xlink:from="loc_s2c_MC" xlink:to="loc_s2c_x103" order="104" />
    <link:loc xlink:type="locator" xlink:href="mem.xsd#s2c_x104" xlink:label="loc_s2c_x104" />
    <link:definitionArc xlink:type="arc" xlink:arcrole="http://xbrl.org/int/dim/arcrole/domain-member" xlink:from="loc_s2c_MC" xlink:to="loc_s2c_x104" order="105" />
    <link:loc xlink:type="locator" xlink:href="mem.xsd#s2c_x105" xlink:label="loc_s2c_x105" />
    <link:definitionArc xlink:type="arc" xlink:arcrole="http://xbrl.org/int/dim/arcrole/domain-member" xlink:from="loc_s2c_MC" xlink:to="loc_s2c_x105" order="106" />
    <link:loc xlink:type="locator" xlink:href="mem.xsd#s2c_x106" xlink:label="loc_s2c_x106" />
    <link:definitionArc xlink:type="arc" xlink:arcrole="http://xbrl.org/int/dim/arcrole/domain-member" xlink:from="loc_s2c_MC" xlink:to="loc_s2c_x106" order="107" />
    <link:loc xlink:type="locator" xlink:href="mem.xsd#s2c_x107" xlink:label="loc_s2c_x107" />
    <link:definitionArc xlink:type="arc" xlink:arcrole="http://xbrl.org/int/dim/arcrole/domain-member" xlink:from="loc_s2c_MC" xlink:to="loc_s2c_x107" order="108" />
    <link:loc xlink:type="locator" xlink:href="mem.xsd#s2c_x108" xlink:label="loc_s2c_x108" />
    <link:definitionArc xlink:type="arc" xlink:arcrole="http://xbrl.org/int/dim/arcrole/domain-member" xlink:from="loc_s2c_MC" xlink:to="loc_s2c_x108" order="109" />
    <link:loc xlink:type="locator" xlink:href="mem.xsd#s2c_x109" xlink:label="loc_s2c_x109" />
    <link:definitionArc xlink:type="arc" xlink:arcrole="http://xbrl.org/int/dim/arcrole/domain-member" xlink:from="loc_s2c_MC" xlink:to="loc_s2c_x109" order="110" />
    <link:loc xlink:type="locator" xlink:href="mem.xsd#s2c_x110" xlink:label="loc_s2c_x110" />
    <link:definitionArc xlink:type="arc" xlink:arcrole="http://xbrl.org/int/dim/arcrole/domain-member" xlink:from="loc_s2c_MC" xlink:to="loc_s2c_x110" order="111" />
    <link:loc xlink:type="locator" xlink:href="mem.xsd#s2c_x111" xlink:label="loc_s2c_x111" />
    <link:definitionArc xlink:type="arc" xlink:arcrole="http://xbrl.org/int/dim/arcrole/domain-member" xlink:from="loc_s2c_MC" xlink:to="loc_s2c_x111" order="112" />
    <link:loc xlink:type="locator" xlink:href="mem.xsd#s2c_x112" xlink:label="loc_s2c_x112" />
    <link:definitionArc xlink:type="arc" xlink:arcrole="http://xbrl.org/int/dim/arcrole/domain-member" xlink:from="loc_s2c_MC" xlink:to="loc_s2c_x112" order="113" />
    <link:loc xlink:type="locator" xlink:href="mem.xsd#s2c_x113" xlink:label="loc_s2c_x113" />
    <link:definitionArc xlink:type="arc" xlink:arcrole="http://xbrl.org/int/dim/arcrole/domain-member" xlink:from="loc_s2c_MC" xlink:to="loc_s2c_x113" order="114" />
    <link:loc xlink:type="locator" xlink:href="mem.xsd#s2c_x114" xlink:label="loc_s2c_x114" />
    <link:definitionArc xlink:type="arc" xlink:arcrole="http://xbrl.org/int/dim/arcrole/domain-member" xlink:from="loc_s2c_MC" xlink:to="loc_s2c_x114" order="115" />
    <link:loc xlink:type="locator" xlink:href="mem.xsd#s2c_x115" xlink:label="loc_s2c_x115" />
    <link:definitionArc xlink:type="arc" xlink:arcrole="http://xbrl.org/int/dim/arcrole/domain-member" xlink:from="loc_s2c_MC" xlink:to="loc_s2c_x115" order="116" />
    <link:loc xlink:type="locator" xlink:href="mem.xsd#s2c_x116" xlink:label="loc_s2c_x116" />
    <link:definitionArc xlink:type="arc" xlink:arcrole="http://xbrl.org/int/dim/arcrole/domain-member" xlink:from="loc_s2c_MC" xlink:to="loc_s2c_x116" order="117" />
    <link:loc xlink:type="locator" xlink:href="mem.xsd#s2c_x117" xlink:label="loc_s2c_x117" />
    <link:definitionArc xlink:type="arc" xlink:arcrole="http://xbrl.org/int/dim/arcrole/domain-member" xlink:from="loc_s2c_MC" xlink:to="loc_s2c_x117" order="118" />
    <link:loc xlink:type="locator" xlink:href="mem.xsd#s2c_x118" xlink:label="loc_s2c_x118" />
    <link:definitionArc xlink:type="arc" xlink:arcrole="http://xbrl.org/int/dim/arcrole/domain-member" xlink:from="loc_s2c_MC" xlink:to="loc_s2c_x118" order="119" />
    <link:loc xlink:type="locator" xlink:href="mem.xsd#s2c_x119" xlink:label="loc_s2c_x119" />
    <link:definitionArc xlink:type="arc" xlink:arcrole="http://xbrl.org/int/dim/arcrole/domain-member" xlink:from="loc_s2c_MC" xlink:to="loc_s2c_x119" order="120" />
    <link:loc xlink:type="locator" xlink:href="mem.xsd#s2c_x120" xlink:label="loc_s2c_x120" />
    <link:definitionArc xlink:type="arc" xlink:arcrole="http://xbrl.org/int/dim/arcrole/domain-member" xlink:from="loc_s2c_MC" xlink:to="loc_s2c_x120" order="121" />
    <link:loc xlink:type="locator" xlink:href="mem.xsd#s2c_x121" xlink:label="loc_s2c_x121" />
    <link:definitionArc xlink:type="arc" xlink:arcrole="http://xbrl.org/int/dim/arcrole/domain-member" xlink:from="loc_s2c_MC" xlink:to="loc_s2c_x121" order="122" />
    <link:loc xlink:type="locator" xlink:href="mem.xsd#s2c_x122" xlink:label="loc_s2c_x122" />
    <link:definitionArc xlink:type="arc" xlink:arcrole="http://xbrl.org/int/dim/arcrole/domain-member" xlink:from="loc_s2c_MC" xlink:to="loc_s2c_x122" order="123" />
    <link:loc xlink:type="locator" xlink:href="mem.xsd#s2c_x123" xlink:label="loc_s2c_x123" />
    <link:definitionArc xlink:type="arc" xlink:arcrole="http://xbrl.org/int/dim/arcrole/domain-member" xlink:from="loc_s2c_MC" xlink:to="loc_s2c_x123" order="124" />
    <link:loc xlink:type="locator" xlink:href="mem.xsd#s2c_x124" xlink:label="loc_s2c_x124" />
    <link:definitionArc xlink:type="arc" xlink:arcrole="http://xbrl.org/int/dim/arcrole/domain-member" xlink:from="loc_s2c_MC" xlink:to="loc_s2c_x124" order="125" />
    <link:loc xlink:type="locator" xlink:href="mem.xsd#s2c_x125" xlink:label="loc_s2c_x125" />
    <link:definitionArc xlink:type="arc" xlink:arcrole="http://xbrl.org/int/dim/arcrole/domain-member" xlink:from="loc_s2c_MC" xlink:to="loc_s2c_x125" order="126" />
    <link:loc xlink:type="locator" xlink:href="mem.xsd#s2c_x126" xlink:label="loc_s2c_x126" />
    <link:definitionArc xlink:type="arc" xlink:arcrole="http://xbrl.org/int/dim/arcrole/domain-member" xlink:from="loc_s2c_MC" xlink:to="loc_s2c_x126" order="127" />
    <link:loc xlink:type="locator" xlink:href="mem.xsd#s2c_x127" xlink:label="loc_s2c_x127" />
    <link:definitionArc xlink:type="arc" xlink:arcrole="http://xbrl.org/int/dim/arcrole/domain-member" xlink:from="loc_s2c_MC" xlink:to="loc_s2c_x127" order="128" />
    <link:loc xlink:type="locator" xlink:href="mem.xsd#s2c_x128" xlink:label="loc_s2c_x128" />
    <link:definitionArc xlink:type="arc" xlink:arcrole="http://xbrl.org/int/dim/arcrole/domain-member" xlink:from="loc_s2c_MC" xlink:to="loc_s2c_x128" order="129" />
    <link:loc xlink:type="locator" xlink:href="mem.xsd#s2c_x129" xlink:label="loc_s2c_x129" />
    <link:definitionArc xlink:type="arc" xlink:arcrole="http://xbrl.org/int/dim/arcrole/domain-member" xlink:from="loc_s2c_MC" xlink:to="loc_s2c_x129" order="130" />
    <link:loc xlink:type="locator" xlink:href="mem.xsd#s2c_x130" xlink:label="loc_s2c_x130" />
    <link:definitionArc xlink:type="arc" xlink:arcrole="http://xbrl.org/int/dim/arcrole/domain-member" xlink:from="loc_s2c_MC" xlink:to="loc_s2c_x130" order="131" />
    <link:loc xlink:type="locator" xlink:href="mem.xsd#s2c_x131" xlink:label="loc_s2c_x131" />
    <link:definitionArc xlink:type="arc" xlink:arcrole="http://xbrl.org/int/dim/arcrole/domain-member" xlink:from="loc_s2c_MC" xlink:to="loc_s2c_x131" order="132" />
    <link:loc xlink:type="locator" xlink:href="mem.xsd#s2c_x132" xlink:label="loc_s2c_x132" />
    <link:definitionArc xlink:type="arc" xlink:arcrole="http://xbrl.org/int/dim/arcrole/domain-member" xlink:from="loc_s2c_MC" xlink:to="loc_s2c_x132" order="133" />
    <link:loc xlink:type="locator" xlink:href="mem.xsd#s2c_x133" xlink:label="loc_s2c_x133" />
    <link:definitionArc xlink:type="arc" xlink:arcrole="http://xbrl.org/int/dim/arcrole/domain-member" xlink:from="loc_s2c_MC" xlink:to="loc_s2c_x133" order="134" />
    <link:loc xlink:type="locator" xlink:href="mem.xsd#s2c_x134" xlink:label="loc_s2c_x134" />
    <link:definitionArc xlink:type="arc" xlink:arcrole="http://xbrl.org/int/dim/arcrole/domain-member" xlink:from="loc_s2c_MC" xlink:to="loc_s2c_x134" order="135" />
    <link:loc xlink:type="locator" xlink:href="mem.xsd#s2c_x135" xlink:label="loc_s2c_x135" />
    <link:definitionArc xlink:type="arc" xlink:arcrole="http://xbrl.org/int/dim/arcrole/domain-member" xlink:from="loc_s2c_MC" xlink:to="loc_s2c_x135" order="136" />
    <link:loc xlink:type="locator" xlink:href="mem.xsd#s2c_x136" xlink:label="loc_s2c_x136" />
    <link:definitionArc xlink:type="arc" xlink:arcrole="http://xbrl.org/int/dim/arcrole/domain-member" xlink:from="loc_s2c_MC" xlink:to="loc_s2c_x136" order="137" />
    <link:loc xlink:type="locator" xlink:href="mem.xsd#s2c_x137" xlink:label="loc_s2c_x137" />
    <link:definitionArc xlink:type="arc" xlink:arcrole="http://xbrl.org/int/dim/arcrole/domain-member" xlink:from="loc_s2c_MC" xlink:to="loc_s2c_x137" order="138" />
    <link:loc xlink:type="locator" xlink:href="mem.xsd#s2c_x138" xlink:label="loc_s2c_x138" />
    <link:definitionArc xlink:type="arc" xlink:arcrole="http://xbrl.org/int/dim/arcrole/domain-member" xlink:from="loc_s2c_MC" xlink:to="loc_s2c_x138" order="139" />
    <link:loc xlink:type="locator" xlink:href="mem.xsd#s2c_x139" xlink:label="loc_s2c_x139" />
    <link:definitionArc xlink:type="arc" xlink:arcrole="http://xbrl.org/int/dim/arcrole/domain-member" xlink:from="loc_s2c_MC" xlink:to="loc_s2c_x139" order="140" />
    <link:loc xlink:type="locator" xlink:href="mem.xsd#s2c_x140" xlink:label="loc_s2c_x140" />
    <link:definitionArc xlink:type="arc" xlink:arcrole="http://xbrl.org/int/dim/arcrole/domain-member" xlink:from="loc_s2c_MC" xlink:to="loc_s2c_x140" order="141" />
    <link:loc xlink:type="locator" xlink:href="mem.xsd#s2c_x141" xlink:label="loc_s2c_x141" />
    <link:definitionArc xlink:type="arc" xlink:arcrole="http://xbrl.org/int/dim/arcrole/domain-member" xlink:from="loc_s2c_MC" xlink:to="loc_s2c_x141" order="142" />
    <link:loc xlink:type="locator" xlink:href="mem.xsd#s2c_x142" xlink:label="loc_s2c_x142" />
    <link:definitionArc xlink:type="arc" xlink:arcrole="http://xbrl.org/int/dim/arcrole/domain-member" xlink:from="loc_s2c_MC" xlink:to="loc_s2c_x142" order="143" />
    <link:loc xlink:type="locator" xlink:href="mem.xsd#s2c_x143" xlink:label="loc_s2c_x143" />
    <link:definitionArc xlink:type="arc" xlink:arcrole="http://xbrl.org/int/dim/arcrole/domain-member" xlink:from="loc_s2c_MC" xlink:to="loc_s2c_x143" order="144" />
    <link:loc xlink:type="locator" xlink:href="mem.xsd#s2c_x144" xlink:label="loc_s2c_x144" />
    <link:definitionArc xlink:type="arc" xlink:arcrole="http://xbrl.org/int/dim/arcrole/domain-member" xlink:from="loc_s2c_MC" xlink:to="loc_s2c_x144" order="145" />
    <link:loc xlink:type="locator" xlink:href="mem.xsd#s2c_x145" xlink:label="loc_s2c_x145" />
    <link:definitionArc xlink:type="arc" xlink:arcrole="http://xbrl.org/int/dim/arcrole/domain-member" xlink:from="loc_s2c_MC" xlink:to="loc_s2c_x145" order="146" />
    <link:loc xlink:type="locator" xlink:href="mem.xsd#s2c_x146" xlink:label="loc_s2c_x146" />
    <link:definitionArc xlink:type="arc" xlink:arcrole="http://xbrl.org/int/dim/arcrole/domain-member" xlink:from="loc_s2c_MC" xlink:to="loc_s2c_x146" order="147" />
    <link:loc xlink:type="locator" xlink:href="mem.xsd#s2c_x147" xlink:label="loc_s2c_x147" />
    <link:definitionArc xlink:type="arc" xlink:arcrole="http://xbrl.org/int/dim/arcrole/domain-member" xlink:from="loc_s2c_MC" xlink:to="loc_s2c_x147" order="148" />
    <link:loc xlink:type="locator" xlink:href="mem.xsd#s2c_x148" xlink:label="loc_s2c_x148" />
    <link:definitionArc xlink:type="arc" xlink:arcrole="http://xbrl.org/int/dim/arcrole/domain-member" xlink:from="loc_s2c_MC" xlink:to="loc_s2c_x148" order="149" />
    <link:loc xlink:type="locator" xlink:href="mem.xsd#s2c_x149" xlink:label="loc_s2c_x149" />
    <link:definitionArc xlink:type="arc" xlink:arcrole="http://xbrl.org/int/dim/arcrole/domain-member" xlink:from="loc_s2c_MC" xlink:to="loc_s2c_x149" order="150" />
    <link:loc xlink:type="locator" xlink:href="mem.xsd#s2c_x150" xlink:label="loc_s2c_x150" />
    <link:definitionArc xlink:type="arc" xlink:arcrole="http://xbrl.org/int/dim/arcrole/domain-member" xlink:from="loc_s2c_MC" xlink:to="loc_s2c_x150" order="151" />
    <link:loc xlink:type="locator" xlink:href="mem.xsd#s2c_x151" xlink:label="loc_s2c_x151" />
    <link:definitionArc xlink:type="arc" xlink:arcrole="http://xbrl.org/int/dim/arcrole/domain-member" xlink:from="loc_s2c_MC" xlink:to="loc_s2c_x151" order="152" />
    <link:loc xlink:type="locator" xlink:href="mem.xsd#s2c_x152" xlink:label="loc_s2c_x152" />
    <link:definitionArc xlink:type="arc" xlink:arcrole="http://xbrl.org/int/dim/arcrole/domain-member" xlink:from="loc_s2c_MC" xlink:to="loc_s2c_x152" order="153" />
    <link:loc xlink:type="locator" xlink:href="mem.xsd#s2c_x153" xlink:label="loc_s2c_x153" />
    <link:definitionArc xlink:type="arc" xlink:arcrole="http://xbrl.org/int/dim/arcrole/domain-member" xlink:from="loc_s2c_MC" xlink:to="loc_s2c_x153" order="154" />
    <link:loc xlink:type="locator" xlink:href="mem.xsd#s2c_x154" xlink:label="loc_s2c_x154" />
    <link:definitionArc xlink:type="arc" xlink:arcrole="http://xbrl.org/int/dim/arcrole/domain-member" xlink:from="loc_s2c_MC" xlink:to="loc_s2c_x154" order="155" />
    <link:loc xlink:type="locator" xlink:href="mem.xsd#s2c_x155" xlink:label="loc_s2c_x155" />
    <link:definitionArc xlink:type="arc" xlink:arcrole="http://xbrl.org/int/dim/arcrole/domain-member" xlink:from="loc_s2c_MC" xlink:to="loc_s2c_x155" order="156" />
    <link:loc xlink:type="locator" xlink:href="mem.xsd#s2c_x156" xlink:label="loc_s2c_x156" />
    <link:definitionArc xlink:type="arc" xlink:arcrole="http://xbrl.org/int/dim/arcrole/domain-member" xlink:from="loc_s2c_MC" xlink:to="loc_s2c_x156" order="157" />
    <link:loc xlink:type="locator" xlink:href="mem.xsd#s2c_x157" xlink:label="loc_s2c_x157" />
    <link:definitionArc xlink:type="arc" xlink:arcrole="http://xbrl.org/int/dim/arcrole/domain-member" xlink:from="loc_s2c_MC" xlink:to="loc_s2c_x157" order="158" />
    <link:loc xlink:type="locator" xlink:href="mem.xsd#s2c_x158" xlink:label="loc_s2c_x158" />
    <link:definitionArc xlink:type="arc" xlink:arcrole="http://xbrl.org/int/dim/arcrole/domain-member" xlink:from="loc_s2c_MC" xlink:to="loc_s2c_x158" order="159" />
    <link:loc xlink:type="locator" xlink:href="mem.xsd#s2c_x159" xlink:label="loc_s2c_x159" />
    <link:definitionArc xlink:type="arc" xlink:arcrole="http://xbrl.org/int/dim/arcrole/domain-member" xlink:from="loc_s2c_MC" xlink:to="loc_s2c_x159" order="160" />
    <link:loc xlink:type="locator" xlink:href="mem.xsd#s2c_x160" xlink:label="loc_s2c_x160" />
    <link:definitionArc xlink:type="arc" xlink:arcrole="http://xbrl.org/int/dim/arcrole/domain-member" xlink:from="loc_s2c_MC" xlink:to="loc_s2c_x160" order="161" />
    <link:loc xlink:type="locator" xlink:href="mem.xsd#s2c_x161" xlink:label="loc_s2c_x161" />
    <link:definitionArc xlink:type="arc" xlink:arcrole="http://xbrl.org/int/dim/arcrole/domain-member" xlink:from="loc_s2c_MC" xlink:to="loc_s2c_x161" order="162" />
    <link:loc xlink:type="locator" xlink:href="mem.xsd#s2c_x162" xlink:label="loc_s2c_x162" />
    <link:definitionArc xlink:type="arc" xlink:arcrole="http://xbrl.org/int/dim/arcrole/domain-member" xlink:from="loc_s2c_MC" xlink:to="loc_s2c_x162" order="163" />
    <link:loc xlink:type="locator" xlink:href="mem.xsd#s2c_x163" xlink:label="loc_s2c_x163" />
    <link:definitionArc xlink:type="arc" xlink:arcrole="http://xbrl.org/int/dim/arcrole/domain-member" xlink:from="loc_s2c_MC" xlink:to="loc_s2c_x163" order="164" />
    <link:loc xlink:type="locator" xlink:href="mem.xsd#s2c_x164" xlink:label="loc_s2c_x164" />
    <link:definitionArc xlink:type="arc" xlink:arcrole="http://xbrl.org/int/dim/arcrole/domain-member" xlink:from="loc_s2c_MC" xlink:to="loc_s2c_x164" order="165" />
    <link:loc xlink:type="locator" xlink:href="mem.xsd#s2c_x165" xlink:label="loc_s2c_x165" />
    <link:definitionArc xlink:type="arc" xlink:arcrole="http://xbrl.org/int/dim/arcrole/domain-member" xlink:from="loc_s2c_MC" xlink:to="loc_s2c_x165" order="166" />
    <link:loc xlink:type="locator" xlink:href="mem.xsd#s2c_x166" xlink:label="loc_s2c_x166" />
    <link:definitionArc xlink:type="arc" xlink:arcrole="http://xbrl.org/int/dim/arcrole/domain-member" xlink:from="loc_s2c_MC" xlink:to="loc_s2c_x166" order="167" />
    <link:loc xlink:type="locator" xlink:href="mem.xsd#s2c_x167" xlink:label="loc_s2c_x167" />
    <link:definitionArc xlink:type="arc" xlink:arcrole="http://xbrl.org/int/dim/arcrole/domain-member" xlink:from="loc_s2c_MC" xlink:to="loc_s2c_x167" order="168" />
    <link:loc xlink:type="locator" xlink:href="mem.xsd#s2c_x168" xlink:label="loc_s2c_x168" />
    <link:definitionArc xlink:type="arc" xlink:arcrole="http://xbrl.org/int/dim/arcrole/domain-member" xlink:from="loc_s2c_MC" xlink:to="loc_s2c_x168" order="169" />
    <link:loc xlink:type="locator" xlink:href="mem.xsd#s2c_x169" xlink:label="loc_s2c_x169" />
    <link:definitionArc xlink:type="arc" xlink:arcrole="http://xbrl.org/int/dim/arcrole/domain-member" xlink:from="loc_s2c_MC" xlink:to="loc_s2c_x169" order="170" />
    <link:loc xlink:type="locator" xlink:href="mem.xsd#s2c_x170" xlink:label="loc_s2c_x170" />
    <link:definitionArc xlink:type="arc" xlink:arcrole="http://xbrl.org/int/dim/arcrole/domain-member" xlink:from="loc_s2c_MC" xlink:to="loc_s2c_x170" order="171" />
    <link:loc xlink:type="locator" xlink:href="mem.xsd#s2c_x171" xlink:label="loc_s2c_x171" />
    <link:definitionArc xlink:type="arc" xlink:arcrole="http://xbrl.org/int/dim/arcrole/domain-member" xlink:from="loc_s2c_MC" xlink:to="loc_s2c_x171" order="172" />
    <link:loc xlink:type="locator" xlink:href="mem.xsd#s2c_x172" xlink:label="loc_s2c_x172" />
    <link:definitionArc xlink:type="arc" xlink:arcrole="http://xbrl.org/int/dim/arcrole/domain-member" xlink:from="loc_s2c_MC" xlink:to="loc_s2c_x172" order="173" />
    <link:loc xlink:type="locator" xlink:href="mem.xsd#s2c_x173" xlink:label="loc_s2c_x173" />
    <link:definitionArc xlink:type="arc" xlink:arcrole="http://xbrl.org/int/dim/arcrole/domain-member" xlink:from="loc_s2c_MC" xlink:to="loc_s2c_x173" order="174" />
    <link:loc xlink:type="locator" xlink:href="mem.xsd#s2c_x174" xlink:label="loc_s2c_x174" />
    <link:definitionArc xlink:type="arc" xlink:arcrole="http://xbrl.org/int/dim/arcrole/domain-member" xlink:from="loc_s2c_MC" xlink:to="loc_s2c_x174" order="175" />
    <link:loc xlink:type="locator" xlink:href="mem.xsd#s2c_x175" xlink:label="loc_s2c_x175" />
    <link:definitionArc xlink:type="arc" xlink:arcrole="http://xbrl.org/int/dim/arcrole/domain-member" xlink:from="loc_s2c_MC" xlink:to="loc_s2c_x175" order="176" />
    <link:loc xlink:type="locator" xlink:href="mem.xsd#s2c_x176" xlink:label="loc_s2c_x176" />
    <link:definitionArc xlink:type="arc" xlink:arcrole="http://xbrl.org/int/dim/arcrole/domain-member" xlink:from="loc_s2c_MC" xlink:to="loc_s2c_x176" order="177" />
    <link:loc xlink:type="locator" xlink:href="mem.xsd#s2c_x177" xlink:label="loc_s2c_x177" />
    <link:definitionArc xlink:type="arc" xlink:arcrole="http://xbrl.org/int/dim/arcrole/domain-member" xlink:from="loc_s2c_MC" xlink:to="loc_s2c_x177" order="178" />
    <link:loc xlink:type="locator" xlink:href="mem.xsd#s2c_x178" xlink:label="loc_s2c_x178" />
    <link:definitionArc xlink:type="arc" xlink:arcrole="http://xbrl.org/int/dim/arcrole/domain-member" xlink:from="loc_s2c_MC" xlink:to="loc_s2c_x178" order="179" />
    <link:loc xlink:type="locator" xlink:href="mem.xsd#s2c_x179" xlink:label="loc_s2c_x179" />
    <link:definitionArc xlink:type="arc" xlink:arcrole="http://xbrl.org/int/dim/arcrole/domain-member" xlink:from="loc_s2c_MC" xlink:to="loc_s2c_x179" order="180" />
    <link:loc xlink:type="locator" xlink:href="mem.xsd#s2c_x180" xlink:label="loc_s2c_x180" />
    <link:definitionArc xlink:type="arc" xlink:arcrole="http://xbrl.org/int/dim/arcrole/domain-member" xlink:from="loc_s2c_MC" xlink:to="loc_s2c_x180" order="181" />
    <link:loc xlink:type="locator" xlink:href="mem.xsd#s2c_x181" xlink:label="loc_s2c_x181" />
    <link:definitionArc xlink:type="arc" xlink:arcrole="http://xbrl.org/int/dim/arcrole/domain-member" xlink:from="loc_s2c_MC" xlink:to="loc_s2c_x181" order="182" />
    <link:loc xlink:type="locator" xlink:href="mem.xsd#s2c_x182" xlink:label="loc_s2c_x182" />
    <link:definitionArc xlink:type="arc" xlink:arcrole="http://xbrl.org/int/dim/arcrole/domain-member" xlink:from="loc_s2c_MC" xlink:to="loc_s2c_x182" order="183" />
    <link:loc xlink:type="locator" xlink:href="mem.xsd#s2c_x183" xlink:label="loc_s2c_x183" />
    <link:definitionArc xlink:type="arc" xlink:arcrole="http://xbrl.org/int/dim/arcrole/domain-member" xlink:from="loc_s2c_MC" xlink:to="loc_s2c_x183" order="184" />
    <link:loc xlink:type="locator" xlink:href="mem.xsd#s2c_x184" xlink:label="loc_s2c_x184" />
    <link:definitionArc xlink:type="arc" xlink:arcrole="http://xbrl.org/int/dim/arcrole/domain-member" xlink:from="loc_s2c_MC" xlink:to="loc_s2c_x184" order="185" />
    <link:loc xlink:type="locator" xlink:href="mem.xsd#s2c_x185" xlink:label="loc_s2c_x185" />
    <link:definitionArc xlink:type="arc" xlink:arcrole="http://xbrl.org/int/dim/arcrole/domain-member" xlink:from="loc_s2c_MC" xlink:to="loc_s2c_x185" order="186" />
    <link:loc xlink:type="locator" xlink:href="mem.xsd#s2c_x186" xlink:label="loc_s2c_x186" />
    <link:definitionArc xlink:type="arc" xlink:arcrole="http://xbrl.org/int/dim/arcrole/domain-member" xlink:from="loc_s2c_MC" xlink:to="loc_s2c_x186" order="187" />
    <link:loc xlink:type="locator" xlink:href="mem.xsd#s2c_x187" xlink:label="loc_s2c_x187" />
    <link:definitionArc xlink:type="arc" xlink:arcrole="http://xbrl.org/int/dim/arcrole/domain-member" xlink:from="loc_s2c_MC" xlink:to="loc_s2c_x187" order="188" />
    <link:loc xlink:type="locator" xlink:href="mem.xsd#s2c_x188" xlink:label="loc_s2c_x188" />
    <link:definitionArc xlink:type="arc" xlink:arcrole="http://xbrl.org/int/dim/arcrole/domain-member" xlink:from="loc_s2c_MC" xlink:to="loc_s2c_x188" order="189" />
    <link:loc xlink:type="locator" xlink:href="mem.xsd#s2c_x189" xlink:label="loc_s2c_x189" />
    <link:definitionArc xlink:type="arc" xlink:arcrole="http://xbrl.org/int/dim/arcrole/domain-member" xlink:from="loc_s2c_MC" xlink:to="loc_s2c_x189" order="190" />
    <link:loc xlink:type="locator" xlink:href="mem.xsd#s2c_x190" xlink:label="loc_s2c_x190" />
    <link:definitionArc xlink:type="arc" xlink:arcrole="http://xbrl.org/int/dim/arcrole/domain-member" xlink:from="loc_s2c_MC" xlink:to="loc_s2c_x190" order="191" />
    <link:loc xlink:type="locator" xlink:href="mem.xsd#s2c_x191" xlink:label="loc_s2c_x191" />
    <link:definitionArc xlink:type="arc" xlink:arcrole="http://xbrl.org/int/dim/arcrole/domain-member" xlink:from="loc_s2c_MC" xlink:to="loc_s2c_x191" order="192" />
    <link:loc xlink:type="locator" xlink:href="mem.xsd#s2c_x192" xlink:label="loc_s2c_x192" />
    <link:definitionArc xlink:type="arc" xlink:arcrole="http://xbrl.org/int/dim/arcrole/domain-member" xlink:from="loc_s2c_MC" xlink:to="loc_s2c_x192" order="193" />
    <link:loc xlink:type="locator" xlink:href="mem.xsd#s2c_x195" xlink:label="loc_s2c_x195" />
    <link:definitionArc xlink:type="arc" xlink:arcrole="http://xbrl.org/int/dim/arcrole/domain-member" xlink:from="loc_s2c_MC" xlink:to="loc_s2c_x195" order="194" />
    <link:loc xlink:type="locator" xlink:href="mem.xsd#s2c_x196" xlink:label="loc_s2c_x196" />
    <link:definitionArc xlink:type="arc" xlink:arcrole="http://xbrl.org/int/dim/arcrole/domain-member" xlink:from="loc_s2c_MC" xlink:to="loc_s2c_x196" order="195" />
    <link:loc xlink:type="locator" xlink:href="mem.xsd#s2c_x197" xlink:label="loc_s2c_x197" />
    <link:definitionArc xlink:type="arc" xlink:arcrole="http://xbrl.org/int/dim/arcrole/domain-member" xlink:from="loc_s2c_MC" xlink:to="loc_s2c_x197" order="196" />
    <link:loc xlink:type="locator" xlink:href="mem.xsd#s2c_x198" xlink:label="loc_s2c_x198" />
    <link:definitionArc xlink:type="arc" xlink:arcrole="http://xbrl.org/int/dim/arcrole/domain-member" xlink:from="loc_s2c_MC" xlink:to="loc_s2c_x198" order="197" />
    <link:loc xlink:type="locator" xlink:href="mem.xsd#s2c_x199" xlink:label="loc_s2c_x199" />
    <link:definitionArc xlink:type="arc" xlink:arcrole="http://xbrl.org/int/dim/arcrole/domain-member" xlink:from="loc_s2c_MC" xlink:to="loc_s2c_x199" order="198" />
    <link:loc xlink:type="locator" xlink:href="mem.xsd#s2c_x200" xlink:label="loc_s2c_x200" />
    <link:definitionArc xlink:type="arc" xlink:arcrole="http://xbrl.org/int/dim/arcrole/domain-member" xlink:from="loc_s2c_MC" xlink:to="loc_s2c_x200" order="199" />
    <link:loc xlink:type="locator" xlink:href="mem.xsd#s2c_x201" xlink:label="loc_s2c_x201" />
    <link:definitionArc xlink:type="arc" xlink:arcrole="http://xbrl.org/int/dim/arcrole/domain-member" xlink:from="loc_s2c_MC" xlink:to="loc_s2c_x201" order="200" />
    <link:loc xlink:type="locator" xlink:href="mem.xsd#s2c_x202" xlink:label="loc_s2c_x202" />
    <link:definitionArc xlink:type="arc" xlink:arcrole="http://xbrl.org/int/dim/arcrole/domain-member" xlink:from="loc_s2c_MC" xlink:to="loc_s2c_x202" order="201" />
    <link:loc xlink:type="locator" xlink:href="mem.xsd#s2c_x203" xlink:label="loc_s2c_x203" />
    <link:definitionArc xlink:type="arc" xlink:arcrole="http://xbrl.org/int/dim/arcrole/domain-member" xlink:from="loc_s2c_MC" xlink:to="loc_s2c_x203" order="202" />
    <link:loc xlink:type="locator" xlink:href="mem.xsd#s2c_x204" xlink:label="loc_s2c_x204" />
    <link:definitionArc xlink:type="arc" xlink:arcrole="http://xbrl.org/int/dim/arcrole/domain-member" xlink:from="loc_s2c_MC" xlink:to="loc_s2c_x204" order="203" />
    <link:loc xlink:type="locator" xlink:href="mem.xsd#s2c_x205" xlink:label="loc_s2c_x205" />
    <link:definitionArc xlink:type="arc" xlink:arcrole="http://xbrl.org/int/dim/arcrole/domain-member" xlink:from="loc_s2c_MC" xlink:to="loc_s2c_x205" order="204" />
    <link:loc xlink:type="locator" xlink:href="mem.xsd#s2c_x206" xlink:label="loc_s2c_x206" />
    <link:definitionArc xlink:type="arc" xlink:arcrole="http://xbrl.org/int/dim/arcrole/domain-member" xlink:from="loc_s2c_MC" xlink:to="loc_s2c_x206" order="205" />
    <link:loc xlink:type="locator" xlink:href="mem.xsd#s2c_x207" xlink:label="loc_s2c_x207" />
    <link:definitionArc xlink:type="arc" xlink:arcrole="http://xbrl.org/int/dim/arcrole/domain-member" xlink:from="loc_s2c_MC" xlink:to="loc_s2c_x207" order="206" />
    <link:loc xlink:type="locator" xlink:href="mem.xsd#s2c_x208" xlink:label="loc_s2c_x208" />
    <link:definitionArc xlink:type="arc" xlink:arcrole="http://xbrl.org/int/dim/arcrole/domain-member" xlink:from="loc_s2c_MC" xlink:to="loc_s2c_x208" order="207" />
    <link:loc xlink:type="locator" xlink:href="mem.xsd#s2c_x209" xlink:label="loc_s2c_x209" />
    <link:definitionArc xlink:type="arc" xlink:arcrole="http://xbrl.org/int/dim/arcrole/domain-member" xlink:from="loc_s2c_MC" xlink:to="loc_s2c_x209" order="208" />
    <link:loc xlink:type="locator" xlink:href="mem.xsd#s2c_x210" xlink:label="loc_s2c_x210" />
    <link:definitionArc xlink:type="arc" xlink:arcrole="http://xbrl.org/int/dim/arcrole/domain-member" xlink:from="loc_s2c_MC" xlink:to="loc_s2c_x210" order="209" />
    <link:loc xlink:type="locator" xlink:href="mem.xsd#s2c_x211" xlink:label="loc_s2c_x211" />
    <link:definitionArc xlink:type="arc" xlink:arcrole="http://xbrl.org/int/dim/arcrole/domain-member" xlink:from="loc_s2c_MC" xlink:to="loc_s2c_x211" order="210" />
    <link:loc xlink:type="locator" xlink:href="mem.xsd#s2c_x212" xlink:label="loc_s2c_x212" />
    <link:definitionArc xlink:type="arc" xlink:arcrole="http://xbrl.org/int/dim/arcrole/domain-member" xlink:from="loc_s2c_MC" xlink:to="loc_s2c_x212" order="211" />
    <link:loc xlink:type="locator" xlink:href="mem.xsd#s2c_x213" xlink:label="loc_s2c_x213" />
    <link:definitionArc xlink:type="arc" xlink:arcrole="http://xbrl.org/int/dim/arcrole/domain-member" xlink:from="loc_s2c_MC" xlink:to="loc_s2c_x213" order="212" />
    <link:loc xlink:type="locator" xlink:href="mem.xsd#s2c_x214" xlink:label="loc_s2c_x214" />
    <link:definitionArc xlink:type="arc" xlink:arcrole="http://xbrl.org/int/dim/arcrole/domain-member" xlink:from="loc_s2c_MC" xlink:to="loc_s2c_x214" order="213" />
    <link:loc xlink:type="locator" xlink:href="mem.xsd#s2c_x215" xlink:label="loc_s2c_x215" />
    <link:definitionArc xlink:type="arc" xlink:arcrole="http://xbrl.org/int/dim/arcrole/domain-member" xlink:from="loc_s2c_MC" xlink:to="loc_s2c_x215" order="214" />
    <link:loc xlink:type="locator" xlink:href="mem.xsd#s2c_x216" xlink:label="loc_s2c_x216" />
    <link:definitionArc xlink:type="arc" xlink:arcrole="http://xbrl.org/int/dim/arcrole/domain-member" xlink:from="loc_s2c_MC" xlink:to="loc_s2c_x216" order="215" />
    <link:loc xlink:type="locator" xlink:href="mem.xsd#s2c_x217" xlink:label="loc_s2c_x217" />
    <link:definitionArc xlink:type="arc" xlink:arcrole="http://xbrl.org/int/dim/arcrole/domain-member" xlink:from="loc_s2c_MC" xlink:to="loc_s2c_x217" order="216" />
    <link:loc xlink:type="locator" xlink:href="mem.xsd#s2c_x218" xlink:label="loc_s2c_x218" />
    <link:definitionArc xlink:type="arc" xlink:arcrole="http://xbrl.org/int/dim/arcrole/domain-member" xlink:from="loc_s2c_MC" xlink:to="loc_s2c_x218" order="217" />
    <link:loc xlink:type="locator" xlink:href="mem.xsd#s2c_x219" xlink:label="loc_s2c_x219" />
    <link:definitionArc xlink:type="arc" xlink:arcrole="http://xbrl.org/int/dim/arcrole/domain-member" xlink:from="loc_s2c_MC" xlink:to="loc_s2c_x219" order="218" />
    <link:loc xlink:type="locator" xlink:href="mem.xsd#s2c_x220" xlink:label="loc_s2c_x220" />
    <link:definitionArc xlink:type="arc" xlink:arcrole="http://xbrl.org/int/dim/arcrole/domain-member" xlink:from="loc_s2c_MC" xlink:to="loc_s2c_x220" order="219" />
    <link:loc xlink:type="locator" xlink:href="mem.xsd#s2c_x221" xlink:label="loc_s2c_x221" />
    <link:definitionArc xlink:type="arc" xlink:arcrole="http://xbrl.org/int/dim/arcrole/domain-member" xlink:from="loc_s2c_MC" xlink:to="loc_s2c_x221" order="220" />
    <link:loc xlink:type="locator" xlink:href="mem.xsd#s2c_x222" xlink:label="loc_s2c_x222" />
    <link:definitionArc xlink:type="arc" xlink:arcrole="http://xbrl.org/int/dim/arcrole/domain-member" xlink:from="loc_s2c_MC" xlink:to="loc_s2c_x222" order="221" />
    <link:loc xlink:type="locator" xlink:href="mem.xsd#s2c_x223" xlink:label="loc_s2c_x223" />
    <link:definitionArc xlink:type="arc" xlink:arcrole="http://xbrl.org/int/dim/arcrole/domain-member" xlink:from="loc_s2c_MC" xlink:to="loc_s2c_x223" order="222" />
    <link:loc xlink:type="locator" xlink:href="mem.xsd#s2c_x224" xlink:label="loc_s2c_x224" />
    <link:definitionArc xlink:type="arc" xlink:arcrole="http://xbrl.org/int/dim/arcrole/domain-member" xlink:from="loc_s2c_MC" xlink:to="loc_s2c_x224" order="223" />
    <link:loc xlink:type="locator" xlink:href="mem.xsd#s2c_x225" xlink:label="loc_s2c_x225" />
    <link:definitionArc xlink:type="arc" xlink:arcrole="http://xbrl.org/int/dim/arcrole/domain-member" xlink:from="loc_s2c_MC" xlink:to="loc_s2c_x225" order="224" />
    <link:loc xlink:type="locator" xlink:href="mem.xsd#s2c_x226" xlink:label="loc_s2c_x226" />
    <link:definitionArc xlink:type="arc" xlink:arcrole="http://xbrl.org/int/dim/arcrole/domain-member" xlink:from="loc_s2c_MC" xlink:to="loc_s2c_x226" order="225" />
    <link:loc xlink:type="locator" xlink:href="mem.xsd#s2c_x227" xlink:label="loc_s2c_x227" />
    <link:definitionArc xlink:type="arc" xlink:arcrole="http://xbrl.org/int/dim/arcrole/domain-member" xlink:from="loc_s2c_MC" xlink:to="loc_s2c_x227" order="226" />
    <link:loc xlink:type="locator" xlink:href="mem.xsd#s2c_x228" xlink:label="loc_s2c_x228" />
    <link:definitionArc xlink:type="arc" xlink:arcrole="http://xbrl.org/int/dim/arcrole/domain-member" xlink:from="loc_s2c_MC" xlink:to="loc_s2c_x228" order="227" />
    <link:loc xlink:type="locator" xlink:href="mem.xsd#s2c_x229" xlink:label="loc_s2c_x229" />
    <link:definitionArc xlink:type="arc" xlink:arcrole="http://xbrl.org/int/dim/arcrole/domain-member" xlink:from="loc_s2c_MC" xlink:to="loc_s2c_x229" order="228" />
    <link:loc xlink:type="locator" xlink:href="mem.xsd#s2c_x230" xlink:label="loc_s2c_x230" />
    <link:definitionArc xlink:type="arc" xlink:arcrole="http://xbrl.org/int/dim/arcrole/domain-member" xlink:from="loc_s2c_MC" xlink:to="loc_s2c_x230" order="229" />
    <link:loc xlink:type="locator" xlink:href="mem.xsd#s2c_x231" xlink:label="loc_s2c_x231" />
    <link:definitionArc xlink:type="arc" xlink:arcrole="http://xbrl.org/int/dim/arcrole/domain-member" xlink:from="loc_s2c_MC" xlink:to="loc_s2c_x231" order="230" />
    <link:loc xlink:type="locator" xlink:href="mem.xsd#s2c_x232" xlink:label="loc_s2c_x232" />
    <link:definitionArc xlink:type="arc" xlink:arcrole="http://xbrl.org/int/dim/arcrole/domain-member" xlink:from="loc_s2c_MC" xlink:to="loc_s2c_x232" order="231" />
    <link:loc xlink:type="locator" xlink:href="mem.xsd#s2c_x233" xlink:label="loc_s2c_x233" />
    <link:definitionArc xlink:type="arc" xlink:arcrole="http://xbrl.org/int/dim/arcrole/domain-member" xlink:from="loc_s2c_MC" xlink:to="loc_s2c_x233" order="232" />
    <link:loc xlink:type="locator" xlink:href="mem.xsd#s2c_x234" xlink:label="loc_s2c_x234" />
    <link:definitionArc xlink:type="arc" xlink:arcrole="http://xbrl.org/int/dim/arcrole/domain-member" xlink:from="loc_s2c_MC" xlink:to="loc_s2c_x234" order="233" />
    <link:loc xlink:type="locator" xlink:href="mem.xsd#s2c_x235" xlink:label="loc_s2c_x235" />
    <link:definitionArc xlink:type="arc" xlink:arcrole="http://xbrl.org/int/dim/arcrole/domain-member" xlink:from="loc_s2c_MC" xlink:to="loc_s2c_x235" order="234" />
    <link:loc xlink:type="locator" xlink:href="mem.xsd#s2c_x236" xlink:label="loc_s2c_x236" />
    <link:definitionArc xlink:type="arc" xlink:arcrole="http://xbrl.org/int/dim/arcrole/domain-member" xlink:from="loc_s2c_MC" xlink:to="loc_s2c_x236" order="235" />
    <link:loc xlink:type="locator" xlink:href="mem.xsd#s2c_x237" xlink:label="loc_s2c_x237" />
    <link:definitionArc xlink:type="arc" xlink:arcrole="http://xbrl.org/int/dim/arcrole/domain-member" xlink:from="loc_s2c_MC" xlink:to="loc_s2c_x237" order="236" />
    <link:loc xlink:type="locator" xlink:href="mem.xsd#s2c_x238" xlink:label="loc_s2c_x238" />
    <link:definitionArc xlink:type="arc" xlink:arcrole="http://xbrl.org/int/dim/arcrole/domain-member" xlink:from="loc_s2c_MC" xlink:to="loc_s2c_x238" order="237" />
    <link:loc xlink:type="locator" xlink:href="mem.xsd#s2c_x239" xlink:label="loc_s2c_x239" />
    <link:definitionArc xlink:type="arc" xlink:arcrole="http://xbrl.org/int/dim/arcrole/domain-member" xlink:from="loc_s2c_MC" xlink:to="loc_s2c_x239" order="238" />
    <link:loc xlink:type="locator" xlink:href="mem.xsd#s2c_x240" xlink:label="loc_s2c_x240" />
    <link:definitionArc xlink:type="arc" xlink:arcrole="http://xbrl.org/int/dim/arcrole/domain-member" xlink:from="loc_s2c_MC" xlink:to="loc_s2c_x240" order="239" />
    <link:loc xlink:type="locator" xlink:href="mem.xsd#s2c_x241" xlink:label="loc_s2c_x241" />
    <link:definitionArc xlink:type="arc" xlink:arcrole="http://xbrl.org/int/dim/arcrole/domain-member" xlink:from="loc_s2c_MC" xlink:to="loc_s2c_x241" order="240" />
    <link:loc xlink:type="locator" xlink:href="mem.xsd#s2c_x242" xlink:label="loc_s2c_x242" />
    <link:definitionArc xlink:type="arc" xlink:arcrole="http://xbrl.org/int/dim/arcrole/domain-member" xlink:from="loc_s2c_MC" xlink:to="loc_s2c_x242" order="241" />
    <link:loc xlink:type="locator" xlink:href="mem.xsd#s2c_x243" xlink:label="loc_s2c_x243" />
    <link:definitionArc xlink:type="arc" xlink:arcrole="http://xbrl.org/int/dim/arcrole/domain-member" xlink:from="loc_s2c_MC" xlink:to="loc_s2c_x243" order="242" />
    <link:loc xlink:type="locator" xlink:href="mem.xsd#s2c_x244" xlink:label="loc_s2c_x244" />
    <link:definitionArc xlink:type="arc" xlink:arcrole="http://xbrl.org/int/dim/arcrole/domain-member" xlink:from="loc_s2c_MC" xlink:to="loc_s2c_x244" order="243" />
    <link:loc xlink:type="locator" xlink:href="mem.xsd#s2c_x245" xlink:label="loc_s2c_x245" />
    <link:definitionArc xlink:type="arc" xlink:arcrole="http://xbrl.org/int/dim/arcrole/domain-member" xlink:from="loc_s2c_MC" xlink:to="loc_s2c_x245" order="244" />
    <link:loc xlink:type="locator" xlink:href="mem.xsd#s2c_x246" xlink:label="loc_s2c_x246" />
    <link:definitionArc xlink:type="arc" xlink:arcrole="http://xbrl.org/int/dim/arcrole/domain-member" xlink:from="loc_s2c_MC" xlink:to="loc_s2c_x246" order="245" />
    <link:loc xlink:type="locator" xlink:href="mem.xsd#s2c_x247" xlink:label="loc_s2c_x247" />
    <link:definitionArc xlink:type="arc" xlink:arcrole="http://xbrl.org/int/dim/arcrole/domain-member" xlink:from="loc_s2c_MC" xlink:to="loc_s2c_x247" order="246" />
    <link:loc xlink:type="locator" xlink:href="mem.xsd#s2c_x248" xlink:label="loc_s2c_x248" />
    <link:definitionArc xlink:type="arc" xlink:arcrole="http://xbrl.org/int/dim/arcrole/domain-member" xlink:from="loc_s2c_MC" xlink:to="loc_s2c_x248" order="247" />
    <link:loc xlink:type="locator" xlink:href="mem.xsd#s2c_x249" xlink:label="loc_s2c_x249" />
    <link:definitionArc xlink:type="arc" xlink:arcrole="http://xbrl.org/int/dim/arcrole/domain-member" xlink:from="loc_s2c_MC" xlink:to="loc_s2c_x249" order="248" />
    <link:loc xlink:type="locator" xlink:href="mem.xsd#s2c_x250" xlink:label="loc_s2c_x250" />
    <link:definitionArc xlink:type="arc" xlink:arcrole="http://xbrl.org/int/dim/arcrole/domain-member" xlink:from="loc_s2c_MC" xlink:to="loc_s2c_x250" order="249" />
    <link:loc xlink:type="locator" xlink:href="mem.xsd#s2c_x251" xlink:label="loc_s2c_x251" />
    <link:definitionArc xlink:type="arc" xlink:arcrole="http://xbrl.org/int/dim/arcrole/domain-member" xlink:from="loc_s2c_MC" xlink:to="loc_s2c_x251" order="250" />
    <link:loc xlink:type="locator" xlink:href="mem.xsd#s2c_x252" xlink:label="loc_s2c_x252" />
    <link:definitionArc xlink:type="arc" xlink:arcrole="http://xbrl.org/int/dim/arcrole/domain-member" xlink:from="loc_s2c_MC" xlink:to="loc_s2c_x252" order="251" />
    <link:loc xlink:type="locator" xlink:href="mem.xsd#s2c_x253" xlink:label="loc_s2c_x253" />
    <link:definitionArc xlink:type="arc" xlink:arcrole="http://xbrl.org/int/dim/arcrole/domain-member" xlink:from="loc_s2c_MC" xlink:to="loc_s2c_x253" order="252" />
    <link:loc xlink:type="locator" xlink:href="mem.xsd#s2c_x254" xlink:label="loc_s2c_x254" />
    <link:definitionArc xlink:type="arc" xlink:arcrole="http://xbrl.org/int/dim/arcrole/domain-member" xlink:from="loc_s2c_MC" xlink:to="loc_s2c_x254" order="253" />
    <link:loc xlink:type="locator" xlink:href="mem.xsd#s2c_x255" xlink:label="loc_s2c_x255" />
    <link:definitionArc xlink:type="arc" xlink:arcrole="http://xbrl.org/int/dim/arcrole/domain-member" xlink:from="loc_s2c_MC" xlink:to="loc_s2c_x255" order="254" />
    <link:loc xlink:type="locator" xlink:href="mem.xsd#s2c_x256" xlink:label="loc_s2c_x256" />
    <link:definitionArc xlink:type="arc" xlink:arcrole="http://xbrl.org/int/dim/arcrole/domain-member" xlink:from="loc_s2c_MC" xlink:to="loc_s2c_x256" order="255" />
    <link:loc xlink:type="locator" xlink:href="mem.xsd#s2c_x257" xlink:label="loc_s2c_x257" />
    <link:definitionArc xlink:type="arc" xlink:arcrole="http://xbrl.org/int/dim/arcrole/domain-member" xlink:from="loc_s2c_MC" xlink:to="loc_s2c_x257" order="256" />
    <link:loc xlink:type="locator" xlink:href="mem.xsd#s2c_x258" xlink:label="loc_s2c_x258" />
    <link:definitionArc xlink:type="arc" xlink:arcrole="http://xbrl.org/int/dim/arcrole/domain-member" xlink:from="loc_s2c_MC" xlink:to="loc_s2c_x258" order="257" />
    <link:loc xlink:type="locator" xlink:href="mem.xsd#s2c_x259" xlink:label="loc_s2c_x259" />
    <link:definitionArc xlink:type="arc" xlink:arcrole="http://xbrl.org/int/dim/arcrole/domain-member" xlink:from="loc_s2c_MC" xlink:to="loc_s2c_x259" order="258" />
    <link:loc xlink:type="locator" xlink:href="mem.xsd#s2c_x260" xlink:label="loc_s2c_x260" />
    <link:definitionArc xlink:type="arc" xlink:arcrole="http://xbrl.org/int/dim/arcrole/domain-member" xlink:from="loc_s2c_MC" xlink:to="loc_s2c_x260" order="259" />
    <link:loc xlink:type="locator" xlink:href="mem.xsd#s2c_x261" xlink:label="loc_s2c_x261" />
    <link:definitionArc xlink:type="arc" xlink:arcrole="http://xbrl.org/int/dim/arcrole/domain-member" xlink:from="loc_s2c_MC" xlink:to="loc_s2c_x261" order="260" />
    <link:loc xlink:type="locator" xlink:href="mem.xsd#s2c_x262" xlink:label="loc_s2c_x262" />
    <link:definitionArc xlink:type="arc" xlink:arcrole="http://xbrl.org/int/dim/arcrole/domain-member" xlink:from="loc_s2c_MC" xlink:to="loc_s2c_x262" order="261" />
  </link:definitionLink>
</link:linkbase>