<?xml version="1.0" encoding="UTF-8"?>
<!--(C) EIOPA - XBRL Solvency 2 Taxonomy-->
<?officialURI http://eiopa.europa.eu/eu/xbrl/s2c/dict/dom/am/hier-cal.xml?>
<?taxonomy-version 2.1.0?>
<?taxonomy-date 2016-07-15?>
<link:linkbase xmlns:xsi="http://www.w3.org/2001/XMLSchema-instance" xmlns:xlink="http://www.w3.org/1999/xlink" xmlns:link="http://www.xbrl.org/2003/linkbase" xsi:schemaLocation="http://www.xbrl.org/2003/linkbase http://www.xbrl.org/2003/xbrl-linkbase-2003-12-31.xsd">
  <link:arcroleRef arcroleURI="http://www.eurofiling.info/xbrl/arcrole/complete-breakdown" xlink:type="simple" xlink:href="http://www.eurofiling.info/eu/fr/xbrl/ext/model.xsd#complete-breakdown" />
  <link:roleRef roleURI="http://eiopa.europa.eu/xbrl/s2c/role/dict/dom/AM/1" xlink:type="simple" xlink:href="hier.xsd#s2c_1" />
  <link:roleRef roleURI="http://eiopa.europa.eu/xbrl/s2c/role/dict/dom/AM/10" xlink:type="simple" xlink:href="hier.xsd#s2c_10" />
  <link:roleRef roleURI="http://eiopa.europa.eu/xbrl/s2c/role/dict/dom/AM/11" xlink:type="simple" xlink:href="hier.xsd#s2c_11" />
  <link:roleRef roleURI="http://eiopa.europa.eu/xbrl/s2c/role/dict/dom/AM/12" xlink:type="simple" xlink:href="hier.xsd#s2c_12" />
  <link:roleRef roleURI="http://eiopa.europa.eu/xbrl/s2c/role/dict/dom/AM/13" xlink:type="simple" xlink:href="hier.xsd#s2c_13" />
  <link:roleRef roleURI="http://eiopa.europa.eu/xbrl/s2c/role/dict/dom/AM/14" xlink:type="simple" xlink:href="hier.xsd#s2c_14" />
  <link:roleRef roleURI="http://eiopa.europa.eu/xbrl/s2c/role/dict/dom/AM/2" xlink:type="simple" xlink:href="hier.xsd#s2c_2" />
  <link:roleRef roleURI="http://eiopa.europa.eu/xbrl/s2c/role/dict/dom/AM/3" xlink:type="simple" xlink:href="hier.xsd#s2c_3" />
  <link:roleRef roleURI="http://eiopa.europa.eu/xbrl/s2c/role/dict/dom/AM/4" xlink:type="simple" xlink:href="hier.xsd#s2c_4" />
  <link:roleRef roleURI="http://eiopa.europa.eu/xbrl/s2c/role/dict/dom/AM/5" xlink:type="simple" xlink:href="hier.xsd#s2c_5" />
  <link:roleRef roleURI="http://eiopa.europa.eu/xbrl/s2c/role/dict/dom/AM/6" xlink:type="simple" xlink:href="hier.xsd#s2c_6" />
  <link:roleRef roleURI="http://eiopa.europa.eu/xbrl/s2c/role/dict/dom/AM/7" xlink:type="simple" xlink:href="hier.xsd#s2c_7" />
  <link:roleRef roleURI="http://eiopa.europa.eu/xbrl/s2c/role/dict/dom/AM/8" xlink:type="simple" xlink:href="hier.xsd#s2c_8" />
  <link:roleRef roleURI="http://eiopa.europa.eu/xbrl/s2c/role/dict/dom/AM/9" xlink:type="simple" xlink:href="hier.xsd#s2c_9" />
  <link:calculationLink xlink:type="extended" xlink:role="http://eiopa.europa.eu/xbrl/s2c/role/dict/dom/AM/1">
    <link:loc xlink:type="locator" xlink:href="mem.xsd#s2c_x80" xlink:label="loc_s2c_x80" />
    <link:loc xlink:type="locator" xlink:href="mem.xsd#s2c_x5" xlink:label="loc_s2c_x5" />
    <link:calculationArc xlink:type="arc" xlink:arcrole="http://www.eurofiling.info/xbrl/arcrole/complete-breakdown" xlink:from="loc_s2c_x80" xlink:to="loc_s2c_x5" weight="1" order="1" />
    <link:loc xlink:type="locator" xlink:href="mem.xsd#s2c_x81" xlink:label="loc_s2c_x81" />
    <link:calculationArc xlink:type="arc" xlink:arcrole="http://www.eurofiling.info/xbrl/arcrole/complete-breakdown" xlink:from="loc_s2c_x80" xlink:to="loc_s2c_x81" weight="1" order="2" />
  </link:calculationLink>
  <link:calculationLink xlink:type="extended" xlink:role="http://eiopa.europa.eu/xbrl/s2c/role/dict/dom/AM/2" />
  <link:calculationLink xlink:type="extended" xlink:role="http://eiopa.europa.eu/xbrl/s2c/role/dict/dom/AM/3" />
  <link:calculationLink xlink:type="extended" xlink:role="http://eiopa.europa.eu/xbrl/s2c/role/dict/dom/AM/4" />
  <link:calculationLink xlink:type="extended" xlink:role="http://eiopa.europa.eu/xbrl/s2c/role/dict/dom/AM/5" />
  <link:calculationLink xlink:type="extended" xlink:role="http://eiopa.europa.eu/xbrl/s2c/role/dict/dom/AM/6" />
  <link:calculationLink xlink:type="extended" xlink:role="http://eiopa.europa.eu/xbrl/s2c/role/dict/dom/AM/7" />
  <link:calculationLink xlink:type="extended" xlink:role="http://eiopa.europa.eu/xbrl/s2c/role/dict/dom/AM/8" />
  <link:calculationLink xlink:type="extended" xlink:role="http://eiopa.europa.eu/xbrl/s2c/role/dict/dom/AM/9" />
  <link:calculationLink xlink:type="extended" xlink:role="http://eiopa.europa.eu/xbrl/s2c/role/dict/dom/AM/10" />
  <link:calculationLink xlink:type="extended" xlink:role="http://eiopa.europa.eu/xbrl/s2c/role/dict/dom/AM/11" />
  <link:calculationLink xlink:type="extended" xlink:role="http://eiopa.europa.eu/xbrl/s2c/role/dict/dom/AM/12" />
  <link:calculationLink xlink:type="extended" xlink:role="http://eiopa.europa.eu/xbrl/s2c/role/dict/dom/AM/13" />
  <link:calculationLink xlink:type="extended" xlink:role="http://eiopa.europa.eu/xbrl/s2c/role/dict/dom/AM/14" />
</link:linkbase>