<?xml version="1.0" encoding="UTF-8"?>
<!--(C) EIOPA - XBRL Solvency 2 Taxonomy-->
<?officialURI http://eiopa.europa.eu/eu/xbrl/s2c/dict/dom/am/hier-lab-en.xml?>
<?taxonomy-version 2.1.0?>
<?taxonomy-date 2016-07-15?>
<link:linkbase xmlns:xsi="http://www.w3.org/2001/XMLSchema-instance" xmlns:xlink="http://www.w3.org/1999/xlink" xmlns:link="http://www.xbrl.org/2003/linkbase" xmlns:gen="http://xbrl.org/2008/generic" xmlns:label="http://xbrl.org/2008/label" xsi:schemaLocation="http://www.xbrl.org/2003/linkbase http://www.xbrl.org/2003/xbrl-linkbase-2003-12-31.xsd http://xbrl.org/2008/generic http://www.xbrl.org/2008/generic-link.xsd http://xbrl.org/2008/label http://www.xbrl.org/2008/generic-label.xsd">
  <link:arcroleRef arcroleURI="http://xbrl.org/arcrole/2008/element-label" xlink:type="simple" xlink:href="http://www.xbrl.org/2008/generic-label.xsd#element-label" />
  <link:roleRef roleURI="http://www.xbrl.org/2008/role/label" xlink:type="simple" xlink:href="http://www.xbrl.org/2008/generic-label.xsd#standard-label" />
  <link:roleRef roleURI="http://www.xbrl.org/2008/role/verboseLabel" xlink:type="simple" xlink:href="http://www.xbrl.org/2008/generic-label.xsd#verbose-label" />
  <gen:link xlink:type="extended" xlink:role="http://www.xbrl.org/2003/role/link">
    <link:loc xlink:type="locator" xlink:href="hier.xsd#s2c_1" xlink:label="loc_s2c_AM_1." />
    <label:label xlink:type="resource" xlink:label="label_s2c_AM_1." xml:lang="en" xlink:role="http://www.xbrl.org/2008/role/label">Valuation general</label:label>
    <gen:arc xlink:type="arc" xlink:arcrole="http://xbrl.org/arcrole/2008/element-label" xlink:from="loc_s2c_AM_1." xlink:to="label_s2c_AM_1." />
    <label:label xlink:type="resource" xlink:label="label_s2c_AM_1._1" xml:lang="en" xlink:role="http://www.xbrl.org/2008/role/verboseLabel">VG</label:label>
    <gen:arc xlink:type="arc" xlink:arcrole="http://xbrl.org/arcrole/2008/element-label" xlink:from="loc_s2c_AM_1." xlink:to="label_s2c_AM_1._1" />
    <link:loc xlink:type="locator" xlink:href="hier.xsd#s2c_2" xlink:label="loc_s2c_AM_2." />
    <label:label xlink:type="resource" xlink:label="label_s2c_AM_2." xml:lang="en" xlink:role="http://www.xbrl.org/2008/role/label">Types of amount</label:label>
    <gen:arc xlink:type="arc" xlink:arcrole="http://xbrl.org/arcrole/2008/element-label" xlink:from="loc_s2c_AM_2." xlink:to="label_s2c_AM_2." />
    <label:label xlink:type="resource" xlink:label="label_s2c_AM_2._1" xml:lang="en" xlink:role="http://www.xbrl.org/2008/role/verboseLabel">TA</label:label>
    <gen:arc xlink:type="arc" xlink:arcrole="http://xbrl.org/arcrole/2008/element-label" xlink:from="loc_s2c_AM_2." xlink:to="label_s2c_AM_2._1" />
    <link:loc xlink:type="locator" xlink:href="hier.xsd#s2c_3" xlink:label="loc_s2c_AM_3." />
    <label:label xlink:type="resource" xlink:label="label_s2c_AM_3." xml:lang="en" xlink:role="http://www.xbrl.org/2008/role/label">Discounted or undiscounted</label:label>
    <gen:arc xlink:type="arc" xlink:arcrole="http://xbrl.org/arcrole/2008/element-label" xlink:from="loc_s2c_AM_3." xlink:to="label_s2c_AM_3." />
    <label:label xlink:type="resource" xlink:label="label_s2c_AM_3._1" xml:lang="en" xlink:role="http://www.xbrl.org/2008/role/verboseLabel">DD</label:label>
    <gen:arc xlink:type="arc" xlink:arcrole="http://xbrl.org/arcrole/2008/element-label" xlink:from="loc_s2c_AM_3." xlink:to="label_s2c_AM_3._1" />
    <link:loc xlink:type="locator" xlink:href="hier.xsd#s2c_4" xlink:label="loc_s2c_AM_4." />
    <label:label xlink:type="resource" xlink:label="label_s2c_AM_4." xml:lang="en" xlink:role="http://www.xbrl.org/2008/role/label">Valuation of provisions</label:label>
    <gen:arc xlink:type="arc" xlink:arcrole="http://xbrl.org/arcrole/2008/element-label" xlink:from="loc_s2c_AM_4." xlink:to="label_s2c_AM_4." />
    <label:label xlink:type="resource" xlink:label="label_s2c_AM_4._1" xml:lang="en" xlink:role="http://www.xbrl.org/2008/role/verboseLabel">VP</label:label>
    <gen:arc xlink:type="arc" xlink:arcrole="http://xbrl.org/arcrole/2008/element-label" xlink:from="loc_s2c_AM_4." xlink:to="label_s2c_AM_4._1" />
    <link:loc xlink:type="locator" xlink:href="hier.xsd#s2c_5" xlink:label="loc_s2c_AM_5." />
    <label:label xlink:type="resource" xlink:label="label_s2c_AM_5." xml:lang="en" xlink:role="http://www.xbrl.org/2008/role/label">Prospective or retrospective</label:label>
    <gen:arc xlink:type="arc" xlink:arcrole="http://xbrl.org/arcrole/2008/element-label" xlink:from="loc_s2c_AM_5." xlink:to="label_s2c_AM_5." />
    <label:label xlink:type="resource" xlink:label="label_s2c_AM_5._1" xml:lang="en" xlink:role="http://www.xbrl.org/2008/role/verboseLabel">AD</label:label>
    <gen:arc xlink:type="arc" xlink:arcrole="http://xbrl.org/arcrole/2008/element-label" xlink:from="loc_s2c_AM_5." xlink:to="label_s2c_AM_5._1" />
    <link:loc xlink:type="locator" xlink:href="hier.xsd#s2c_6" xlink:label="loc_s2c_AM_6." />
    <label:label xlink:type="resource" xlink:label="label_s2c_AM_6." xml:lang="en" xlink:role="http://www.xbrl.org/2008/role/label">Type of capital requirement</label:label>
    <gen:arc xlink:type="arc" xlink:arcrole="http://xbrl.org/arcrole/2008/element-label" xlink:from="loc_s2c_AM_6." xlink:to="label_s2c_AM_6." />
    <label:label xlink:type="resource" xlink:label="label_s2c_AM_6._1" xml:lang="en" xlink:role="http://www.xbrl.org/2008/role/verboseLabel">N/A</label:label>
    <gen:arc xlink:type="arc" xlink:arcrole="http://xbrl.org/arcrole/2008/element-label" xlink:from="loc_s2c_AM_6." xlink:to="label_s2c_AM_6._1" />
    <link:loc xlink:type="locator" xlink:href="hier.xsd#s2c_7" xlink:label="loc_s2c_AM_7." />
    <label:label xlink:type="resource" xlink:label="label_s2c_AM_7." xml:lang="en" xlink:role="http://www.xbrl.org/2008/role/label">XL premiums</label:label>
    <gen:arc xlink:type="arc" xlink:arcrole="http://xbrl.org/arcrole/2008/element-label" xlink:from="loc_s2c_AM_7." xlink:to="label_s2c_AM_7." />
    <label:label xlink:type="resource" xlink:label="label_s2c_AM_7._1" xml:lang="en" xlink:role="http://www.xbrl.org/2008/role/verboseLabel">N/A</label:label>
    <gen:arc xlink:type="arc" xlink:arcrole="http://xbrl.org/arcrole/2008/element-label" xlink:from="loc_s2c_AM_7." xlink:to="label_s2c_AM_7._1" />
    <link:loc xlink:type="locator" xlink:href="hier.xsd#s2c_8" xlink:label="loc_s2c_AM_8." />
    <label:label xlink:type="resource" xlink:label="label_s2c_AM_8." xml:lang="en" xlink:role="http://www.xbrl.org/2008/role/label">Applicable standard</label:label>
    <gen:arc xlink:type="arc" xlink:arcrole="http://xbrl.org/arcrole/2008/element-label" xlink:from="loc_s2c_AM_8." xlink:to="label_s2c_AM_8." />
    <label:label xlink:type="resource" xlink:label="label_s2c_AM_8._1" xml:lang="en" xlink:role="http://www.xbrl.org/2008/role/verboseLabel">AX</label:label>
    <gen:arc xlink:type="arc" xlink:arcrole="http://xbrl.org/arcrole/2008/element-label" xlink:from="loc_s2c_AM_8." xlink:to="label_s2c_AM_8._1" />
    <link:loc xlink:type="locator" xlink:href="hier.xsd#s2c_9" xlink:label="loc_s2c_AM_9." />
    <label:label xlink:type="resource" xlink:label="label_s2c_AM_9." xml:lang="en" xlink:role="http://www.xbrl.org/2008/role/label">Valuation general</label:label>
    <gen:arc xlink:type="arc" xlink:arcrole="http://xbrl.org/arcrole/2008/element-label" xlink:from="loc_s2c_AM_9." xlink:to="label_s2c_AM_9." />
    <label:label xlink:type="resource" xlink:label="label_s2c_AM_9._1" xml:lang="en" xlink:role="http://www.xbrl.org/2008/role/verboseLabel">VG</label:label>
    <gen:arc xlink:type="arc" xlink:arcrole="http://xbrl.org/arcrole/2008/element-label" xlink:from="loc_s2c_AM_9." xlink:to="label_s2c_AM_9._1" />
    <link:loc xlink:type="locator" xlink:href="hier.xsd#s2c_10" xlink:label="loc_s2c_AM_10." />
    <label:label xlink:type="resource" xlink:label="label_s2c_AM_10." xml:lang="en" xlink:role="http://www.xbrl.org/2008/role/label">Accounting standards (Individual)</label:label>
    <gen:arc xlink:type="arc" xlink:arcrole="http://xbrl.org/arcrole/2008/element-label" xlink:from="loc_s2c_AM_10." xlink:to="label_s2c_AM_10." />
    <label:label xlink:type="resource" xlink:label="label_s2c_AM_10._1" xml:lang="en" xlink:role="http://www.xbrl.org/2008/role/verboseLabel">AX</label:label>
    <gen:arc xlink:type="arc" xlink:arcrole="http://xbrl.org/arcrole/2008/element-label" xlink:from="loc_s2c_AM_10." xlink:to="label_s2c_AM_10._1" />
    <link:loc xlink:type="locator" xlink:href="hier.xsd#s2c_11" xlink:label="loc_s2c_AM_11." />
    <label:label xlink:type="resource" xlink:label="label_s2c_AM_11." xml:lang="en" xlink:role="http://www.xbrl.org/2008/role/label">Accounting standards</label:label>
    <gen:arc xlink:type="arc" xlink:arcrole="http://xbrl.org/arcrole/2008/element-label" xlink:from="loc_s2c_AM_11." xlink:to="label_s2c_AM_11." />
    <label:label xlink:type="resource" xlink:label="label_s2c_AM_11._1" xml:lang="en" xlink:role="http://www.xbrl.org/2008/role/verboseLabel">AX</label:label>
    <gen:arc xlink:type="arc" xlink:arcrole="http://xbrl.org/arcrole/2008/element-label" xlink:from="loc_s2c_AM_11." xlink:to="label_s2c_AM_11._1" />
    <link:loc xlink:type="locator" xlink:href="hier.xsd#s2c_12" xlink:label="loc_s2c_AM_12." />
    <label:label xlink:type="resource" xlink:label="label_s2c_AM_12." xml:lang="en" xlink:role="http://www.xbrl.org/2008/role/label">Projection of future cash flow</label:label>
    <gen:arc xlink:type="arc" xlink:arcrole="http://xbrl.org/arcrole/2008/element-label" xlink:from="loc_s2c_AM_12." xlink:to="label_s2c_AM_12." />
    <label:label xlink:type="resource" xlink:label="label_s2c_AM_12._1" xml:lang="en" xlink:role="http://www.xbrl.org/2008/role/verboseLabel">VP</label:label>
    <gen:arc xlink:type="arc" xlink:arcrole="http://xbrl.org/arcrole/2008/element-label" xlink:from="loc_s2c_AM_12." xlink:to="label_s2c_AM_12._1" />
    <link:loc xlink:type="locator" xlink:href="hier.xsd#s2c_13" xlink:label="loc_s2c_AM_13." />
    <label:label xlink:type="resource" xlink:label="label_s2c_AM_13." xml:lang="en" xlink:role="http://www.xbrl.org/2008/role/label">Projection of future cash flow</label:label>
    <gen:arc xlink:type="arc" xlink:arcrole="http://xbrl.org/arcrole/2008/element-label" xlink:from="loc_s2c_AM_13." xlink:to="label_s2c_AM_13." />
    <label:label xlink:type="resource" xlink:label="label_s2c_AM_13._1" xml:lang="en" xlink:role="http://www.xbrl.org/2008/role/verboseLabel">VP</label:label>
    <gen:arc xlink:type="arc" xlink:arcrole="http://xbrl.org/arcrole/2008/element-label" xlink:from="loc_s2c_AM_13." xlink:to="label_s2c_AM_13._1" />
    <link:loc xlink:type="locator" xlink:href="hier.xsd#s2c_14" xlink:label="loc_s2c_AM_14." />
    <label:label xlink:type="resource" xlink:label="label_s2c_AM_14." xml:lang="en" xlink:role="http://www.xbrl.org/2008/role/label">Applicable standard</label:label>
    <gen:arc xlink:type="arc" xlink:arcrole="http://xbrl.org/arcrole/2008/element-label" xlink:from="loc_s2c_AM_14." xlink:to="label_s2c_AM_14." />
    <label:label xlink:type="resource" xlink:label="label_s2c_AM_14._1" xml:lang="en" xlink:role="http://www.xbrl.org/2008/role/verboseLabel">AX</label:label>
    <gen:arc xlink:type="arc" xlink:arcrole="http://xbrl.org/arcrole/2008/element-label" xlink:from="loc_s2c_AM_14." xlink:to="label_s2c_AM_14._1" />
  </gen:link>
</link:linkbase>