<?xml version="1.0" encoding="UTF-8"?>
<!--(C) EIOPA - XBRL Solvency 2 Taxonomy-->
<?officialURI http://eiopa.europa.eu/eu/xbrl/s2c/dict/dom/br/mem-lab-en.xml?>
<?taxonomy-version 2.1.0?>
<?taxonomy-date 2016-07-15?>
<link:linkbase xmlns:xsi="http://www.w3.org/2001/XMLSchema-instance" xmlns:xlink="http://www.w3.org/1999/xlink" xmlns:link="http://www.xbrl.org/2003/linkbase" xsi:schemaLocation="http://www.xbrl.org/2003/linkbase http://www.xbrl.org/2003/xbrl-linkbase-2003-12-31.xsd">
  <link:labelLink xlink:type="extended" xlink:role="http://www.xbrl.org/2003/role/link">
    <link:loc xlink:type="locator" xlink:href="mem.xsd#s2c_x0" xlink:label="loc_s2c_x0" />
    <link:label xlink:type="resource" xlink:label="label_s2c_x0" xml:lang="en" xlink:role="http://www.xbrl.org/2003/role/label">Total/NA</link:label>
    <link:labelArc xlink:type="arc" xlink:arcrole="http://www.xbrl.org/2003/arcrole/concept-label" xlink:from="loc_s2c_x0" xlink:to="label_s2c_x0" />
    <link:loc xlink:type="locator" xlink:href="mem.xsd#s2c_x1" xlink:label="loc_s2c_x1" />
    <link:label xlink:type="resource" xlink:label="label_s2c_x1" xml:lang="en" xlink:role="http://www.xbrl.org/2003/role/label">1</link:label>
    <link:labelArc xlink:type="arc" xlink:arcrole="http://www.xbrl.org/2003/arcrole/concept-label" xlink:from="loc_s2c_x1" xlink:to="label_s2c_x1" />
    <link:loc xlink:type="locator" xlink:href="mem.xsd#s2c_x2" xlink:label="loc_s2c_x2" />
    <link:label xlink:type="resource" xlink:label="label_s2c_x2" xml:lang="en" xlink:role="http://www.xbrl.org/2003/role/label">2</link:label>
    <link:labelArc xlink:type="arc" xlink:arcrole="http://www.xbrl.org/2003/arcrole/concept-label" xlink:from="loc_s2c_x2" xlink:to="label_s2c_x2" />
    <link:loc xlink:type="locator" xlink:href="mem.xsd#s2c_x3" xlink:label="loc_s2c_x3" />
    <link:label xlink:type="resource" xlink:label="label_s2c_x3" xml:lang="en" xlink:role="http://www.xbrl.org/2003/role/label">3</link:label>
    <link:labelArc xlink:type="arc" xlink:arcrole="http://www.xbrl.org/2003/arcrole/concept-label" xlink:from="loc_s2c_x3" xlink:to="label_s2c_x3" />
    <link:loc xlink:type="locator" xlink:href="mem.xsd#s2c_x4" xlink:label="loc_s2c_x4" />
    <link:label xlink:type="resource" xlink:label="label_s2c_x4" xml:lang="en" xlink:role="http://www.xbrl.org/2003/role/label">4</link:label>
    <link:labelArc xlink:type="arc" xlink:arcrole="http://www.xbrl.org/2003/arcrole/concept-label" xlink:from="loc_s2c_x4" xlink:to="label_s2c_x4" />
    <link:loc xlink:type="locator" xlink:href="mem.xsd#s2c_x5" xlink:label="loc_s2c_x5" />
    <link:label xlink:type="resource" xlink:label="label_s2c_x5" xml:lang="en" xlink:role="http://www.xbrl.org/2003/role/label">5</link:label>
    <link:labelArc xlink:type="arc" xlink:arcrole="http://www.xbrl.org/2003/arcrole/concept-label" xlink:from="loc_s2c_x5" xlink:to="label_s2c_x5" />
    <link:loc xlink:type="locator" xlink:href="mem.xsd#s2c_x6" xlink:label="loc_s2c_x6" />
    <link:label xlink:type="resource" xlink:label="label_s2c_x6" xml:lang="en" xlink:role="http://www.xbrl.org/2003/role/label">6</link:label>
    <link:labelArc xlink:type="arc" xlink:arcrole="http://www.xbrl.org/2003/arcrole/concept-label" xlink:from="loc_s2c_x6" xlink:to="label_s2c_x6" />
    <link:loc xlink:type="locator" xlink:href="mem.xsd#s2c_x7" xlink:label="loc_s2c_x7" />
    <link:label xlink:type="resource" xlink:label="label_s2c_x7" xml:lang="en" xlink:role="http://www.xbrl.org/2003/role/label">7</link:label>
    <link:labelArc xlink:type="arc" xlink:arcrole="http://www.xbrl.org/2003/arcrole/concept-label" xlink:from="loc_s2c_x7" xlink:to="label_s2c_x7" />
    <link:loc xlink:type="locator" xlink:href="mem.xsd#s2c_x8" xlink:label="loc_s2c_x8" />
    <link:label xlink:type="resource" xlink:label="label_s2c_x8" xml:lang="en" xlink:role="http://www.xbrl.org/2003/role/label">8</link:label>
    <link:labelArc xlink:type="arc" xlink:arcrole="http://www.xbrl.org/2003/arcrole/concept-label" xlink:from="loc_s2c_x8" xlink:to="label_s2c_x8" />
    <link:loc xlink:type="locator" xlink:href="mem.xsd#s2c_x9" xlink:label="loc_s2c_x9" />
    <link:label xlink:type="resource" xlink:label="label_s2c_x9" xml:lang="en" xlink:role="http://www.xbrl.org/2003/role/label">9</link:label>
    <link:labelArc xlink:type="arc" xlink:arcrole="http://www.xbrl.org/2003/arcrole/concept-label" xlink:from="loc_s2c_x9" xlink:to="label_s2c_x9" />
    <link:loc xlink:type="locator" xlink:href="mem.xsd#s2c_x10" xlink:label="loc_s2c_x10" />
    <link:label xlink:type="resource" xlink:label="label_s2c_x10" xml:lang="en" xlink:role="http://www.xbrl.org/2003/role/label">10</link:label>
    <link:labelArc xlink:type="arc" xlink:arcrole="http://www.xbrl.org/2003/arcrole/concept-label" xlink:from="loc_s2c_x10" xlink:to="label_s2c_x10" />
    <link:loc xlink:type="locator" xlink:href="mem.xsd#s2c_x11" xlink:label="loc_s2c_x11" />
    <link:label xlink:type="resource" xlink:label="label_s2c_x11" xml:lang="en" xlink:role="http://www.xbrl.org/2003/role/label">11</link:label>
    <link:labelArc xlink:type="arc" xlink:arcrole="http://www.xbrl.org/2003/arcrole/concept-label" xlink:from="loc_s2c_x11" xlink:to="label_s2c_x11" />
    <link:loc xlink:type="locator" xlink:href="mem.xsd#s2c_x12" xlink:label="loc_s2c_x12" />
    <link:label xlink:type="resource" xlink:label="label_s2c_x12" xml:lang="en" xlink:role="http://www.xbrl.org/2003/role/label">12</link:label>
    <link:labelArc xlink:type="arc" xlink:arcrole="http://www.xbrl.org/2003/arcrole/concept-label" xlink:from="loc_s2c_x12" xlink:to="label_s2c_x12" />
    <link:loc xlink:type="locator" xlink:href="mem.xsd#s2c_x13" xlink:label="loc_s2c_x13" />
    <link:label xlink:type="resource" xlink:label="label_s2c_x13" xml:lang="en" xlink:role="http://www.xbrl.org/2003/role/label">13</link:label>
    <link:labelArc xlink:type="arc" xlink:arcrole="http://www.xbrl.org/2003/arcrole/concept-label" xlink:from="loc_s2c_x13" xlink:to="label_s2c_x13" />
    <link:loc xlink:type="locator" xlink:href="mem.xsd#s2c_x14" xlink:label="loc_s2c_x14" />
    <link:label xlink:type="resource" xlink:label="label_s2c_x14" xml:lang="en" xlink:role="http://www.xbrl.org/2003/role/label">14</link:label>
    <link:labelArc xlink:type="arc" xlink:arcrole="http://www.xbrl.org/2003/arcrole/concept-label" xlink:from="loc_s2c_x14" xlink:to="label_s2c_x14" />
    <link:loc xlink:type="locator" xlink:href="mem.xsd#s2c_x15" xlink:label="loc_s2c_x15" />
    <link:label xlink:type="resource" xlink:label="label_s2c_x15" xml:lang="en" xlink:role="http://www.xbrl.org/2003/role/label">15</link:label>
    <link:labelArc xlink:type="arc" xlink:arcrole="http://www.xbrl.org/2003/arcrole/concept-label" xlink:from="loc_s2c_x15" xlink:to="label_s2c_x15" />
    <link:loc xlink:type="locator" xlink:href="mem.xsd#s2c_x16" xlink:label="loc_s2c_x16" />
    <link:label xlink:type="resource" xlink:label="label_s2c_x16" xml:lang="en" xlink:role="http://www.xbrl.org/2003/role/label">16</link:label>
    <link:labelArc xlink:type="arc" xlink:arcrole="http://www.xbrl.org/2003/arcrole/concept-label" xlink:from="loc_s2c_x16" xlink:to="label_s2c_x16" />
    <link:loc xlink:type="locator" xlink:href="mem.xsd#s2c_x17" xlink:label="loc_s2c_x17" />
    <link:label xlink:type="resource" xlink:label="label_s2c_x17" xml:lang="en" xlink:role="http://www.xbrl.org/2003/role/label">17</link:label>
    <link:labelArc xlink:type="arc" xlink:arcrole="http://www.xbrl.org/2003/arcrole/concept-label" xlink:from="loc_s2c_x17" xlink:to="label_s2c_x17" />
    <link:loc xlink:type="locator" xlink:href="mem.xsd#s2c_x18" xlink:label="loc_s2c_x18" />
    <link:label xlink:type="resource" xlink:label="label_s2c_x18" xml:lang="en" xlink:role="http://www.xbrl.org/2003/role/label">18</link:label>
    <link:labelArc xlink:type="arc" xlink:arcrole="http://www.xbrl.org/2003/arcrole/concept-label" xlink:from="loc_s2c_x18" xlink:to="label_s2c_x18" />
    <link:loc xlink:type="locator" xlink:href="mem.xsd#s2c_x19" xlink:label="loc_s2c_x19" />
    <link:label xlink:type="resource" xlink:label="label_s2c_x19" xml:lang="en" xlink:role="http://www.xbrl.org/2003/role/label">19</link:label>
    <link:labelArc xlink:type="arc" xlink:arcrole="http://www.xbrl.org/2003/arcrole/concept-label" xlink:from="loc_s2c_x19" xlink:to="label_s2c_x19" />
    <link:loc xlink:type="locator" xlink:href="mem.xsd#s2c_x20" xlink:label="loc_s2c_x20" />
    <link:label xlink:type="resource" xlink:label="label_s2c_x20" xml:lang="en" xlink:role="http://www.xbrl.org/2003/role/label">20</link:label>
    <link:labelArc xlink:type="arc" xlink:arcrole="http://www.xbrl.org/2003/arcrole/concept-label" xlink:from="loc_s2c_x20" xlink:to="label_s2c_x20" />
    <link:loc xlink:type="locator" xlink:href="mem.xsd#s2c_x21" xlink:label="loc_s2c_x21" />
    <link:label xlink:type="resource" xlink:label="label_s2c_x21" xml:lang="en" xlink:role="http://www.xbrl.org/2003/role/label">21</link:label>
    <link:labelArc xlink:type="arc" xlink:arcrole="http://www.xbrl.org/2003/arcrole/concept-label" xlink:from="loc_s2c_x21" xlink:to="label_s2c_x21" />
    <link:loc xlink:type="locator" xlink:href="mem.xsd#s2c_x22" xlink:label="loc_s2c_x22" />
    <link:label xlink:type="resource" xlink:label="label_s2c_x22" xml:lang="en" xlink:role="http://www.xbrl.org/2003/role/label">Credit quality step 0</link:label>
    <link:labelArc xlink:type="arc" xlink:arcrole="http://www.xbrl.org/2003/arcrole/concept-label" xlink:from="loc_s2c_x22" xlink:to="label_s2c_x22" />
    <link:loc xlink:type="locator" xlink:href="mem.xsd#s2c_x23" xlink:label="loc_s2c_x23" />
    <link:label xlink:type="resource" xlink:label="label_s2c_x23" xml:lang="en" xlink:role="http://www.xbrl.org/2003/role/label">Credit quality step 1</link:label>
    <link:labelArc xlink:type="arc" xlink:arcrole="http://www.xbrl.org/2003/arcrole/concept-label" xlink:from="loc_s2c_x23" xlink:to="label_s2c_x23" />
    <link:loc xlink:type="locator" xlink:href="mem.xsd#s2c_x24" xlink:label="loc_s2c_x24" />
    <link:label xlink:type="resource" xlink:label="label_s2c_x24" xml:lang="en" xlink:role="http://www.xbrl.org/2003/role/label">Credit quality step 2</link:label>
    <link:labelArc xlink:type="arc" xlink:arcrole="http://www.xbrl.org/2003/arcrole/concept-label" xlink:from="loc_s2c_x24" xlink:to="label_s2c_x24" />
    <link:loc xlink:type="locator" xlink:href="mem.xsd#s2c_x25" xlink:label="loc_s2c_x25" />
    <link:label xlink:type="resource" xlink:label="label_s2c_x25" xml:lang="en" xlink:role="http://www.xbrl.org/2003/role/label">Credit quality step 3</link:label>
    <link:labelArc xlink:type="arc" xlink:arcrole="http://www.xbrl.org/2003/arcrole/concept-label" xlink:from="loc_s2c_x25" xlink:to="label_s2c_x25" />
    <link:loc xlink:type="locator" xlink:href="mem.xsd#s2c_x26" xlink:label="loc_s2c_x26" />
    <link:label xlink:type="resource" xlink:label="label_s2c_x26" xml:lang="en" xlink:role="http://www.xbrl.org/2003/role/label">Credit quality step 4</link:label>
    <link:labelArc xlink:type="arc" xlink:arcrole="http://www.xbrl.org/2003/arcrole/concept-label" xlink:from="loc_s2c_x26" xlink:to="label_s2c_x26" />
    <link:loc xlink:type="locator" xlink:href="mem.xsd#s2c_x27" xlink:label="loc_s2c_x27" />
    <link:label xlink:type="resource" xlink:label="label_s2c_x27" xml:lang="en" xlink:role="http://www.xbrl.org/2003/role/label">Credit quality step 5</link:label>
    <link:labelArc xlink:type="arc" xlink:arcrole="http://www.xbrl.org/2003/arcrole/concept-label" xlink:from="loc_s2c_x27" xlink:to="label_s2c_x27" />
    <link:loc xlink:type="locator" xlink:href="mem.xsd#s2c_x28" xlink:label="loc_s2c_x28" />
    <link:label xlink:type="resource" xlink:label="label_s2c_x28" xml:lang="en" xlink:role="http://www.xbrl.org/2003/role/label">Credit quality step 6</link:label>
    <link:labelArc xlink:type="arc" xlink:arcrole="http://www.xbrl.org/2003/arcrole/concept-label" xlink:from="loc_s2c_x28" xlink:to="label_s2c_x28" />
    <link:loc xlink:type="locator" xlink:href="mem.xsd#s2c_x29" xlink:label="loc_s2c_x29" />
    <link:label xlink:type="resource" xlink:label="label_s2c_x29" xml:lang="en" xlink:role="http://www.xbrl.org/2003/role/label">No rating available</link:label>
    <link:labelArc xlink:type="arc" xlink:arcrole="http://www.xbrl.org/2003/arcrole/concept-label" xlink:from="loc_s2c_x29" xlink:to="label_s2c_x29" />
  </link:labelLink>
</link:linkbase>