<?xml version="1.0" encoding="UTF-8"?>
<!--(C) EIOPA - XBRL Solvency 2 Taxonomy-->
<?officialURI http://eiopa.europa.eu/eu/xbrl/s2c/dict/dom/cu/mem-lab-en.xml?>
<?taxonomy-version 2.1.0?>
<?taxonomy-date 2016-07-15?>
<link:linkbase xmlns:xsi="http://www.w3.org/2001/XMLSchema-instance" xmlns:xlink="http://www.w3.org/1999/xlink" xmlns:link="http://www.xbrl.org/2003/linkbase" xsi:schemaLocation="http://www.xbrl.org/2003/linkbase http://www.xbrl.org/2003/xbrl-linkbase-2003-12-31.xsd">
  <link:labelLink xlink:type="extended" xlink:role="http://www.xbrl.org/2003/role/link">
    <link:loc xlink:type="locator" xlink:href="mem.xsd#s2c_x0" xlink:label="loc_s2c_x0" />
    <link:label xlink:type="resource" xlink:label="label_s2c_x0" xml:lang="en" xlink:role="http://www.xbrl.org/2003/role/label">Total/NA</link:label>
    <link:labelArc xlink:type="arc" xlink:arcrole="http://www.xbrl.org/2003/arcrole/concept-label" xlink:from="loc_s2c_x0" xlink:to="label_s2c_x0" />
    <link:loc xlink:type="locator" xlink:href="mem.xsd#s2c_EUR" xlink:label="loc_s2c_EUR" />
    <link:label xlink:type="resource" xlink:label="label_s2c_EUR" xml:lang="en" xlink:role="http://www.xbrl.org/2003/role/label">EUR</link:label>
    <link:labelArc xlink:type="arc" xlink:arcrole="http://www.xbrl.org/2003/arcrole/concept-label" xlink:from="loc_s2c_EUR" xlink:to="label_s2c_EUR" />
    <link:loc xlink:type="locator" xlink:href="mem.xsd#s2c_AED" xlink:label="loc_s2c_AED" />
    <link:label xlink:type="resource" xlink:label="label_s2c_AED" xml:lang="en" xlink:role="http://www.xbrl.org/2003/role/label">AED</link:label>
    <link:labelArc xlink:type="arc" xlink:arcrole="http://www.xbrl.org/2003/arcrole/concept-label" xlink:from="loc_s2c_AED" xlink:to="label_s2c_AED" />
    <link:loc xlink:type="locator" xlink:href="mem.xsd#s2c_AFN" xlink:label="loc_s2c_AFN" />
    <link:label xlink:type="resource" xlink:label="label_s2c_AFN" xml:lang="en" xlink:role="http://www.xbrl.org/2003/role/label">AFN</link:label>
    <link:labelArc xlink:type="arc" xlink:arcrole="http://www.xbrl.org/2003/arcrole/concept-label" xlink:from="loc_s2c_AFN" xlink:to="label_s2c_AFN" />
    <link:loc xlink:type="locator" xlink:href="mem.xsd#s2c_ALL" xlink:label="loc_s2c_ALL" />
    <link:label xlink:type="resource" xlink:label="label_s2c_ALL" xml:lang="en" xlink:role="http://www.xbrl.org/2003/role/label">ALL</link:label>
    <link:labelArc xlink:type="arc" xlink:arcrole="http://www.xbrl.org/2003/arcrole/concept-label" xlink:from="loc_s2c_ALL" xlink:to="label_s2c_ALL" />
    <link:loc xlink:type="locator" xlink:href="mem.xsd#s2c_AMD" xlink:label="loc_s2c_AMD" />
    <link:label xlink:type="resource" xlink:label="label_s2c_AMD" xml:lang="en" xlink:role="http://www.xbrl.org/2003/role/label">AMD</link:label>
    <link:labelArc xlink:type="arc" xlink:arcrole="http://www.xbrl.org/2003/arcrole/concept-label" xlink:from="loc_s2c_AMD" xlink:to="label_s2c_AMD" />
    <link:loc xlink:type="locator" xlink:href="mem.xsd#s2c_ANG" xlink:label="loc_s2c_ANG" />
    <link:label xlink:type="resource" xlink:label="label_s2c_ANG" xml:lang="en" xlink:role="http://www.xbrl.org/2003/role/label">ANG</link:label>
    <link:labelArc xlink:type="arc" xlink:arcrole="http://www.xbrl.org/2003/arcrole/concept-label" xlink:from="loc_s2c_ANG" xlink:to="label_s2c_ANG" />
    <link:loc xlink:type="locator" xlink:href="mem.xsd#s2c_AOA" xlink:label="loc_s2c_AOA" />
    <link:label xlink:type="resource" xlink:label="label_s2c_AOA" xml:lang="en" xlink:role="http://www.xbrl.org/2003/role/label">AOA</link:label>
    <link:labelArc xlink:type="arc" xlink:arcrole="http://www.xbrl.org/2003/arcrole/concept-label" xlink:from="loc_s2c_AOA" xlink:to="label_s2c_AOA" />
    <link:loc xlink:type="locator" xlink:href="mem.xsd#s2c_ARS" xlink:label="loc_s2c_ARS" />
    <link:label xlink:type="resource" xlink:label="label_s2c_ARS" xml:lang="en" xlink:role="http://www.xbrl.org/2003/role/label">ARS</link:label>
    <link:labelArc xlink:type="arc" xlink:arcrole="http://www.xbrl.org/2003/arcrole/concept-label" xlink:from="loc_s2c_ARS" xlink:to="label_s2c_ARS" />
    <link:loc xlink:type="locator" xlink:href="mem.xsd#s2c_AUD" xlink:label="loc_s2c_AUD" />
    <link:label xlink:type="resource" xlink:label="label_s2c_AUD" xml:lang="en" xlink:role="http://www.xbrl.org/2003/role/label">AUD</link:label>
    <link:labelArc xlink:type="arc" xlink:arcrole="http://www.xbrl.org/2003/arcrole/concept-label" xlink:from="loc_s2c_AUD" xlink:to="label_s2c_AUD" />
    <link:loc xlink:type="locator" xlink:href="mem.xsd#s2c_AWG" xlink:label="loc_s2c_AWG" />
    <link:label xlink:type="resource" xlink:label="label_s2c_AWG" xml:lang="en" xlink:role="http://www.xbrl.org/2003/role/label">AWG</link:label>
    <link:labelArc xlink:type="arc" xlink:arcrole="http://www.xbrl.org/2003/arcrole/concept-label" xlink:from="loc_s2c_AWG" xlink:to="label_s2c_AWG" />
    <link:loc xlink:type="locator" xlink:href="mem.xsd#s2c_AZN" xlink:label="loc_s2c_AZN" />
    <link:label xlink:type="resource" xlink:label="label_s2c_AZN" xml:lang="en" xlink:role="http://www.xbrl.org/2003/role/label">AZN</link:label>
    <link:labelArc xlink:type="arc" xlink:arcrole="http://www.xbrl.org/2003/arcrole/concept-label" xlink:from="loc_s2c_AZN" xlink:to="label_s2c_AZN" />
    <link:loc xlink:type="locator" xlink:href="mem.xsd#s2c_BAM" xlink:label="loc_s2c_BAM" />
    <link:label xlink:type="resource" xlink:label="label_s2c_BAM" xml:lang="en" xlink:role="http://www.xbrl.org/2003/role/label">BAM</link:label>
    <link:labelArc xlink:type="arc" xlink:arcrole="http://www.xbrl.org/2003/arcrole/concept-label" xlink:from="loc_s2c_BAM" xlink:to="label_s2c_BAM" />
    <link:loc xlink:type="locator" xlink:href="mem.xsd#s2c_BBD" xlink:label="loc_s2c_BBD" />
    <link:label xlink:type="resource" xlink:label="label_s2c_BBD" xml:lang="en" xlink:role="http://www.xbrl.org/2003/role/label">BBD</link:label>
    <link:labelArc xlink:type="arc" xlink:arcrole="http://www.xbrl.org/2003/arcrole/concept-label" xlink:from="loc_s2c_BBD" xlink:to="label_s2c_BBD" />
    <link:loc xlink:type="locator" xlink:href="mem.xsd#s2c_BDT" xlink:label="loc_s2c_BDT" />
    <link:label xlink:type="resource" xlink:label="label_s2c_BDT" xml:lang="en" xlink:role="http://www.xbrl.org/2003/role/label">BDT</link:label>
    <link:labelArc xlink:type="arc" xlink:arcrole="http://www.xbrl.org/2003/arcrole/concept-label" xlink:from="loc_s2c_BDT" xlink:to="label_s2c_BDT" />
    <link:loc xlink:type="locator" xlink:href="mem.xsd#s2c_BGN" xlink:label="loc_s2c_BGN" />
    <link:label xlink:type="resource" xlink:label="label_s2c_BGN" xml:lang="en" xlink:role="http://www.xbrl.org/2003/role/label">BGN</link:label>
    <link:labelArc xlink:type="arc" xlink:arcrole="http://www.xbrl.org/2003/arcrole/concept-label" xlink:from="loc_s2c_BGN" xlink:to="label_s2c_BGN" />
    <link:loc xlink:type="locator" xlink:href="mem.xsd#s2c_BHD" xlink:label="loc_s2c_BHD" />
    <link:label xlink:type="resource" xlink:label="label_s2c_BHD" xml:lang="en" xlink:role="http://www.xbrl.org/2003/role/label">BHD</link:label>
    <link:labelArc xlink:type="arc" xlink:arcrole="http://www.xbrl.org/2003/arcrole/concept-label" xlink:from="loc_s2c_BHD" xlink:to="label_s2c_BHD" />
    <link:loc xlink:type="locator" xlink:href="mem.xsd#s2c_BIF" xlink:label="loc_s2c_BIF" />
    <link:label xlink:type="resource" xlink:label="label_s2c_BIF" xml:lang="en" xlink:role="http://www.xbrl.org/2003/role/label">BIF</link:label>
    <link:labelArc xlink:type="arc" xlink:arcrole="http://www.xbrl.org/2003/arcrole/concept-label" xlink:from="loc_s2c_BIF" xlink:to="label_s2c_BIF" />
    <link:loc xlink:type="locator" xlink:href="mem.xsd#s2c_BMD" xlink:label="loc_s2c_BMD" />
    <link:label xlink:type="resource" xlink:label="label_s2c_BMD" xml:lang="en" xlink:role="http://www.xbrl.org/2003/role/label">BMD</link:label>
    <link:labelArc xlink:type="arc" xlink:arcrole="http://www.xbrl.org/2003/arcrole/concept-label" xlink:from="loc_s2c_BMD" xlink:to="label_s2c_BMD" />
    <link:loc xlink:type="locator" xlink:href="mem.xsd#s2c_BND" xlink:label="loc_s2c_BND" />
    <link:label xlink:type="resource" xlink:label="label_s2c_BND" xml:lang="en" xlink:role="http://www.xbrl.org/2003/role/label">BND</link:label>
    <link:labelArc xlink:type="arc" xlink:arcrole="http://www.xbrl.org/2003/arcrole/concept-label" xlink:from="loc_s2c_BND" xlink:to="label_s2c_BND" />
    <link:loc xlink:type="locator" xlink:href="mem.xsd#s2c_BOB" xlink:label="loc_s2c_BOB" />
    <link:label xlink:type="resource" xlink:label="label_s2c_BOB" xml:lang="en" xlink:role="http://www.xbrl.org/2003/role/label">BOB</link:label>
    <link:labelArc xlink:type="arc" xlink:arcrole="http://www.xbrl.org/2003/arcrole/concept-label" xlink:from="loc_s2c_BOB" xlink:to="label_s2c_BOB" />
    <link:loc xlink:type="locator" xlink:href="mem.xsd#s2c_BOV" xlink:label="loc_s2c_BOV" />
    <link:label xlink:type="resource" xlink:label="label_s2c_BOV" xml:lang="en" xlink:role="http://www.xbrl.org/2003/role/label">BOV</link:label>
    <link:labelArc xlink:type="arc" xlink:arcrole="http://www.xbrl.org/2003/arcrole/concept-label" xlink:from="loc_s2c_BOV" xlink:to="label_s2c_BOV" />
    <link:loc xlink:type="locator" xlink:href="mem.xsd#s2c_BRL" xlink:label="loc_s2c_BRL" />
    <link:label xlink:type="resource" xlink:label="label_s2c_BRL" xml:lang="en" xlink:role="http://www.xbrl.org/2003/role/label">BRL</link:label>
    <link:labelArc xlink:type="arc" xlink:arcrole="http://www.xbrl.org/2003/arcrole/concept-label" xlink:from="loc_s2c_BRL" xlink:to="label_s2c_BRL" />
    <link:loc xlink:type="locator" xlink:href="mem.xsd#s2c_BSD" xlink:label="loc_s2c_BSD" />
    <link:label xlink:type="resource" xlink:label="label_s2c_BSD" xml:lang="en" xlink:role="http://www.xbrl.org/2003/role/label">BSD</link:label>
    <link:labelArc xlink:type="arc" xlink:arcrole="http://www.xbrl.org/2003/arcrole/concept-label" xlink:from="loc_s2c_BSD" xlink:to="label_s2c_BSD" />
    <link:loc xlink:type="locator" xlink:href="mem.xsd#s2c_BTN" xlink:label="loc_s2c_BTN" />
    <link:label xlink:type="resource" xlink:label="label_s2c_BTN" xml:lang="en" xlink:role="http://www.xbrl.org/2003/role/label">BTN</link:label>
    <link:labelArc xlink:type="arc" xlink:arcrole="http://www.xbrl.org/2003/arcrole/concept-label" xlink:from="loc_s2c_BTN" xlink:to="label_s2c_BTN" />
    <link:loc xlink:type="locator" xlink:href="mem.xsd#s2c_BWP" xlink:label="loc_s2c_BWP" />
    <link:label xlink:type="resource" xlink:label="label_s2c_BWP" xml:lang="en" xlink:role="http://www.xbrl.org/2003/role/label">BWP</link:label>
    <link:labelArc xlink:type="arc" xlink:arcrole="http://www.xbrl.org/2003/arcrole/concept-label" xlink:from="loc_s2c_BWP" xlink:to="label_s2c_BWP" />
    <link:loc xlink:type="locator" xlink:href="mem.xsd#s2c_BYR" xlink:label="loc_s2c_BYR" />
    <link:label xlink:type="resource" xlink:label="label_s2c_BYR" xml:lang="en" xlink:role="http://www.xbrl.org/2003/role/label">BYR</link:label>
    <link:labelArc xlink:type="arc" xlink:arcrole="http://www.xbrl.org/2003/arcrole/concept-label" xlink:from="loc_s2c_BYR" xlink:to="label_s2c_BYR" />
    <link:loc xlink:type="locator" xlink:href="mem.xsd#s2c_BZD" xlink:label="loc_s2c_BZD" />
    <link:label xlink:type="resource" xlink:label="label_s2c_BZD" xml:lang="en" xlink:role="http://www.xbrl.org/2003/role/label">BZD</link:label>
    <link:labelArc xlink:type="arc" xlink:arcrole="http://www.xbrl.org/2003/arcrole/concept-label" xlink:from="loc_s2c_BZD" xlink:to="label_s2c_BZD" />
    <link:loc xlink:type="locator" xlink:href="mem.xsd#s2c_CAD" xlink:label="loc_s2c_CAD" />
    <link:label xlink:type="resource" xlink:label="label_s2c_CAD" xml:lang="en" xlink:role="http://www.xbrl.org/2003/role/label">CAD</link:label>
    <link:labelArc xlink:type="arc" xlink:arcrole="http://www.xbrl.org/2003/arcrole/concept-label" xlink:from="loc_s2c_CAD" xlink:to="label_s2c_CAD" />
    <link:loc xlink:type="locator" xlink:href="mem.xsd#s2c_CDF" xlink:label="loc_s2c_CDF" />
    <link:label xlink:type="resource" xlink:label="label_s2c_CDF" xml:lang="en" xlink:role="http://www.xbrl.org/2003/role/label">CDF</link:label>
    <link:labelArc xlink:type="arc" xlink:arcrole="http://www.xbrl.org/2003/arcrole/concept-label" xlink:from="loc_s2c_CDF" xlink:to="label_s2c_CDF" />
    <link:loc xlink:type="locator" xlink:href="mem.xsd#s2c_CHE" xlink:label="loc_s2c_CHE" />
    <link:label xlink:type="resource" xlink:label="label_s2c_CHE" xml:lang="en" xlink:role="http://www.xbrl.org/2003/role/label">CHE</link:label>
    <link:labelArc xlink:type="arc" xlink:arcrole="http://www.xbrl.org/2003/arcrole/concept-label" xlink:from="loc_s2c_CHE" xlink:to="label_s2c_CHE" />
    <link:loc xlink:type="locator" xlink:href="mem.xsd#s2c_CHF" xlink:label="loc_s2c_CHF" />
    <link:label xlink:type="resource" xlink:label="label_s2c_CHF" xml:lang="en" xlink:role="http://www.xbrl.org/2003/role/label">CHF</link:label>
    <link:labelArc xlink:type="arc" xlink:arcrole="http://www.xbrl.org/2003/arcrole/concept-label" xlink:from="loc_s2c_CHF" xlink:to="label_s2c_CHF" />
    <link:loc xlink:type="locator" xlink:href="mem.xsd#s2c_CHW" xlink:label="loc_s2c_CHW" />
    <link:label xlink:type="resource" xlink:label="label_s2c_CHW" xml:lang="en" xlink:role="http://www.xbrl.org/2003/role/label">CHW</link:label>
    <link:labelArc xlink:type="arc" xlink:arcrole="http://www.xbrl.org/2003/arcrole/concept-label" xlink:from="loc_s2c_CHW" xlink:to="label_s2c_CHW" />
    <link:loc xlink:type="locator" xlink:href="mem.xsd#s2c_CLF" xlink:label="loc_s2c_CLF" />
    <link:label xlink:type="resource" xlink:label="label_s2c_CLF" xml:lang="en" xlink:role="http://www.xbrl.org/2003/role/label">CLF</link:label>
    <link:labelArc xlink:type="arc" xlink:arcrole="http://www.xbrl.org/2003/arcrole/concept-label" xlink:from="loc_s2c_CLF" xlink:to="label_s2c_CLF" />
    <link:loc xlink:type="locator" xlink:href="mem.xsd#s2c_CLP" xlink:label="loc_s2c_CLP" />
    <link:label xlink:type="resource" xlink:label="label_s2c_CLP" xml:lang="en" xlink:role="http://www.xbrl.org/2003/role/label">CLP</link:label>
    <link:labelArc xlink:type="arc" xlink:arcrole="http://www.xbrl.org/2003/arcrole/concept-label" xlink:from="loc_s2c_CLP" xlink:to="label_s2c_CLP" />
    <link:loc xlink:type="locator" xlink:href="mem.xsd#s2c_CNY" xlink:label="loc_s2c_CNY" />
    <link:label xlink:type="resource" xlink:label="label_s2c_CNY" xml:lang="en" xlink:role="http://www.xbrl.org/2003/role/label">CNY</link:label>
    <link:labelArc xlink:type="arc" xlink:arcrole="http://www.xbrl.org/2003/arcrole/concept-label" xlink:from="loc_s2c_CNY" xlink:to="label_s2c_CNY" />
    <link:loc xlink:type="locator" xlink:href="mem.xsd#s2c_COP" xlink:label="loc_s2c_COP" />
    <link:label xlink:type="resource" xlink:label="label_s2c_COP" xml:lang="en" xlink:role="http://www.xbrl.org/2003/role/label">COP</link:label>
    <link:labelArc xlink:type="arc" xlink:arcrole="http://www.xbrl.org/2003/arcrole/concept-label" xlink:from="loc_s2c_COP" xlink:to="label_s2c_COP" />
    <link:loc xlink:type="locator" xlink:href="mem.xsd#s2c_COU" xlink:label="loc_s2c_COU" />
    <link:label xlink:type="resource" xlink:label="label_s2c_COU" xml:lang="en" xlink:role="http://www.xbrl.org/2003/role/label">COU</link:label>
    <link:labelArc xlink:type="arc" xlink:arcrole="http://www.xbrl.org/2003/arcrole/concept-label" xlink:from="loc_s2c_COU" xlink:to="label_s2c_COU" />
    <link:loc xlink:type="locator" xlink:href="mem.xsd#s2c_CRC" xlink:label="loc_s2c_CRC" />
    <link:label xlink:type="resource" xlink:label="label_s2c_CRC" xml:lang="en" xlink:role="http://www.xbrl.org/2003/role/label">CRC</link:label>
    <link:labelArc xlink:type="arc" xlink:arcrole="http://www.xbrl.org/2003/arcrole/concept-label" xlink:from="loc_s2c_CRC" xlink:to="label_s2c_CRC" />
    <link:loc xlink:type="locator" xlink:href="mem.xsd#s2c_CUC" xlink:label="loc_s2c_CUC" />
    <link:label xlink:type="resource" xlink:label="label_s2c_CUC" xml:lang="en" xlink:role="http://www.xbrl.org/2003/role/label">CUC</link:label>
    <link:labelArc xlink:type="arc" xlink:arcrole="http://www.xbrl.org/2003/arcrole/concept-label" xlink:from="loc_s2c_CUC" xlink:to="label_s2c_CUC" />
    <link:loc xlink:type="locator" xlink:href="mem.xsd#s2c_CUP" xlink:label="loc_s2c_CUP" />
    <link:label xlink:type="resource" xlink:label="label_s2c_CUP" xml:lang="en" xlink:role="http://www.xbrl.org/2003/role/label">CUP</link:label>
    <link:labelArc xlink:type="arc" xlink:arcrole="http://www.xbrl.org/2003/arcrole/concept-label" xlink:from="loc_s2c_CUP" xlink:to="label_s2c_CUP" />
    <link:loc xlink:type="locator" xlink:href="mem.xsd#s2c_CVE" xlink:label="loc_s2c_CVE" />
    <link:label xlink:type="resource" xlink:label="label_s2c_CVE" xml:lang="en" xlink:role="http://www.xbrl.org/2003/role/label">CVE</link:label>
    <link:labelArc xlink:type="arc" xlink:arcrole="http://www.xbrl.org/2003/arcrole/concept-label" xlink:from="loc_s2c_CVE" xlink:to="label_s2c_CVE" />
    <link:loc xlink:type="locator" xlink:href="mem.xsd#s2c_CZK" xlink:label="loc_s2c_CZK" />
    <link:label xlink:type="resource" xlink:label="label_s2c_CZK" xml:lang="en" xlink:role="http://www.xbrl.org/2003/role/label">CZK</link:label>
    <link:labelArc xlink:type="arc" xlink:arcrole="http://www.xbrl.org/2003/arcrole/concept-label" xlink:from="loc_s2c_CZK" xlink:to="label_s2c_CZK" />
    <link:loc xlink:type="locator" xlink:href="mem.xsd#s2c_DJF" xlink:label="loc_s2c_DJF" />
    <link:label xlink:type="resource" xlink:label="label_s2c_DJF" xml:lang="en" xlink:role="http://www.xbrl.org/2003/role/label">DJF</link:label>
    <link:labelArc xlink:type="arc" xlink:arcrole="http://www.xbrl.org/2003/arcrole/concept-label" xlink:from="loc_s2c_DJF" xlink:to="label_s2c_DJF" />
    <link:loc xlink:type="locator" xlink:href="mem.xsd#s2c_DKK" xlink:label="loc_s2c_DKK" />
    <link:label xlink:type="resource" xlink:label="label_s2c_DKK" xml:lang="en" xlink:role="http://www.xbrl.org/2003/role/label">DKK</link:label>
    <link:labelArc xlink:type="arc" xlink:arcrole="http://www.xbrl.org/2003/arcrole/concept-label" xlink:from="loc_s2c_DKK" xlink:to="label_s2c_DKK" />
    <link:loc xlink:type="locator" xlink:href="mem.xsd#s2c_DOP" xlink:label="loc_s2c_DOP" />
    <link:label xlink:type="resource" xlink:label="label_s2c_DOP" xml:lang="en" xlink:role="http://www.xbrl.org/2003/role/label">DOP</link:label>
    <link:labelArc xlink:type="arc" xlink:arcrole="http://www.xbrl.org/2003/arcrole/concept-label" xlink:from="loc_s2c_DOP" xlink:to="label_s2c_DOP" />
    <link:loc xlink:type="locator" xlink:href="mem.xsd#s2c_DZD" xlink:label="loc_s2c_DZD" />
    <link:label xlink:type="resource" xlink:label="label_s2c_DZD" xml:lang="en" xlink:role="http://www.xbrl.org/2003/role/label">DZD</link:label>
    <link:labelArc xlink:type="arc" xlink:arcrole="http://www.xbrl.org/2003/arcrole/concept-label" xlink:from="loc_s2c_DZD" xlink:to="label_s2c_DZD" />
    <link:loc xlink:type="locator" xlink:href="mem.xsd#s2c_EEK" xlink:label="loc_s2c_EEK" />
    <link:label xlink:type="resource" xlink:label="label_s2c_EEK" xml:lang="en" xlink:role="http://www.xbrl.org/2003/role/label">EEK</link:label>
    <link:labelArc xlink:type="arc" xlink:arcrole="http://www.xbrl.org/2003/arcrole/concept-label" xlink:from="loc_s2c_EEK" xlink:to="label_s2c_EEK" />
    <link:loc xlink:type="locator" xlink:href="mem.xsd#s2c_EGP" xlink:label="loc_s2c_EGP" />
    <link:label xlink:type="resource" xlink:label="label_s2c_EGP" xml:lang="en" xlink:role="http://www.xbrl.org/2003/role/label">EGP</link:label>
    <link:labelArc xlink:type="arc" xlink:arcrole="http://www.xbrl.org/2003/arcrole/concept-label" xlink:from="loc_s2c_EGP" xlink:to="label_s2c_EGP" />
    <link:loc xlink:type="locator" xlink:href="mem.xsd#s2c_ERN" xlink:label="loc_s2c_ERN" />
    <link:label xlink:type="resource" xlink:label="label_s2c_ERN" xml:lang="en" xlink:role="http://www.xbrl.org/2003/role/label">ERN</link:label>
    <link:labelArc xlink:type="arc" xlink:arcrole="http://www.xbrl.org/2003/arcrole/concept-label" xlink:from="loc_s2c_ERN" xlink:to="label_s2c_ERN" />
    <link:loc xlink:type="locator" xlink:href="mem.xsd#s2c_ETB" xlink:label="loc_s2c_ETB" />
    <link:label xlink:type="resource" xlink:label="label_s2c_ETB" xml:lang="en" xlink:role="http://www.xbrl.org/2003/role/label">ETB</link:label>
    <link:labelArc xlink:type="arc" xlink:arcrole="http://www.xbrl.org/2003/arcrole/concept-label" xlink:from="loc_s2c_ETB" xlink:to="label_s2c_ETB" />
    <link:loc xlink:type="locator" xlink:href="mem.xsd#s2c_FJD" xlink:label="loc_s2c_FJD" />
    <link:label xlink:type="resource" xlink:label="label_s2c_FJD" xml:lang="en" xlink:role="http://www.xbrl.org/2003/role/label">FJD</link:label>
    <link:labelArc xlink:type="arc" xlink:arcrole="http://www.xbrl.org/2003/arcrole/concept-label" xlink:from="loc_s2c_FJD" xlink:to="label_s2c_FJD" />
    <link:loc xlink:type="locator" xlink:href="mem.xsd#s2c_FKP" xlink:label="loc_s2c_FKP" />
    <link:label xlink:type="resource" xlink:label="label_s2c_FKP" xml:lang="en" xlink:role="http://www.xbrl.org/2003/role/label">FKP</link:label>
    <link:labelArc xlink:type="arc" xlink:arcrole="http://www.xbrl.org/2003/arcrole/concept-label" xlink:from="loc_s2c_FKP" xlink:to="label_s2c_FKP" />
    <link:loc xlink:type="locator" xlink:href="mem.xsd#s2c_GBP" xlink:label="loc_s2c_GBP" />
    <link:label xlink:type="resource" xlink:label="label_s2c_GBP" xml:lang="en" xlink:role="http://www.xbrl.org/2003/role/label">GBP</link:label>
    <link:labelArc xlink:type="arc" xlink:arcrole="http://www.xbrl.org/2003/arcrole/concept-label" xlink:from="loc_s2c_GBP" xlink:to="label_s2c_GBP" />
    <link:loc xlink:type="locator" xlink:href="mem.xsd#s2c_GEL" xlink:label="loc_s2c_GEL" />
    <link:label xlink:type="resource" xlink:label="label_s2c_GEL" xml:lang="en" xlink:role="http://www.xbrl.org/2003/role/label">GEL</link:label>
    <link:labelArc xlink:type="arc" xlink:arcrole="http://www.xbrl.org/2003/arcrole/concept-label" xlink:from="loc_s2c_GEL" xlink:to="label_s2c_GEL" />
    <link:loc xlink:type="locator" xlink:href="mem.xsd#s2c_GHS" xlink:label="loc_s2c_GHS" />
    <link:label xlink:type="resource" xlink:label="label_s2c_GHS" xml:lang="en" xlink:role="http://www.xbrl.org/2003/role/label">GHS</link:label>
    <link:labelArc xlink:type="arc" xlink:arcrole="http://www.xbrl.org/2003/arcrole/concept-label" xlink:from="loc_s2c_GHS" xlink:to="label_s2c_GHS" />
    <link:loc xlink:type="locator" xlink:href="mem.xsd#s2c_GIP" xlink:label="loc_s2c_GIP" />
    <link:label xlink:type="resource" xlink:label="label_s2c_GIP" xml:lang="en" xlink:role="http://www.xbrl.org/2003/role/label">GIP</link:label>
    <link:labelArc xlink:type="arc" xlink:arcrole="http://www.xbrl.org/2003/arcrole/concept-label" xlink:from="loc_s2c_GIP" xlink:to="label_s2c_GIP" />
    <link:loc xlink:type="locator" xlink:href="mem.xsd#s2c_GMD" xlink:label="loc_s2c_GMD" />
    <link:label xlink:type="resource" xlink:label="label_s2c_GMD" xml:lang="en" xlink:role="http://www.xbrl.org/2003/role/label">GMD</link:label>
    <link:labelArc xlink:type="arc" xlink:arcrole="http://www.xbrl.org/2003/arcrole/concept-label" xlink:from="loc_s2c_GMD" xlink:to="label_s2c_GMD" />
    <link:loc xlink:type="locator" xlink:href="mem.xsd#s2c_GNF" xlink:label="loc_s2c_GNF" />
    <link:label xlink:type="resource" xlink:label="label_s2c_GNF" xml:lang="en" xlink:role="http://www.xbrl.org/2003/role/label">GNF</link:label>
    <link:labelArc xlink:type="arc" xlink:arcrole="http://www.xbrl.org/2003/arcrole/concept-label" xlink:from="loc_s2c_GNF" xlink:to="label_s2c_GNF" />
    <link:loc xlink:type="locator" xlink:href="mem.xsd#s2c_GTQ" xlink:label="loc_s2c_GTQ" />
    <link:label xlink:type="resource" xlink:label="label_s2c_GTQ" xml:lang="en" xlink:role="http://www.xbrl.org/2003/role/label">GTQ</link:label>
    <link:labelArc xlink:type="arc" xlink:arcrole="http://www.xbrl.org/2003/arcrole/concept-label" xlink:from="loc_s2c_GTQ" xlink:to="label_s2c_GTQ" />
    <link:loc xlink:type="locator" xlink:href="mem.xsd#s2c_GYD" xlink:label="loc_s2c_GYD" />
    <link:label xlink:type="resource" xlink:label="label_s2c_GYD" xml:lang="en" xlink:role="http://www.xbrl.org/2003/role/label">GYD</link:label>
    <link:labelArc xlink:type="arc" xlink:arcrole="http://www.xbrl.org/2003/arcrole/concept-label" xlink:from="loc_s2c_GYD" xlink:to="label_s2c_GYD" />
    <link:loc xlink:type="locator" xlink:href="mem.xsd#s2c_HKD" xlink:label="loc_s2c_HKD" />
    <link:label xlink:type="resource" xlink:label="label_s2c_HKD" xml:lang="en" xlink:role="http://www.xbrl.org/2003/role/label">HKD</link:label>
    <link:labelArc xlink:type="arc" xlink:arcrole="http://www.xbrl.org/2003/arcrole/concept-label" xlink:from="loc_s2c_HKD" xlink:to="label_s2c_HKD" />
    <link:loc xlink:type="locator" xlink:href="mem.xsd#s2c_HNL" xlink:label="loc_s2c_HNL" />
    <link:label xlink:type="resource" xlink:label="label_s2c_HNL" xml:lang="en" xlink:role="http://www.xbrl.org/2003/role/label">HNL</link:label>
    <link:labelArc xlink:type="arc" xlink:arcrole="http://www.xbrl.org/2003/arcrole/concept-label" xlink:from="loc_s2c_HNL" xlink:to="label_s2c_HNL" />
    <link:loc xlink:type="locator" xlink:href="mem.xsd#s2c_HRK" xlink:label="loc_s2c_HRK" />
    <link:label xlink:type="resource" xlink:label="label_s2c_HRK" xml:lang="en" xlink:role="http://www.xbrl.org/2003/role/label">HRK</link:label>
    <link:labelArc xlink:type="arc" xlink:arcrole="http://www.xbrl.org/2003/arcrole/concept-label" xlink:from="loc_s2c_HRK" xlink:to="label_s2c_HRK" />
    <link:loc xlink:type="locator" xlink:href="mem.xsd#s2c_HTG" xlink:label="loc_s2c_HTG" />
    <link:label xlink:type="resource" xlink:label="label_s2c_HTG" xml:lang="en" xlink:role="http://www.xbrl.org/2003/role/label">HTG</link:label>
    <link:labelArc xlink:type="arc" xlink:arcrole="http://www.xbrl.org/2003/arcrole/concept-label" xlink:from="loc_s2c_HTG" xlink:to="label_s2c_HTG" />
    <link:loc xlink:type="locator" xlink:href="mem.xsd#s2c_HUF" xlink:label="loc_s2c_HUF" />
    <link:label xlink:type="resource" xlink:label="label_s2c_HUF" xml:lang="en" xlink:role="http://www.xbrl.org/2003/role/label">HUF</link:label>
    <link:labelArc xlink:type="arc" xlink:arcrole="http://www.xbrl.org/2003/arcrole/concept-label" xlink:from="loc_s2c_HUF" xlink:to="label_s2c_HUF" />
    <link:loc xlink:type="locator" xlink:href="mem.xsd#s2c_IDR" xlink:label="loc_s2c_IDR" />
    <link:label xlink:type="resource" xlink:label="label_s2c_IDR" xml:lang="en" xlink:role="http://www.xbrl.org/2003/role/label">IDR</link:label>
    <link:labelArc xlink:type="arc" xlink:arcrole="http://www.xbrl.org/2003/arcrole/concept-label" xlink:from="loc_s2c_IDR" xlink:to="label_s2c_IDR" />
    <link:loc xlink:type="locator" xlink:href="mem.xsd#s2c_ILS" xlink:label="loc_s2c_ILS" />
    <link:label xlink:type="resource" xlink:label="label_s2c_ILS" xml:lang="en" xlink:role="http://www.xbrl.org/2003/role/label">ILS</link:label>
    <link:labelArc xlink:type="arc" xlink:arcrole="http://www.xbrl.org/2003/arcrole/concept-label" xlink:from="loc_s2c_ILS" xlink:to="label_s2c_ILS" />
    <link:loc xlink:type="locator" xlink:href="mem.xsd#s2c_INR" xlink:label="loc_s2c_INR" />
    <link:label xlink:type="resource" xlink:label="label_s2c_INR" xml:lang="en" xlink:role="http://www.xbrl.org/2003/role/label">INR</link:label>
    <link:labelArc xlink:type="arc" xlink:arcrole="http://www.xbrl.org/2003/arcrole/concept-label" xlink:from="loc_s2c_INR" xlink:to="label_s2c_INR" />
    <link:loc xlink:type="locator" xlink:href="mem.xsd#s2c_IQD" xlink:label="loc_s2c_IQD" />
    <link:label xlink:type="resource" xlink:label="label_s2c_IQD" xml:lang="en" xlink:role="http://www.xbrl.org/2003/role/label">IQD</link:label>
    <link:labelArc xlink:type="arc" xlink:arcrole="http://www.xbrl.org/2003/arcrole/concept-label" xlink:from="loc_s2c_IQD" xlink:to="label_s2c_IQD" />
    <link:loc xlink:type="locator" xlink:href="mem.xsd#s2c_IRR" xlink:label="loc_s2c_IRR" />
    <link:label xlink:type="resource" xlink:label="label_s2c_IRR" xml:lang="en" xlink:role="http://www.xbrl.org/2003/role/label">IRR</link:label>
    <link:labelArc xlink:type="arc" xlink:arcrole="http://www.xbrl.org/2003/arcrole/concept-label" xlink:from="loc_s2c_IRR" xlink:to="label_s2c_IRR" />
    <link:loc xlink:type="locator" xlink:href="mem.xsd#s2c_ISK" xlink:label="loc_s2c_ISK" />
    <link:label xlink:type="resource" xlink:label="label_s2c_ISK" xml:lang="en" xlink:role="http://www.xbrl.org/2003/role/label">ISK</link:label>
    <link:labelArc xlink:type="arc" xlink:arcrole="http://www.xbrl.org/2003/arcrole/concept-label" xlink:from="loc_s2c_ISK" xlink:to="label_s2c_ISK" />
    <link:loc xlink:type="locator" xlink:href="mem.xsd#s2c_JMD" xlink:label="loc_s2c_JMD" />
    <link:label xlink:type="resource" xlink:label="label_s2c_JMD" xml:lang="en" xlink:role="http://www.xbrl.org/2003/role/label">JMD</link:label>
    <link:labelArc xlink:type="arc" xlink:arcrole="http://www.xbrl.org/2003/arcrole/concept-label" xlink:from="loc_s2c_JMD" xlink:to="label_s2c_JMD" />
    <link:loc xlink:type="locator" xlink:href="mem.xsd#s2c_JOD" xlink:label="loc_s2c_JOD" />
    <link:label xlink:type="resource" xlink:label="label_s2c_JOD" xml:lang="en" xlink:role="http://www.xbrl.org/2003/role/label">JOD</link:label>
    <link:labelArc xlink:type="arc" xlink:arcrole="http://www.xbrl.org/2003/arcrole/concept-label" xlink:from="loc_s2c_JOD" xlink:to="label_s2c_JOD" />
    <link:loc xlink:type="locator" xlink:href="mem.xsd#s2c_JPY" xlink:label="loc_s2c_JPY" />
    <link:label xlink:type="resource" xlink:label="label_s2c_JPY" xml:lang="en" xlink:role="http://www.xbrl.org/2003/role/label">JPY</link:label>
    <link:labelArc xlink:type="arc" xlink:arcrole="http://www.xbrl.org/2003/arcrole/concept-label" xlink:from="loc_s2c_JPY" xlink:to="label_s2c_JPY" />
    <link:loc xlink:type="locator" xlink:href="mem.xsd#s2c_KES" xlink:label="loc_s2c_KES" />
    <link:label xlink:type="resource" xlink:label="label_s2c_KES" xml:lang="en" xlink:role="http://www.xbrl.org/2003/role/label">KES</link:label>
    <link:labelArc xlink:type="arc" xlink:arcrole="http://www.xbrl.org/2003/arcrole/concept-label" xlink:from="loc_s2c_KES" xlink:to="label_s2c_KES" />
    <link:loc xlink:type="locator" xlink:href="mem.xsd#s2c_KGS" xlink:label="loc_s2c_KGS" />
    <link:label xlink:type="resource" xlink:label="label_s2c_KGS" xml:lang="en" xlink:role="http://www.xbrl.org/2003/role/label">KGS</link:label>
    <link:labelArc xlink:type="arc" xlink:arcrole="http://www.xbrl.org/2003/arcrole/concept-label" xlink:from="loc_s2c_KGS" xlink:to="label_s2c_KGS" />
    <link:loc xlink:type="locator" xlink:href="mem.xsd#s2c_KHR" xlink:label="loc_s2c_KHR" />
    <link:label xlink:type="resource" xlink:label="label_s2c_KHR" xml:lang="en" xlink:role="http://www.xbrl.org/2003/role/label">KHR</link:label>
    <link:labelArc xlink:type="arc" xlink:arcrole="http://www.xbrl.org/2003/arcrole/concept-label" xlink:from="loc_s2c_KHR" xlink:to="label_s2c_KHR" />
    <link:loc xlink:type="locator" xlink:href="mem.xsd#s2c_KMF" xlink:label="loc_s2c_KMF" />
    <link:label xlink:type="resource" xlink:label="label_s2c_KMF" xml:lang="en" xlink:role="http://www.xbrl.org/2003/role/label">KMF</link:label>
    <link:labelArc xlink:type="arc" xlink:arcrole="http://www.xbrl.org/2003/arcrole/concept-label" xlink:from="loc_s2c_KMF" xlink:to="label_s2c_KMF" />
    <link:loc xlink:type="locator" xlink:href="mem.xsd#s2c_KPW" xlink:label="loc_s2c_KPW" />
    <link:label xlink:type="resource" xlink:label="label_s2c_KPW" xml:lang="en" xlink:role="http://www.xbrl.org/2003/role/label">KPW</link:label>
    <link:labelArc xlink:type="arc" xlink:arcrole="http://www.xbrl.org/2003/arcrole/concept-label" xlink:from="loc_s2c_KPW" xlink:to="label_s2c_KPW" />
    <link:loc xlink:type="locator" xlink:href="mem.xsd#s2c_KRW" xlink:label="loc_s2c_KRW" />
    <link:label xlink:type="resource" xlink:label="label_s2c_KRW" xml:lang="en" xlink:role="http://www.xbrl.org/2003/role/label">KRW</link:label>
    <link:labelArc xlink:type="arc" xlink:arcrole="http://www.xbrl.org/2003/arcrole/concept-label" xlink:from="loc_s2c_KRW" xlink:to="label_s2c_KRW" />
    <link:loc xlink:type="locator" xlink:href="mem.xsd#s2c_KWD" xlink:label="loc_s2c_KWD" />
    <link:label xlink:type="resource" xlink:label="label_s2c_KWD" xml:lang="en" xlink:role="http://www.xbrl.org/2003/role/label">KWD</link:label>
    <link:labelArc xlink:type="arc" xlink:arcrole="http://www.xbrl.org/2003/arcrole/concept-label" xlink:from="loc_s2c_KWD" xlink:to="label_s2c_KWD" />
    <link:loc xlink:type="locator" xlink:href="mem.xsd#s2c_KYD" xlink:label="loc_s2c_KYD" />
    <link:label xlink:type="resource" xlink:label="label_s2c_KYD" xml:lang="en" xlink:role="http://www.xbrl.org/2003/role/label">KYD</link:label>
    <link:labelArc xlink:type="arc" xlink:arcrole="http://www.xbrl.org/2003/arcrole/concept-label" xlink:from="loc_s2c_KYD" xlink:to="label_s2c_KYD" />
    <link:loc xlink:type="locator" xlink:href="mem.xsd#s2c_KZT" xlink:label="loc_s2c_KZT" />
    <link:label xlink:type="resource" xlink:label="label_s2c_KZT" xml:lang="en" xlink:role="http://www.xbrl.org/2003/role/label">KZT</link:label>
    <link:labelArc xlink:type="arc" xlink:arcrole="http://www.xbrl.org/2003/arcrole/concept-label" xlink:from="loc_s2c_KZT" xlink:to="label_s2c_KZT" />
    <link:loc xlink:type="locator" xlink:href="mem.xsd#s2c_LAK" xlink:label="loc_s2c_LAK" />
    <link:label xlink:type="resource" xlink:label="label_s2c_LAK" xml:lang="en" xlink:role="http://www.xbrl.org/2003/role/label">LAK</link:label>
    <link:labelArc xlink:type="arc" xlink:arcrole="http://www.xbrl.org/2003/arcrole/concept-label" xlink:from="loc_s2c_LAK" xlink:to="label_s2c_LAK" />
    <link:loc xlink:type="locator" xlink:href="mem.xsd#s2c_LBP" xlink:label="loc_s2c_LBP" />
    <link:label xlink:type="resource" xlink:label="label_s2c_LBP" xml:lang="en" xlink:role="http://www.xbrl.org/2003/role/label">LBP</link:label>
    <link:labelArc xlink:type="arc" xlink:arcrole="http://www.xbrl.org/2003/arcrole/concept-label" xlink:from="loc_s2c_LBP" xlink:to="label_s2c_LBP" />
    <link:loc xlink:type="locator" xlink:href="mem.xsd#s2c_LKR" xlink:label="loc_s2c_LKR" />
    <link:label xlink:type="resource" xlink:label="label_s2c_LKR" xml:lang="en" xlink:role="http://www.xbrl.org/2003/role/label">LKR</link:label>
    <link:labelArc xlink:type="arc" xlink:arcrole="http://www.xbrl.org/2003/arcrole/concept-label" xlink:from="loc_s2c_LKR" xlink:to="label_s2c_LKR" />
    <link:loc xlink:type="locator" xlink:href="mem.xsd#s2c_LRD" xlink:label="loc_s2c_LRD" />
    <link:label xlink:type="resource" xlink:label="label_s2c_LRD" xml:lang="en" xlink:role="http://www.xbrl.org/2003/role/label">LRD</link:label>
    <link:labelArc xlink:type="arc" xlink:arcrole="http://www.xbrl.org/2003/arcrole/concept-label" xlink:from="loc_s2c_LRD" xlink:to="label_s2c_LRD" />
    <link:loc xlink:type="locator" xlink:href="mem.xsd#s2c_LSL" xlink:label="loc_s2c_LSL" />
    <link:label xlink:type="resource" xlink:label="label_s2c_LSL" xml:lang="en" xlink:role="http://www.xbrl.org/2003/role/label">LSL</link:label>
    <link:labelArc xlink:type="arc" xlink:arcrole="http://www.xbrl.org/2003/arcrole/concept-label" xlink:from="loc_s2c_LSL" xlink:to="label_s2c_LSL" />
    <link:loc xlink:type="locator" xlink:href="mem.xsd#s2c_LTL" xlink:label="loc_s2c_LTL" />
    <link:label xlink:type="resource" xlink:label="label_s2c_LTL" xml:lang="en" xlink:role="http://www.xbrl.org/2003/role/label">LTL</link:label>
    <link:labelArc xlink:type="arc" xlink:arcrole="http://www.xbrl.org/2003/arcrole/concept-label" xlink:from="loc_s2c_LTL" xlink:to="label_s2c_LTL" />
    <link:loc xlink:type="locator" xlink:href="mem.xsd#s2c_LVL" xlink:label="loc_s2c_LVL" />
    <link:label xlink:type="resource" xlink:label="label_s2c_LVL" xml:lang="en" xlink:role="http://www.xbrl.org/2003/role/label">LVL</link:label>
    <link:labelArc xlink:type="arc" xlink:arcrole="http://www.xbrl.org/2003/arcrole/concept-label" xlink:from="loc_s2c_LVL" xlink:to="label_s2c_LVL" />
    <link:loc xlink:type="locator" xlink:href="mem.xsd#s2c_LYD" xlink:label="loc_s2c_LYD" />
    <link:label xlink:type="resource" xlink:label="label_s2c_LYD" xml:lang="en" xlink:role="http://www.xbrl.org/2003/role/label">LYD</link:label>
    <link:labelArc xlink:type="arc" xlink:arcrole="http://www.xbrl.org/2003/arcrole/concept-label" xlink:from="loc_s2c_LYD" xlink:to="label_s2c_LYD" />
    <link:loc xlink:type="locator" xlink:href="mem.xsd#s2c_MAD" xlink:label="loc_s2c_MAD" />
    <link:label xlink:type="resource" xlink:label="label_s2c_MAD" xml:lang="en" xlink:role="http://www.xbrl.org/2003/role/label">MAD</link:label>
    <link:labelArc xlink:type="arc" xlink:arcrole="http://www.xbrl.org/2003/arcrole/concept-label" xlink:from="loc_s2c_MAD" xlink:to="label_s2c_MAD" />
    <link:loc xlink:type="locator" xlink:href="mem.xsd#s2c_MDL" xlink:label="loc_s2c_MDL" />
    <link:label xlink:type="resource" xlink:label="label_s2c_MDL" xml:lang="en" xlink:role="http://www.xbrl.org/2003/role/label">MDL</link:label>
    <link:labelArc xlink:type="arc" xlink:arcrole="http://www.xbrl.org/2003/arcrole/concept-label" xlink:from="loc_s2c_MDL" xlink:to="label_s2c_MDL" />
    <link:loc xlink:type="locator" xlink:href="mem.xsd#s2c_MGA" xlink:label="loc_s2c_MGA" />
    <link:label xlink:type="resource" xlink:label="label_s2c_MGA" xml:lang="en" xlink:role="http://www.xbrl.org/2003/role/label">MGA</link:label>
    <link:labelArc xlink:type="arc" xlink:arcrole="http://www.xbrl.org/2003/arcrole/concept-label" xlink:from="loc_s2c_MGA" xlink:to="label_s2c_MGA" />
    <link:loc xlink:type="locator" xlink:href="mem.xsd#s2c_MKD" xlink:label="loc_s2c_MKD" />
    <link:label xlink:type="resource" xlink:label="label_s2c_MKD" xml:lang="en" xlink:role="http://www.xbrl.org/2003/role/label">MKD</link:label>
    <link:labelArc xlink:type="arc" xlink:arcrole="http://www.xbrl.org/2003/arcrole/concept-label" xlink:from="loc_s2c_MKD" xlink:to="label_s2c_MKD" />
    <link:loc xlink:type="locator" xlink:href="mem.xsd#s2c_MMK" xlink:label="loc_s2c_MMK" />
    <link:label xlink:type="resource" xlink:label="label_s2c_MMK" xml:lang="en" xlink:role="http://www.xbrl.org/2003/role/label">MMK</link:label>
    <link:labelArc xlink:type="arc" xlink:arcrole="http://www.xbrl.org/2003/arcrole/concept-label" xlink:from="loc_s2c_MMK" xlink:to="label_s2c_MMK" />
    <link:loc xlink:type="locator" xlink:href="mem.xsd#s2c_MNT" xlink:label="loc_s2c_MNT" />
    <link:label xlink:type="resource" xlink:label="label_s2c_MNT" xml:lang="en" xlink:role="http://www.xbrl.org/2003/role/label">MNT</link:label>
    <link:labelArc xlink:type="arc" xlink:arcrole="http://www.xbrl.org/2003/arcrole/concept-label" xlink:from="loc_s2c_MNT" xlink:to="label_s2c_MNT" />
    <link:loc xlink:type="locator" xlink:href="mem.xsd#s2c_MOP" xlink:label="loc_s2c_MOP" />
    <link:label xlink:type="resource" xlink:label="label_s2c_MOP" xml:lang="en" xlink:role="http://www.xbrl.org/2003/role/label">MOP</link:label>
    <link:labelArc xlink:type="arc" xlink:arcrole="http://www.xbrl.org/2003/arcrole/concept-label" xlink:from="loc_s2c_MOP" xlink:to="label_s2c_MOP" />
    <link:loc xlink:type="locator" xlink:href="mem.xsd#s2c_MRO" xlink:label="loc_s2c_MRO" />
    <link:label xlink:type="resource" xlink:label="label_s2c_MRO" xml:lang="en" xlink:role="http://www.xbrl.org/2003/role/label">MRO</link:label>
    <link:labelArc xlink:type="arc" xlink:arcrole="http://www.xbrl.org/2003/arcrole/concept-label" xlink:from="loc_s2c_MRO" xlink:to="label_s2c_MRO" />
    <link:loc xlink:type="locator" xlink:href="mem.xsd#s2c_MUR" xlink:label="loc_s2c_MUR" />
    <link:label xlink:type="resource" xlink:label="label_s2c_MUR" xml:lang="en" xlink:role="http://www.xbrl.org/2003/role/label">MUR</link:label>
    <link:labelArc xlink:type="arc" xlink:arcrole="http://www.xbrl.org/2003/arcrole/concept-label" xlink:from="loc_s2c_MUR" xlink:to="label_s2c_MUR" />
    <link:loc xlink:type="locator" xlink:href="mem.xsd#s2c_MVR" xlink:label="loc_s2c_MVR" />
    <link:label xlink:type="resource" xlink:label="label_s2c_MVR" xml:lang="en" xlink:role="http://www.xbrl.org/2003/role/label">MVR</link:label>
    <link:labelArc xlink:type="arc" xlink:arcrole="http://www.xbrl.org/2003/arcrole/concept-label" xlink:from="loc_s2c_MVR" xlink:to="label_s2c_MVR" />
    <link:loc xlink:type="locator" xlink:href="mem.xsd#s2c_MWK" xlink:label="loc_s2c_MWK" />
    <link:label xlink:type="resource" xlink:label="label_s2c_MWK" xml:lang="en" xlink:role="http://www.xbrl.org/2003/role/label">MWK</link:label>
    <link:labelArc xlink:type="arc" xlink:arcrole="http://www.xbrl.org/2003/arcrole/concept-label" xlink:from="loc_s2c_MWK" xlink:to="label_s2c_MWK" />
    <link:loc xlink:type="locator" xlink:href="mem.xsd#s2c_MXN" xlink:label="loc_s2c_MXN" />
    <link:label xlink:type="resource" xlink:label="label_s2c_MXN" xml:lang="en" xlink:role="http://www.xbrl.org/2003/role/label">MXN</link:label>
    <link:labelArc xlink:type="arc" xlink:arcrole="http://www.xbrl.org/2003/arcrole/concept-label" xlink:from="loc_s2c_MXN" xlink:to="label_s2c_MXN" />
    <link:loc xlink:type="locator" xlink:href="mem.xsd#s2c_MXV" xlink:label="loc_s2c_MXV" />
    <link:label xlink:type="resource" xlink:label="label_s2c_MXV" xml:lang="en" xlink:role="http://www.xbrl.org/2003/role/label">MXV</link:label>
    <link:labelArc xlink:type="arc" xlink:arcrole="http://www.xbrl.org/2003/arcrole/concept-label" xlink:from="loc_s2c_MXV" xlink:to="label_s2c_MXV" />
    <link:loc xlink:type="locator" xlink:href="mem.xsd#s2c_MYR" xlink:label="loc_s2c_MYR" />
    <link:label xlink:type="resource" xlink:label="label_s2c_MYR" xml:lang="en" xlink:role="http://www.xbrl.org/2003/role/label">MYR</link:label>
    <link:labelArc xlink:type="arc" xlink:arcrole="http://www.xbrl.org/2003/arcrole/concept-label" xlink:from="loc_s2c_MYR" xlink:to="label_s2c_MYR" />
    <link:loc xlink:type="locator" xlink:href="mem.xsd#s2c_MZN" xlink:label="loc_s2c_MZN" />
    <link:label xlink:type="resource" xlink:label="label_s2c_MZN" xml:lang="en" xlink:role="http://www.xbrl.org/2003/role/label">MZN</link:label>
    <link:labelArc xlink:type="arc" xlink:arcrole="http://www.xbrl.org/2003/arcrole/concept-label" xlink:from="loc_s2c_MZN" xlink:to="label_s2c_MZN" />
    <link:loc xlink:type="locator" xlink:href="mem.xsd#s2c_NAD" xlink:label="loc_s2c_NAD" />
    <link:label xlink:type="resource" xlink:label="label_s2c_NAD" xml:lang="en" xlink:role="http://www.xbrl.org/2003/role/label">NAD</link:label>
    <link:labelArc xlink:type="arc" xlink:arcrole="http://www.xbrl.org/2003/arcrole/concept-label" xlink:from="loc_s2c_NAD" xlink:to="label_s2c_NAD" />
    <link:loc xlink:type="locator" xlink:href="mem.xsd#s2c_NGN" xlink:label="loc_s2c_NGN" />
    <link:label xlink:type="resource" xlink:label="label_s2c_NGN" xml:lang="en" xlink:role="http://www.xbrl.org/2003/role/label">NGN</link:label>
    <link:labelArc xlink:type="arc" xlink:arcrole="http://www.xbrl.org/2003/arcrole/concept-label" xlink:from="loc_s2c_NGN" xlink:to="label_s2c_NGN" />
    <link:loc xlink:type="locator" xlink:href="mem.xsd#s2c_NIO" xlink:label="loc_s2c_NIO" />
    <link:label xlink:type="resource" xlink:label="label_s2c_NIO" xml:lang="en" xlink:role="http://www.xbrl.org/2003/role/label">NIO</link:label>
    <link:labelArc xlink:type="arc" xlink:arcrole="http://www.xbrl.org/2003/arcrole/concept-label" xlink:from="loc_s2c_NIO" xlink:to="label_s2c_NIO" />
    <link:loc xlink:type="locator" xlink:href="mem.xsd#s2c_NOK" xlink:label="loc_s2c_NOK" />
    <link:label xlink:type="resource" xlink:label="label_s2c_NOK" xml:lang="en" xlink:role="http://www.xbrl.org/2003/role/label">NOK</link:label>
    <link:labelArc xlink:type="arc" xlink:arcrole="http://www.xbrl.org/2003/arcrole/concept-label" xlink:from="loc_s2c_NOK" xlink:to="label_s2c_NOK" />
    <link:loc xlink:type="locator" xlink:href="mem.xsd#s2c_NPR" xlink:label="loc_s2c_NPR" />
    <link:label xlink:type="resource" xlink:label="label_s2c_NPR" xml:lang="en" xlink:role="http://www.xbrl.org/2003/role/label">NPR</link:label>
    <link:labelArc xlink:type="arc" xlink:arcrole="http://www.xbrl.org/2003/arcrole/concept-label" xlink:from="loc_s2c_NPR" xlink:to="label_s2c_NPR" />
    <link:loc xlink:type="locator" xlink:href="mem.xsd#s2c_NZD" xlink:label="loc_s2c_NZD" />
    <link:label xlink:type="resource" xlink:label="label_s2c_NZD" xml:lang="en" xlink:role="http://www.xbrl.org/2003/role/label">NZD</link:label>
    <link:labelArc xlink:type="arc" xlink:arcrole="http://www.xbrl.org/2003/arcrole/concept-label" xlink:from="loc_s2c_NZD" xlink:to="label_s2c_NZD" />
    <link:loc xlink:type="locator" xlink:href="mem.xsd#s2c_OMR" xlink:label="loc_s2c_OMR" />
    <link:label xlink:type="resource" xlink:label="label_s2c_OMR" xml:lang="en" xlink:role="http://www.xbrl.org/2003/role/label">OMR</link:label>
    <link:labelArc xlink:type="arc" xlink:arcrole="http://www.xbrl.org/2003/arcrole/concept-label" xlink:from="loc_s2c_OMR" xlink:to="label_s2c_OMR" />
    <link:loc xlink:type="locator" xlink:href="mem.xsd#s2c_PAB" xlink:label="loc_s2c_PAB" />
    <link:label xlink:type="resource" xlink:label="label_s2c_PAB" xml:lang="en" xlink:role="http://www.xbrl.org/2003/role/label">PAB</link:label>
    <link:labelArc xlink:type="arc" xlink:arcrole="http://www.xbrl.org/2003/arcrole/concept-label" xlink:from="loc_s2c_PAB" xlink:to="label_s2c_PAB" />
    <link:loc xlink:type="locator" xlink:href="mem.xsd#s2c_PEN" xlink:label="loc_s2c_PEN" />
    <link:label xlink:type="resource" xlink:label="label_s2c_PEN" xml:lang="en" xlink:role="http://www.xbrl.org/2003/role/label">PEN</link:label>
    <link:labelArc xlink:type="arc" xlink:arcrole="http://www.xbrl.org/2003/arcrole/concept-label" xlink:from="loc_s2c_PEN" xlink:to="label_s2c_PEN" />
    <link:loc xlink:type="locator" xlink:href="mem.xsd#s2c_PGK" xlink:label="loc_s2c_PGK" />
    <link:label xlink:type="resource" xlink:label="label_s2c_PGK" xml:lang="en" xlink:role="http://www.xbrl.org/2003/role/label">PGK</link:label>
    <link:labelArc xlink:type="arc" xlink:arcrole="http://www.xbrl.org/2003/arcrole/concept-label" xlink:from="loc_s2c_PGK" xlink:to="label_s2c_PGK" />
    <link:loc xlink:type="locator" xlink:href="mem.xsd#s2c_PHP" xlink:label="loc_s2c_PHP" />
    <link:label xlink:type="resource" xlink:label="label_s2c_PHP" xml:lang="en" xlink:role="http://www.xbrl.org/2003/role/label">PHP</link:label>
    <link:labelArc xlink:type="arc" xlink:arcrole="http://www.xbrl.org/2003/arcrole/concept-label" xlink:from="loc_s2c_PHP" xlink:to="label_s2c_PHP" />
    <link:loc xlink:type="locator" xlink:href="mem.xsd#s2c_PKR" xlink:label="loc_s2c_PKR" />
    <link:label xlink:type="resource" xlink:label="label_s2c_PKR" xml:lang="en" xlink:role="http://www.xbrl.org/2003/role/label">PKR</link:label>
    <link:labelArc xlink:type="arc" xlink:arcrole="http://www.xbrl.org/2003/arcrole/concept-label" xlink:from="loc_s2c_PKR" xlink:to="label_s2c_PKR" />
    <link:loc xlink:type="locator" xlink:href="mem.xsd#s2c_PLN" xlink:label="loc_s2c_PLN" />
    <link:label xlink:type="resource" xlink:label="label_s2c_PLN" xml:lang="en" xlink:role="http://www.xbrl.org/2003/role/label">PLN</link:label>
    <link:labelArc xlink:type="arc" xlink:arcrole="http://www.xbrl.org/2003/arcrole/concept-label" xlink:from="loc_s2c_PLN" xlink:to="label_s2c_PLN" />
    <link:loc xlink:type="locator" xlink:href="mem.xsd#s2c_PYG" xlink:label="loc_s2c_PYG" />
    <link:label xlink:type="resource" xlink:label="label_s2c_PYG" xml:lang="en" xlink:role="http://www.xbrl.org/2003/role/label">PYG</link:label>
    <link:labelArc xlink:type="arc" xlink:arcrole="http://www.xbrl.org/2003/arcrole/concept-label" xlink:from="loc_s2c_PYG" xlink:to="label_s2c_PYG" />
    <link:loc xlink:type="locator" xlink:href="mem.xsd#s2c_QAR" xlink:label="loc_s2c_QAR" />
    <link:label xlink:type="resource" xlink:label="label_s2c_QAR" xml:lang="en" xlink:role="http://www.xbrl.org/2003/role/label">QAR</link:label>
    <link:labelArc xlink:type="arc" xlink:arcrole="http://www.xbrl.org/2003/arcrole/concept-label" xlink:from="loc_s2c_QAR" xlink:to="label_s2c_QAR" />
    <link:loc xlink:type="locator" xlink:href="mem.xsd#s2c_RON" xlink:label="loc_s2c_RON" />
    <link:label xlink:type="resource" xlink:label="label_s2c_RON" xml:lang="en" xlink:role="http://www.xbrl.org/2003/role/label">RON</link:label>
    <link:labelArc xlink:type="arc" xlink:arcrole="http://www.xbrl.org/2003/arcrole/concept-label" xlink:from="loc_s2c_RON" xlink:to="label_s2c_RON" />
    <link:loc xlink:type="locator" xlink:href="mem.xsd#s2c_RSD" xlink:label="loc_s2c_RSD" />
    <link:label xlink:type="resource" xlink:label="label_s2c_RSD" xml:lang="en" xlink:role="http://www.xbrl.org/2003/role/label">RSD</link:label>
    <link:labelArc xlink:type="arc" xlink:arcrole="http://www.xbrl.org/2003/arcrole/concept-label" xlink:from="loc_s2c_RSD" xlink:to="label_s2c_RSD" />
    <link:loc xlink:type="locator" xlink:href="mem.xsd#s2c_RUB" xlink:label="loc_s2c_RUB" />
    <link:label xlink:type="resource" xlink:label="label_s2c_RUB" xml:lang="en" xlink:role="http://www.xbrl.org/2003/role/label">RUB</link:label>
    <link:labelArc xlink:type="arc" xlink:arcrole="http://www.xbrl.org/2003/arcrole/concept-label" xlink:from="loc_s2c_RUB" xlink:to="label_s2c_RUB" />
    <link:loc xlink:type="locator" xlink:href="mem.xsd#s2c_RWF" xlink:label="loc_s2c_RWF" />
    <link:label xlink:type="resource" xlink:label="label_s2c_RWF" xml:lang="en" xlink:role="http://www.xbrl.org/2003/role/label">RWF</link:label>
    <link:labelArc xlink:type="arc" xlink:arcrole="http://www.xbrl.org/2003/arcrole/concept-label" xlink:from="loc_s2c_RWF" xlink:to="label_s2c_RWF" />
    <link:loc xlink:type="locator" xlink:href="mem.xsd#s2c_SAR" xlink:label="loc_s2c_SAR" />
    <link:label xlink:type="resource" xlink:label="label_s2c_SAR" xml:lang="en" xlink:role="http://www.xbrl.org/2003/role/label">SAR</link:label>
    <link:labelArc xlink:type="arc" xlink:arcrole="http://www.xbrl.org/2003/arcrole/concept-label" xlink:from="loc_s2c_SAR" xlink:to="label_s2c_SAR" />
    <link:loc xlink:type="locator" xlink:href="mem.xsd#s2c_SBD" xlink:label="loc_s2c_SBD" />
    <link:label xlink:type="resource" xlink:label="label_s2c_SBD" xml:lang="en" xlink:role="http://www.xbrl.org/2003/role/label">SBD</link:label>
    <link:labelArc xlink:type="arc" xlink:arcrole="http://www.xbrl.org/2003/arcrole/concept-label" xlink:from="loc_s2c_SBD" xlink:to="label_s2c_SBD" />
    <link:loc xlink:type="locator" xlink:href="mem.xsd#s2c_SCR" xlink:label="loc_s2c_SCR" />
    <link:label xlink:type="resource" xlink:label="label_s2c_SCR" xml:lang="en" xlink:role="http://www.xbrl.org/2003/role/label">SCR</link:label>
    <link:labelArc xlink:type="arc" xlink:arcrole="http://www.xbrl.org/2003/arcrole/concept-label" xlink:from="loc_s2c_SCR" xlink:to="label_s2c_SCR" />
    <link:loc xlink:type="locator" xlink:href="mem.xsd#s2c_SDG" xlink:label="loc_s2c_SDG" />
    <link:label xlink:type="resource" xlink:label="label_s2c_SDG" xml:lang="en" xlink:role="http://www.xbrl.org/2003/role/label">SDG</link:label>
    <link:labelArc xlink:type="arc" xlink:arcrole="http://www.xbrl.org/2003/arcrole/concept-label" xlink:from="loc_s2c_SDG" xlink:to="label_s2c_SDG" />
    <link:loc xlink:type="locator" xlink:href="mem.xsd#s2c_SEK" xlink:label="loc_s2c_SEK" />
    <link:label xlink:type="resource" xlink:label="label_s2c_SEK" xml:lang="en" xlink:role="http://www.xbrl.org/2003/role/label">SEK</link:label>
    <link:labelArc xlink:type="arc" xlink:arcrole="http://www.xbrl.org/2003/arcrole/concept-label" xlink:from="loc_s2c_SEK" xlink:to="label_s2c_SEK" />
    <link:loc xlink:type="locator" xlink:href="mem.xsd#s2c_SGD" xlink:label="loc_s2c_SGD" />
    <link:label xlink:type="resource" xlink:label="label_s2c_SGD" xml:lang="en" xlink:role="http://www.xbrl.org/2003/role/label">SGD</link:label>
    <link:labelArc xlink:type="arc" xlink:arcrole="http://www.xbrl.org/2003/arcrole/concept-label" xlink:from="loc_s2c_SGD" xlink:to="label_s2c_SGD" />
    <link:loc xlink:type="locator" xlink:href="mem.xsd#s2c_SHP" xlink:label="loc_s2c_SHP" />
    <link:label xlink:type="resource" xlink:label="label_s2c_SHP" xml:lang="en" xlink:role="http://www.xbrl.org/2003/role/label">SHP</link:label>
    <link:labelArc xlink:type="arc" xlink:arcrole="http://www.xbrl.org/2003/arcrole/concept-label" xlink:from="loc_s2c_SHP" xlink:to="label_s2c_SHP" />
    <link:loc xlink:type="locator" xlink:href="mem.xsd#s2c_SLL" xlink:label="loc_s2c_SLL" />
    <link:label xlink:type="resource" xlink:label="label_s2c_SLL" xml:lang="en" xlink:role="http://www.xbrl.org/2003/role/label">SLL</link:label>
    <link:labelArc xlink:type="arc" xlink:arcrole="http://www.xbrl.org/2003/arcrole/concept-label" xlink:from="loc_s2c_SLL" xlink:to="label_s2c_SLL" />
    <link:loc xlink:type="locator" xlink:href="mem.xsd#s2c_SOS" xlink:label="loc_s2c_SOS" />
    <link:label xlink:type="resource" xlink:label="label_s2c_SOS" xml:lang="en" xlink:role="http://www.xbrl.org/2003/role/label">SOS</link:label>
    <link:labelArc xlink:type="arc" xlink:arcrole="http://www.xbrl.org/2003/arcrole/concept-label" xlink:from="loc_s2c_SOS" xlink:to="label_s2c_SOS" />
    <link:loc xlink:type="locator" xlink:href="mem.xsd#s2c_SRD" xlink:label="loc_s2c_SRD" />
    <link:label xlink:type="resource" xlink:label="label_s2c_SRD" xml:lang="en" xlink:role="http://www.xbrl.org/2003/role/label">SRD</link:label>
    <link:labelArc xlink:type="arc" xlink:arcrole="http://www.xbrl.org/2003/arcrole/concept-label" xlink:from="loc_s2c_SRD" xlink:to="label_s2c_SRD" />
    <link:loc xlink:type="locator" xlink:href="mem.xsd#s2c_STD" xlink:label="loc_s2c_STD" />
    <link:label xlink:type="resource" xlink:label="label_s2c_STD" xml:lang="en" xlink:role="http://www.xbrl.org/2003/role/label">STD</link:label>
    <link:labelArc xlink:type="arc" xlink:arcrole="http://www.xbrl.org/2003/arcrole/concept-label" xlink:from="loc_s2c_STD" xlink:to="label_s2c_STD" />
    <link:loc xlink:type="locator" xlink:href="mem.xsd#s2c_SYP" xlink:label="loc_s2c_SYP" />
    <link:label xlink:type="resource" xlink:label="label_s2c_SYP" xml:lang="en" xlink:role="http://www.xbrl.org/2003/role/label">SYP</link:label>
    <link:labelArc xlink:type="arc" xlink:arcrole="http://www.xbrl.org/2003/arcrole/concept-label" xlink:from="loc_s2c_SYP" xlink:to="label_s2c_SYP" />
    <link:loc xlink:type="locator" xlink:href="mem.xsd#s2c_SZL" xlink:label="loc_s2c_SZL" />
    <link:label xlink:type="resource" xlink:label="label_s2c_SZL" xml:lang="en" xlink:role="http://www.xbrl.org/2003/role/label">SZL</link:label>
    <link:labelArc xlink:type="arc" xlink:arcrole="http://www.xbrl.org/2003/arcrole/concept-label" xlink:from="loc_s2c_SZL" xlink:to="label_s2c_SZL" />
    <link:loc xlink:type="locator" xlink:href="mem.xsd#s2c_THB" xlink:label="loc_s2c_THB" />
    <link:label xlink:type="resource" xlink:label="label_s2c_THB" xml:lang="en" xlink:role="http://www.xbrl.org/2003/role/label">THB</link:label>
    <link:labelArc xlink:type="arc" xlink:arcrole="http://www.xbrl.org/2003/arcrole/concept-label" xlink:from="loc_s2c_THB" xlink:to="label_s2c_THB" />
    <link:loc xlink:type="locator" xlink:href="mem.xsd#s2c_TJS" xlink:label="loc_s2c_TJS" />
    <link:label xlink:type="resource" xlink:label="label_s2c_TJS" xml:lang="en" xlink:role="http://www.xbrl.org/2003/role/label">TJS</link:label>
    <link:labelArc xlink:type="arc" xlink:arcrole="http://www.xbrl.org/2003/arcrole/concept-label" xlink:from="loc_s2c_TJS" xlink:to="label_s2c_TJS" />
    <link:loc xlink:type="locator" xlink:href="mem.xsd#s2c_TMT" xlink:label="loc_s2c_TMT" />
    <link:label xlink:type="resource" xlink:label="label_s2c_TMT" xml:lang="en" xlink:role="http://www.xbrl.org/2003/role/label">TMT</link:label>
    <link:labelArc xlink:type="arc" xlink:arcrole="http://www.xbrl.org/2003/arcrole/concept-label" xlink:from="loc_s2c_TMT" xlink:to="label_s2c_TMT" />
    <link:loc xlink:type="locator" xlink:href="mem.xsd#s2c_TND" xlink:label="loc_s2c_TND" />
    <link:label xlink:type="resource" xlink:label="label_s2c_TND" xml:lang="en" xlink:role="http://www.xbrl.org/2003/role/label">TND</link:label>
    <link:labelArc xlink:type="arc" xlink:arcrole="http://www.xbrl.org/2003/arcrole/concept-label" xlink:from="loc_s2c_TND" xlink:to="label_s2c_TND" />
    <link:loc xlink:type="locator" xlink:href="mem.xsd#s2c_TOP" xlink:label="loc_s2c_TOP" />
    <link:label xlink:type="resource" xlink:label="label_s2c_TOP" xml:lang="en" xlink:role="http://www.xbrl.org/2003/role/label">TOP</link:label>
    <link:labelArc xlink:type="arc" xlink:arcrole="http://www.xbrl.org/2003/arcrole/concept-label" xlink:from="loc_s2c_TOP" xlink:to="label_s2c_TOP" />
    <link:loc xlink:type="locator" xlink:href="mem.xsd#s2c_TRY" xlink:label="loc_s2c_TRY" />
    <link:label xlink:type="resource" xlink:label="label_s2c_TRY" xml:lang="en" xlink:role="http://www.xbrl.org/2003/role/label">TRY</link:label>
    <link:labelArc xlink:type="arc" xlink:arcrole="http://www.xbrl.org/2003/arcrole/concept-label" xlink:from="loc_s2c_TRY" xlink:to="label_s2c_TRY" />
    <link:loc xlink:type="locator" xlink:href="mem.xsd#s2c_TTD" xlink:label="loc_s2c_TTD" />
    <link:label xlink:type="resource" xlink:label="label_s2c_TTD" xml:lang="en" xlink:role="http://www.xbrl.org/2003/role/label">TTD</link:label>
    <link:labelArc xlink:type="arc" xlink:arcrole="http://www.xbrl.org/2003/arcrole/concept-label" xlink:from="loc_s2c_TTD" xlink:to="label_s2c_TTD" />
    <link:loc xlink:type="locator" xlink:href="mem.xsd#s2c_TWD" xlink:label="loc_s2c_TWD" />
    <link:label xlink:type="resource" xlink:label="label_s2c_TWD" xml:lang="en" xlink:role="http://www.xbrl.org/2003/role/label">TWD</link:label>
    <link:labelArc xlink:type="arc" xlink:arcrole="http://www.xbrl.org/2003/arcrole/concept-label" xlink:from="loc_s2c_TWD" xlink:to="label_s2c_TWD" />
    <link:loc xlink:type="locator" xlink:href="mem.xsd#s2c_TZS" xlink:label="loc_s2c_TZS" />
    <link:label xlink:type="resource" xlink:label="label_s2c_TZS" xml:lang="en" xlink:role="http://www.xbrl.org/2003/role/label">TZS</link:label>
    <link:labelArc xlink:type="arc" xlink:arcrole="http://www.xbrl.org/2003/arcrole/concept-label" xlink:from="loc_s2c_TZS" xlink:to="label_s2c_TZS" />
    <link:loc xlink:type="locator" xlink:href="mem.xsd#s2c_UAH" xlink:label="loc_s2c_UAH" />
    <link:label xlink:type="resource" xlink:label="label_s2c_UAH" xml:lang="en" xlink:role="http://www.xbrl.org/2003/role/label">UAH</link:label>
    <link:labelArc xlink:type="arc" xlink:arcrole="http://www.xbrl.org/2003/arcrole/concept-label" xlink:from="loc_s2c_UAH" xlink:to="label_s2c_UAH" />
    <link:loc xlink:type="locator" xlink:href="mem.xsd#s2c_UGX" xlink:label="loc_s2c_UGX" />
    <link:label xlink:type="resource" xlink:label="label_s2c_UGX" xml:lang="en" xlink:role="http://www.xbrl.org/2003/role/label">UGX</link:label>
    <link:labelArc xlink:type="arc" xlink:arcrole="http://www.xbrl.org/2003/arcrole/concept-label" xlink:from="loc_s2c_UGX" xlink:to="label_s2c_UGX" />
    <link:loc xlink:type="locator" xlink:href="mem.xsd#s2c_USD" xlink:label="loc_s2c_USD" />
    <link:label xlink:type="resource" xlink:label="label_s2c_USD" xml:lang="en" xlink:role="http://www.xbrl.org/2003/role/label">USD</link:label>
    <link:labelArc xlink:type="arc" xlink:arcrole="http://www.xbrl.org/2003/arcrole/concept-label" xlink:from="loc_s2c_USD" xlink:to="label_s2c_USD" />
    <link:loc xlink:type="locator" xlink:href="mem.xsd#s2c_USN" xlink:label="loc_s2c_USN" />
    <link:label xlink:type="resource" xlink:label="label_s2c_USN" xml:lang="en" xlink:role="http://www.xbrl.org/2003/role/label">USN</link:label>
    <link:labelArc xlink:type="arc" xlink:arcrole="http://www.xbrl.org/2003/arcrole/concept-label" xlink:from="loc_s2c_USN" xlink:to="label_s2c_USN" />
    <link:loc xlink:type="locator" xlink:href="mem.xsd#s2c_USS" xlink:label="loc_s2c_USS" />
    <link:label xlink:type="resource" xlink:label="label_s2c_USS" xml:lang="en" xlink:role="http://www.xbrl.org/2003/role/label">USS</link:label>
    <link:labelArc xlink:type="arc" xlink:arcrole="http://www.xbrl.org/2003/arcrole/concept-label" xlink:from="loc_s2c_USS" xlink:to="label_s2c_USS" />
    <link:loc xlink:type="locator" xlink:href="mem.xsd#s2c_UYU" xlink:label="loc_s2c_UYU" />
    <link:label xlink:type="resource" xlink:label="label_s2c_UYU" xml:lang="en" xlink:role="http://www.xbrl.org/2003/role/label">UYU</link:label>
    <link:labelArc xlink:type="arc" xlink:arcrole="http://www.xbrl.org/2003/arcrole/concept-label" xlink:from="loc_s2c_UYU" xlink:to="label_s2c_UYU" />
    <link:loc xlink:type="locator" xlink:href="mem.xsd#s2c_UZS" xlink:label="loc_s2c_UZS" />
    <link:label xlink:type="resource" xlink:label="label_s2c_UZS" xml:lang="en" xlink:role="http://www.xbrl.org/2003/role/label">UZS</link:label>
    <link:labelArc xlink:type="arc" xlink:arcrole="http://www.xbrl.org/2003/arcrole/concept-label" xlink:from="loc_s2c_UZS" xlink:to="label_s2c_UZS" />
    <link:loc xlink:type="locator" xlink:href="mem.xsd#s2c_VEF" xlink:label="loc_s2c_VEF" />
    <link:label xlink:type="resource" xlink:label="label_s2c_VEF" xml:lang="en" xlink:role="http://www.xbrl.org/2003/role/label">VEF</link:label>
    <link:labelArc xlink:type="arc" xlink:arcrole="http://www.xbrl.org/2003/arcrole/concept-label" xlink:from="loc_s2c_VEF" xlink:to="label_s2c_VEF" />
    <link:loc xlink:type="locator" xlink:href="mem.xsd#s2c_VND" xlink:label="loc_s2c_VND" />
    <link:label xlink:type="resource" xlink:label="label_s2c_VND" xml:lang="en" xlink:role="http://www.xbrl.org/2003/role/label">VND</link:label>
    <link:labelArc xlink:type="arc" xlink:arcrole="http://www.xbrl.org/2003/arcrole/concept-label" xlink:from="loc_s2c_VND" xlink:to="label_s2c_VND" />
    <link:loc xlink:type="locator" xlink:href="mem.xsd#s2c_VUV" xlink:label="loc_s2c_VUV" />
    <link:label xlink:type="resource" xlink:label="label_s2c_VUV" xml:lang="en" xlink:role="http://www.xbrl.org/2003/role/label">VUV</link:label>
    <link:labelArc xlink:type="arc" xlink:arcrole="http://www.xbrl.org/2003/arcrole/concept-label" xlink:from="loc_s2c_VUV" xlink:to="label_s2c_VUV" />
    <link:loc xlink:type="locator" xlink:href="mem.xsd#s2c_WST" xlink:label="loc_s2c_WST" />
    <link:label xlink:type="resource" xlink:label="label_s2c_WST" xml:lang="en" xlink:role="http://www.xbrl.org/2003/role/label">WST</link:label>
    <link:labelArc xlink:type="arc" xlink:arcrole="http://www.xbrl.org/2003/arcrole/concept-label" xlink:from="loc_s2c_WST" xlink:to="label_s2c_WST" />
    <link:loc xlink:type="locator" xlink:href="mem.xsd#s2c_XAF" xlink:label="loc_s2c_XAF" />
    <link:label xlink:type="resource" xlink:label="label_s2c_XAF" xml:lang="en" xlink:role="http://www.xbrl.org/2003/role/label">XAF</link:label>
    <link:labelArc xlink:type="arc" xlink:arcrole="http://www.xbrl.org/2003/arcrole/concept-label" xlink:from="loc_s2c_XAF" xlink:to="label_s2c_XAF" />
    <link:loc xlink:type="locator" xlink:href="mem.xsd#s2c_XAG" xlink:label="loc_s2c_XAG" />
    <link:label xlink:type="resource" xlink:label="label_s2c_XAG" xml:lang="en" xlink:role="http://www.xbrl.org/2003/role/label">XAG</link:label>
    <link:labelArc xlink:type="arc" xlink:arcrole="http://www.xbrl.org/2003/arcrole/concept-label" xlink:from="loc_s2c_XAG" xlink:to="label_s2c_XAG" />
    <link:loc xlink:type="locator" xlink:href="mem.xsd#s2c_XAU" xlink:label="loc_s2c_XAU" />
    <link:label xlink:type="resource" xlink:label="label_s2c_XAU" xml:lang="en" xlink:role="http://www.xbrl.org/2003/role/label">XAU</link:label>
    <link:labelArc xlink:type="arc" xlink:arcrole="http://www.xbrl.org/2003/arcrole/concept-label" xlink:from="loc_s2c_XAU" xlink:to="label_s2c_XAU" />
    <link:loc xlink:type="locator" xlink:href="mem.xsd#s2c_XBA" xlink:label="loc_s2c_XBA" />
    <link:label xlink:type="resource" xlink:label="label_s2c_XBA" xml:lang="en" xlink:role="http://www.xbrl.org/2003/role/label">XBA</link:label>
    <link:labelArc xlink:type="arc" xlink:arcrole="http://www.xbrl.org/2003/arcrole/concept-label" xlink:from="loc_s2c_XBA" xlink:to="label_s2c_XBA" />
    <link:loc xlink:type="locator" xlink:href="mem.xsd#s2c_XBB" xlink:label="loc_s2c_XBB" />
    <link:label xlink:type="resource" xlink:label="label_s2c_XBB" xml:lang="en" xlink:role="http://www.xbrl.org/2003/role/label">XBB</link:label>
    <link:labelArc xlink:type="arc" xlink:arcrole="http://www.xbrl.org/2003/arcrole/concept-label" xlink:from="loc_s2c_XBB" xlink:to="label_s2c_XBB" />
    <link:loc xlink:type="locator" xlink:href="mem.xsd#s2c_XBC" xlink:label="loc_s2c_XBC" />
    <link:label xlink:type="resource" xlink:label="label_s2c_XBC" xml:lang="en" xlink:role="http://www.xbrl.org/2003/role/label">XBC</link:label>
    <link:labelArc xlink:type="arc" xlink:arcrole="http://www.xbrl.org/2003/arcrole/concept-label" xlink:from="loc_s2c_XBC" xlink:to="label_s2c_XBC" />
    <link:loc xlink:type="locator" xlink:href="mem.xsd#s2c_XBD" xlink:label="loc_s2c_XBD" />
    <link:label xlink:type="resource" xlink:label="label_s2c_XBD" xml:lang="en" xlink:role="http://www.xbrl.org/2003/role/label">XBD</link:label>
    <link:labelArc xlink:type="arc" xlink:arcrole="http://www.xbrl.org/2003/arcrole/concept-label" xlink:from="loc_s2c_XBD" xlink:to="label_s2c_XBD" />
    <link:loc xlink:type="locator" xlink:href="mem.xsd#s2c_XCD" xlink:label="loc_s2c_XCD" />
    <link:label xlink:type="resource" xlink:label="label_s2c_XCD" xml:lang="en" xlink:role="http://www.xbrl.org/2003/role/label">XCD</link:label>
    <link:labelArc xlink:type="arc" xlink:arcrole="http://www.xbrl.org/2003/arcrole/concept-label" xlink:from="loc_s2c_XCD" xlink:to="label_s2c_XCD" />
    <link:loc xlink:type="locator" xlink:href="mem.xsd#s2c_XDR" xlink:label="loc_s2c_XDR" />
    <link:label xlink:type="resource" xlink:label="label_s2c_XDR" xml:lang="en" xlink:role="http://www.xbrl.org/2003/role/label">XDR</link:label>
    <link:labelArc xlink:type="arc" xlink:arcrole="http://www.xbrl.org/2003/arcrole/concept-label" xlink:from="loc_s2c_XDR" xlink:to="label_s2c_XDR" />
    <link:loc xlink:type="locator" xlink:href="mem.xsd#s2c_XFU" xlink:label="loc_s2c_XFU" />
    <link:label xlink:type="resource" xlink:label="label_s2c_XFU" xml:lang="en" xlink:role="http://www.xbrl.org/2003/role/label">XFU</link:label>
    <link:labelArc xlink:type="arc" xlink:arcrole="http://www.xbrl.org/2003/arcrole/concept-label" xlink:from="loc_s2c_XFU" xlink:to="label_s2c_XFU" />
    <link:loc xlink:type="locator" xlink:href="mem.xsd#s2c_XOF" xlink:label="loc_s2c_XOF" />
    <link:label xlink:type="resource" xlink:label="label_s2c_XOF" xml:lang="en" xlink:role="http://www.xbrl.org/2003/role/label">XOF</link:label>
    <link:labelArc xlink:type="arc" xlink:arcrole="http://www.xbrl.org/2003/arcrole/concept-label" xlink:from="loc_s2c_XOF" xlink:to="label_s2c_XOF" />
    <link:loc xlink:type="locator" xlink:href="mem.xsd#s2c_XPD" xlink:label="loc_s2c_XPD" />
    <link:label xlink:type="resource" xlink:label="label_s2c_XPD" xml:lang="en" xlink:role="http://www.xbrl.org/2003/role/label">XPD</link:label>
    <link:labelArc xlink:type="arc" xlink:arcrole="http://www.xbrl.org/2003/arcrole/concept-label" xlink:from="loc_s2c_XPD" xlink:to="label_s2c_XPD" />
    <link:loc xlink:type="locator" xlink:href="mem.xsd#s2c_XPF" xlink:label="loc_s2c_XPF" />
    <link:label xlink:type="resource" xlink:label="label_s2c_XPF" xml:lang="en" xlink:role="http://www.xbrl.org/2003/role/label">XPF</link:label>
    <link:labelArc xlink:type="arc" xlink:arcrole="http://www.xbrl.org/2003/arcrole/concept-label" xlink:from="loc_s2c_XPF" xlink:to="label_s2c_XPF" />
    <link:loc xlink:type="locator" xlink:href="mem.xsd#s2c_XPT" xlink:label="loc_s2c_XPT" />
    <link:label xlink:type="resource" xlink:label="label_s2c_XPT" xml:lang="en" xlink:role="http://www.xbrl.org/2003/role/label">XPT</link:label>
    <link:labelArc xlink:type="arc" xlink:arcrole="http://www.xbrl.org/2003/arcrole/concept-label" xlink:from="loc_s2c_XPT" xlink:to="label_s2c_XPT" />
    <link:loc xlink:type="locator" xlink:href="mem.xsd#s2c_XTS" xlink:label="loc_s2c_XTS" />
    <link:label xlink:type="resource" xlink:label="label_s2c_XTS" xml:lang="en" xlink:role="http://www.xbrl.org/2003/role/label">XTS</link:label>
    <link:labelArc xlink:type="arc" xlink:arcrole="http://www.xbrl.org/2003/arcrole/concept-label" xlink:from="loc_s2c_XTS" xlink:to="label_s2c_XTS" />
    <link:loc xlink:type="locator" xlink:href="mem.xsd#s2c_XXX" xlink:label="loc_s2c_XXX" />
    <link:label xlink:type="resource" xlink:label="label_s2c_XXX" xml:lang="en" xlink:role="http://www.xbrl.org/2003/role/label">XXX</link:label>
    <link:labelArc xlink:type="arc" xlink:arcrole="http://www.xbrl.org/2003/arcrole/concept-label" xlink:from="loc_s2c_XXX" xlink:to="label_s2c_XXX" />
    <link:loc xlink:type="locator" xlink:href="mem.xsd#s2c_YER" xlink:label="loc_s2c_YER" />
    <link:label xlink:type="resource" xlink:label="label_s2c_YER" xml:lang="en" xlink:role="http://www.xbrl.org/2003/role/label">YER</link:label>
    <link:labelArc xlink:type="arc" xlink:arcrole="http://www.xbrl.org/2003/arcrole/concept-label" xlink:from="loc_s2c_YER" xlink:to="label_s2c_YER" />
    <link:loc xlink:type="locator" xlink:href="mem.xsd#s2c_ZAR" xlink:label="loc_s2c_ZAR" />
    <link:label xlink:type="resource" xlink:label="label_s2c_ZAR" xml:lang="en" xlink:role="http://www.xbrl.org/2003/role/label">ZAR</link:label>
    <link:labelArc xlink:type="arc" xlink:arcrole="http://www.xbrl.org/2003/arcrole/concept-label" xlink:from="loc_s2c_ZAR" xlink:to="label_s2c_ZAR" />
    <link:loc xlink:type="locator" xlink:href="mem.xsd#s2c_ZMK" xlink:label="loc_s2c_ZMK" />
    <link:label xlink:type="resource" xlink:label="label_s2c_ZMK" xml:lang="en" xlink:role="http://www.xbrl.org/2003/role/label">ZMK</link:label>
    <link:labelArc xlink:type="arc" xlink:arcrole="http://www.xbrl.org/2003/arcrole/concept-label" xlink:from="loc_s2c_ZMK" xlink:to="label_s2c_ZMK" />
    <link:loc xlink:type="locator" xlink:href="mem.xsd#s2c_ZWL" xlink:label="loc_s2c_ZWL" />
    <link:label xlink:type="resource" xlink:label="label_s2c_ZWL" xml:lang="en" xlink:role="http://www.xbrl.org/2003/role/label">ZWL</link:label>
    <link:labelArc xlink:type="arc" xlink:arcrole="http://www.xbrl.org/2003/arcrole/concept-label" xlink:from="loc_s2c_ZWL" xlink:to="label_s2c_ZWL" />
    <link:loc xlink:type="locator" xlink:href="mem.xsd#s2c_x1" xlink:label="loc_s2c_x1" />
    <link:label xlink:type="resource" xlink:label="label_s2c_x1" xml:lang="en" xlink:role="http://www.xbrl.org/2003/role/label">Local</link:label>
    <link:labelArc xlink:type="arc" xlink:arcrole="http://www.xbrl.org/2003/arcrole/concept-label" xlink:from="loc_s2c_x1" xlink:to="label_s2c_x1" />
    <link:loc xlink:type="locator" xlink:href="mem.xsd#s2c_x2" xlink:label="loc_s2c_x2" />
    <link:label xlink:type="resource" xlink:label="label_s2c_x2" xml:lang="en" xlink:role="http://www.xbrl.org/2003/role/label">Foreign</link:label>
    <link:labelArc xlink:type="arc" xlink:arcrole="http://www.xbrl.org/2003/arcrole/concept-label" xlink:from="loc_s2c_x2" xlink:to="label_s2c_x2" />
    <link:loc xlink:type="locator" xlink:href="mem.xsd#s2c_x3" xlink:label="loc_s2c_x3" />
    <link:label xlink:type="resource" xlink:label="label_s2c_x3" xml:lang="en" xlink:role="http://www.xbrl.org/2003/role/label">Reporting currency</link:label>
    <link:labelArc xlink:type="arc" xlink:arcrole="http://www.xbrl.org/2003/arcrole/concept-label" xlink:from="loc_s2c_x3" xlink:to="label_s2c_x3" />
    <link:loc xlink:type="locator" xlink:href="mem.xsd#s2c_x4" xlink:label="loc_s2c_x4" />
    <link:label xlink:type="resource" xlink:label="label_s2c_x4" xml:lang="en" xlink:role="http://www.xbrl.org/2003/role/label">Other than reporting currency</link:label>
    <link:labelArc xlink:type="arc" xlink:arcrole="http://www.xbrl.org/2003/arcrole/concept-label" xlink:from="loc_s2c_x4" xlink:to="label_s2c_x4" />
    <link:loc xlink:type="locator" xlink:href="mem.xsd#s2c_SSP" xlink:label="loc_s2c_SSP" />
    <link:label xlink:type="resource" xlink:label="label_s2c_SSP" xml:lang="en" xlink:role="http://www.xbrl.org/2003/role/label">SSP</link:label>
    <link:labelArc xlink:type="arc" xlink:arcrole="http://www.xbrl.org/2003/arcrole/concept-label" xlink:from="loc_s2c_SSP" xlink:to="label_s2c_SSP" />
    <link:loc xlink:type="locator" xlink:href="mem.xsd#s2c_SVC" xlink:label="loc_s2c_SVC" />
    <link:label xlink:type="resource" xlink:label="label_s2c_SVC" xml:lang="en" xlink:role="http://www.xbrl.org/2003/role/label">SVC</link:label>
    <link:labelArc xlink:type="arc" xlink:arcrole="http://www.xbrl.org/2003/arcrole/concept-label" xlink:from="loc_s2c_SVC" xlink:to="label_s2c_SVC" />
    <link:loc xlink:type="locator" xlink:href="mem.xsd#s2c_UYI" xlink:label="loc_s2c_UYI" />
    <link:label xlink:type="resource" xlink:label="label_s2c_UYI" xml:lang="en" xlink:role="http://www.xbrl.org/2003/role/label">UYI</link:label>
    <link:labelArc xlink:type="arc" xlink:arcrole="http://www.xbrl.org/2003/arcrole/concept-label" xlink:from="loc_s2c_UYI" xlink:to="label_s2c_UYI" />
    <link:loc xlink:type="locator" xlink:href="mem.xsd#s2c_ZMW" xlink:label="loc_s2c_ZMW" />
    <link:label xlink:type="resource" xlink:label="label_s2c_ZMW" xml:lang="en" xlink:role="http://www.xbrl.org/2003/role/label">ZMW</link:label>
    <link:labelArc xlink:type="arc" xlink:arcrole="http://www.xbrl.org/2003/arcrole/concept-label" xlink:from="loc_s2c_ZMW" xlink:to="label_s2c_ZMW" />
    <link:loc xlink:type="locator" xlink:href="mem.xsd#s2c_XUA" xlink:label="loc_s2c_XUA" />
    <link:label xlink:type="resource" xlink:label="label_s2c_XUA" xml:lang="en" xlink:role="http://www.xbrl.org/2003/role/label">XUA</link:label>
    <link:labelArc xlink:type="arc" xlink:arcrole="http://www.xbrl.org/2003/arcrole/concept-label" xlink:from="loc_s2c_XUA" xlink:to="label_s2c_XUA" />
    <link:loc xlink:type="locator" xlink:href="mem.xsd#s2c_XSU" xlink:label="loc_s2c_XSU" />
    <link:label xlink:type="resource" xlink:label="label_s2c_XSU" xml:lang="en" xlink:role="http://www.xbrl.org/2003/role/label">XSU</link:label>
    <link:labelArc xlink:type="arc" xlink:arcrole="http://www.xbrl.org/2003/arcrole/concept-label" xlink:from="loc_s2c_XSU" xlink:to="label_s2c_XSU" />
    <link:loc xlink:type="locator" xlink:href="mem.xsd#s2c_BYN" xlink:label="loc_s2c_BYN" />
    <link:label xlink:type="resource" xlink:label="label_s2c_BYN" xml:lang="en" xlink:role="http://www.xbrl.org/2003/role/label">BYN</link:label>
    <link:labelArc xlink:type="arc" xlink:arcrole="http://www.xbrl.org/2003/arcrole/concept-label" xlink:from="loc_s2c_BYN" xlink:to="label_s2c_BYN" />
  </link:labelLink>
</link:linkbase>