<?xml version="1.0" encoding="UTF-8"?>
<!--(C) EIOPA - XBRL Solvency 2 Taxonomy-->
<?officialURI http://eiopa.europa.eu/eu/xbrl/s2md/fws/solvency/solvency2/2016-07-15/mod/afb-find-prec.xml?>
<?taxonomy-version 2.1.0?>
<?taxonomy-date 2016-07-15?>
<link:linkbase xmlns:xsi="http://www.w3.org/2001/XMLSchema-instance" xmlns:xbrli="http://www.xbrl.org/2003/instance" xmlns:xlink="http://www.w3.org/1999/xlink" xmlns:link="http://www.xbrl.org/2003/linkbase" xmlns:gen="http://xbrl.org/2008/generic" xmlns:label="http://xbrl.org/2008/label" xmlns:find="http://www.eurofiling.info/xbrl/ext/filing-indicators" xmlns:variable="http://xbrl.org/2008/variable" xsi:schemaLocation="http://www.xbrl.org/2003/linkbase http://www.xbrl.org/2003/xbrl-linkbase-2003-12-31.xsd http://xbrl.org/2008/generic http://www.xbrl.org/2008/generic-link.xsd http://xbrl.org/2008/label http://www.xbrl.org/2008/generic-label.xsd http://www.eurofiling.info/xbrl/ext/filing-indicators http://www.eurofiling.info/eu/fr/xbrl/ext/filing-indicators.xsd http://xbrl.org/2008/variable http://www.xbrl.org/2008/variable.xsd">
  <link:arcroleRef arcroleURI="http://xbrl.org/arcrole/2008/variable-set-precondition" xlink:type="simple" xlink:href="http://www.xbrl.org/2008/variable.xsd#variable-set-precondition" />
  <gen:link xlink:type="extended" xlink:role="http://www.xbrl.org/2003/role/link">
    <variable:precondition xlink:type="resource" xlink:label="findPrec" test="$find:tS.01.02" />
    <link:loc xlink:type="locator" xlink:href="../val/vr-bv217-10-2.xml#s2md_BV217-10-2" xlink:label="loc_s2md_BV217-10-2" />
    <gen:arc xlink:type="arc" xlink:arcrole="http://xbrl.org/arcrole/2008/variable-set-precondition" xlink:from="loc_s2md_BV217-10-2" xlink:to="findPrec" />
    <link:loc xlink:type="locator" xlink:href="../val/vr-bv217-11-2.xml#s2md_BV217-11-2" xlink:label="loc_s2md_BV217-11-2" />
    <gen:arc xlink:type="arc" xlink:arcrole="http://xbrl.org/arcrole/2008/variable-set-precondition" xlink:from="loc_s2md_BV217-11-2" xlink:to="findPrec" />
    <link:loc xlink:type="locator" xlink:href="../val/vr-bv217-12-2.xml#s2md_BV217-12-2" xlink:label="loc_s2md_BV217-12-2" />
    <gen:arc xlink:type="arc" xlink:arcrole="http://xbrl.org/arcrole/2008/variable-set-precondition" xlink:from="loc_s2md_BV217-12-2" xlink:to="findPrec" />
    <link:loc xlink:type="locator" xlink:href="../val/vr-bv217-1-3.xml#s2md_BV217-1-3" xlink:label="loc_s2md_BV217-1-3" />
    <gen:arc xlink:type="arc" xlink:arcrole="http://xbrl.org/arcrole/2008/variable-set-precondition" xlink:from="loc_s2md_BV217-1-3" xlink:to="findPrec" />
    <link:loc xlink:type="locator" xlink:href="../val/vr-bv217-13-2.xml#s2md_BV217-13-2" xlink:label="loc_s2md_BV217-13-2" />
    <gen:arc xlink:type="arc" xlink:arcrole="http://xbrl.org/arcrole/2008/variable-set-precondition" xlink:from="loc_s2md_BV217-13-2" xlink:to="findPrec" />
    <link:loc xlink:type="locator" xlink:href="../val/vr-bv217-14-2.xml#s2md_BV217-14-2" xlink:label="loc_s2md_BV217-14-2" />
    <gen:arc xlink:type="arc" xlink:arcrole="http://xbrl.org/arcrole/2008/variable-set-precondition" xlink:from="loc_s2md_BV217-14-2" xlink:to="findPrec" />
    <link:loc xlink:type="locator" xlink:href="../val/vr-bv217-15-2.xml#s2md_BV217-15-2" xlink:label="loc_s2md_BV217-15-2" />
    <gen:arc xlink:type="arc" xlink:arcrole="http://xbrl.org/arcrole/2008/variable-set-precondition" xlink:from="loc_s2md_BV217-15-2" xlink:to="findPrec" />
    <link:loc xlink:type="locator" xlink:href="../val/vr-bv217-16-2.xml#s2md_BV217-16-2" xlink:label="loc_s2md_BV217-16-2" />
    <gen:arc xlink:type="arc" xlink:arcrole="http://xbrl.org/arcrole/2008/variable-set-precondition" xlink:from="loc_s2md_BV217-16-2" xlink:to="findPrec" />
    <link:loc xlink:type="locator" xlink:href="../val/vr-bv217-17-2.xml#s2md_BV217-17-2" xlink:label="loc_s2md_BV217-17-2" />
    <gen:arc xlink:type="arc" xlink:arcrole="http://xbrl.org/arcrole/2008/variable-set-precondition" xlink:from="loc_s2md_BV217-17-2" xlink:to="findPrec" />
    <link:loc xlink:type="locator" xlink:href="../val/vr-bv217-18-2.xml#s2md_BV217-18-2" xlink:label="loc_s2md_BV217-18-2" />
    <gen:arc xlink:type="arc" xlink:arcrole="http://xbrl.org/arcrole/2008/variable-set-precondition" xlink:from="loc_s2md_BV217-18-2" xlink:to="findPrec" />
    <link:loc xlink:type="locator" xlink:href="../val/vr-bv217-19-2.xml#s2md_BV217-19-2" xlink:label="loc_s2md_BV217-19-2" />
    <gen:arc xlink:type="arc" xlink:arcrole="http://xbrl.org/arcrole/2008/variable-set-precondition" xlink:from="loc_s2md_BV217-19-2" xlink:to="findPrec" />
    <link:loc xlink:type="locator" xlink:href="../val/vr-bv217-20-1.xml#s2md_BV217-20-1" xlink:label="loc_s2md_BV217-20-1" />
    <gen:arc xlink:type="arc" xlink:arcrole="http://xbrl.org/arcrole/2008/variable-set-precondition" xlink:from="loc_s2md_BV217-20-1" xlink:to="findPrec" />
    <link:loc xlink:type="locator" xlink:href="../val/vr-bv217-2-1.xml#s2md_BV217-2-1" xlink:label="loc_s2md_BV217-2-1" />
    <gen:arc xlink:type="arc" xlink:arcrole="http://xbrl.org/arcrole/2008/variable-set-precondition" xlink:from="loc_s2md_BV217-2-1" xlink:to="findPrec" />
    <link:loc xlink:type="locator" xlink:href="../val/vr-bv217-3-1.xml#s2md_BV217-3-1" xlink:label="loc_s2md_BV217-3-1" />
    <gen:arc xlink:type="arc" xlink:arcrole="http://xbrl.org/arcrole/2008/variable-set-precondition" xlink:from="loc_s2md_BV217-3-1" xlink:to="findPrec" />
    <link:loc xlink:type="locator" xlink:href="../val/vr-bv217-4-1.xml#s2md_BV217-4-1" xlink:label="loc_s2md_BV217-4-1" />
    <gen:arc xlink:type="arc" xlink:arcrole="http://xbrl.org/arcrole/2008/variable-set-precondition" xlink:from="loc_s2md_BV217-4-1" xlink:to="findPrec" />
    <link:loc xlink:type="locator" xlink:href="../val/vr-bv217-5-1.xml#s2md_BV217-5-1" xlink:label="loc_s2md_BV217-5-1" />
    <gen:arc xlink:type="arc" xlink:arcrole="http://xbrl.org/arcrole/2008/variable-set-precondition" xlink:from="loc_s2md_BV217-5-1" xlink:to="findPrec" />
    <link:loc xlink:type="locator" xlink:href="../val/vr-bv217-6-1.xml#s2md_BV217-6-1" xlink:label="loc_s2md_BV217-6-1" />
    <gen:arc xlink:type="arc" xlink:arcrole="http://xbrl.org/arcrole/2008/variable-set-precondition" xlink:from="loc_s2md_BV217-6-1" xlink:to="findPrec" />
    <link:loc xlink:type="locator" xlink:href="../val/vr-bv217-7-1.xml#s2md_BV217-7-1" xlink:label="loc_s2md_BV217-7-1" />
    <gen:arc xlink:type="arc" xlink:arcrole="http://xbrl.org/arcrole/2008/variable-set-precondition" xlink:from="loc_s2md_BV217-7-1" xlink:to="findPrec" />
    <link:loc xlink:type="locator" xlink:href="../val/vr-bv217-8-1.xml#s2md_BV217-8-1" xlink:label="loc_s2md_BV217-8-1" />
    <gen:arc xlink:type="arc" xlink:arcrole="http://xbrl.org/arcrole/2008/variable-set-precondition" xlink:from="loc_s2md_BV217-8-1" xlink:to="findPrec" />
    <link:loc xlink:type="locator" xlink:href="../val/vr-bv217-9-1.xml#s2md_BV217-9-1" xlink:label="loc_s2md_BV217-9-1" />
    <gen:arc xlink:type="arc" xlink:arcrole="http://xbrl.org/arcrole/2008/variable-set-precondition" xlink:from="loc_s2md_BV217-9-1" xlink:to="findPrec" />
    <variable:precondition xlink:type="resource" xlink:label="findPrec_1" test="$find:tS.01.01" />
    <link:loc xlink:type="locator" xlink:href="../val/vr-tv23-14-1-1.xml#s2md_TV23-14-1-1" xlink:label="loc_s2md_TV23-14-1-1" />
    <gen:arc xlink:type="arc" xlink:arcrole="http://xbrl.org/arcrole/2008/variable-set-precondition" xlink:from="loc_s2md_TV23-14-1-1" xlink:to="findPrec_1" />
    <link:loc xlink:type="locator" xlink:href="../val/vr-tv23-14-2-1.xml#s2md_TV23-14-2-1" xlink:label="loc_s2md_TV23-14-2-1" />
    <gen:arc xlink:type="arc" xlink:arcrole="http://xbrl.org/arcrole/2008/variable-set-precondition" xlink:from="loc_s2md_TV23-14-2-1" xlink:to="findPrec_1" />
    <link:loc xlink:type="locator" xlink:href="../val/vr-tv23-14-3-1.xml#s2md_TV23-14-3-1" xlink:label="loc_s2md_TV23-14-3-1" />
    <gen:arc xlink:type="arc" xlink:arcrole="http://xbrl.org/arcrole/2008/variable-set-precondition" xlink:from="loc_s2md_TV23-14-3-1" xlink:to="findPrec_1" />
    <link:loc xlink:type="locator" xlink:href="../val/vr-tv23-14-4-1.xml#s2md_TV23-14-4-1" xlink:label="loc_s2md_TV23-14-4-1" />
    <gen:arc xlink:type="arc" xlink:arcrole="http://xbrl.org/arcrole/2008/variable-set-precondition" xlink:from="loc_s2md_TV23-14-4-1" xlink:to="findPrec_1" />
  </gen:link>
</link:linkbase>