<?xml version="1.0" encoding="UTF-8"?>
<!--(C) EIOPA - XBRL Solvency 2 Taxonomy-->
<?officialURI http://eiopa.europa.eu/eu/xbrl/s2md/fws/solvency/solvency2/2016-07-15/mod/qes-find-prec.xml?>
<?taxonomy-version 2.1.0?>
<?taxonomy-date 2016-07-15?>
<link:linkbase xmlns:xsi="http://www.w3.org/2001/XMLSchema-instance" xmlns:xbrli="http://www.xbrl.org/2003/instance" xmlns:xlink="http://www.w3.org/1999/xlink" xmlns:link="http://www.xbrl.org/2003/linkbase" xmlns:gen="http://xbrl.org/2008/generic" xmlns:label="http://xbrl.org/2008/label" xmlns:find="http://www.eurofiling.info/xbrl/ext/filing-indicators" xmlns:variable="http://xbrl.org/2008/variable" xsi:schemaLocation="http://www.xbrl.org/2003/linkbase http://www.xbrl.org/2003/xbrl-linkbase-2003-12-31.xsd http://xbrl.org/2008/generic http://www.xbrl.org/2008/generic-link.xsd http://xbrl.org/2008/label http://www.xbrl.org/2008/generic-label.xsd http://www.eurofiling.info/xbrl/ext/filing-indicators http://www.eurofiling.info/eu/fr/xbrl/ext/filing-indicators.xsd http://xbrl.org/2008/variable http://www.xbrl.org/2008/variable.xsd">
  <link:arcroleRef arcroleURI="http://xbrl.org/arcrole/2008/variable-set-precondition" xlink:type="simple" xlink:href="http://www.xbrl.org/2008/variable.xsd#variable-set-precondition" />
  <gen:link xlink:type="extended" xlink:role="http://www.xbrl.org/2003/role/link">
    <variable:precondition xlink:type="resource" xlink:label="findPrec" test="$find:tS.23.01" />
    <link:loc xlink:type="locator" xlink:href="../val/vr-bv73-1.xml#s2md_BV73-1" xlink:label="loc_s2md_BV73-1" />
    <gen:arc xlink:type="arc" xlink:arcrole="http://xbrl.org/arcrole/2008/variable-set-precondition" xlink:from="loc_s2md_BV73-1" xlink:to="findPrec" />
    <link:loc xlink:type="locator" xlink:href="../val/vr-bv74-1.xml#s2md_BV74-1" xlink:label="loc_s2md_BV74-1" />
    <gen:arc xlink:type="arc" xlink:arcrole="http://xbrl.org/arcrole/2008/variable-set-precondition" xlink:from="loc_s2md_BV74-1" xlink:to="findPrec" />
    <link:loc xlink:type="locator" xlink:href="../val/vr-bv75-1.xml#s2md_BV75-1" xlink:label="loc_s2md_BV75-1" />
    <gen:arc xlink:type="arc" xlink:arcrole="http://xbrl.org/arcrole/2008/variable-set-precondition" xlink:from="loc_s2md_BV75-1" xlink:to="findPrec" />
    <link:loc xlink:type="locator" xlink:href="../val/vr-bv76-1.xml#s2md_BV76-1" xlink:label="loc_s2md_BV76-1" />
    <gen:arc xlink:type="arc" xlink:arcrole="http://xbrl.org/arcrole/2008/variable-set-precondition" xlink:from="loc_s2md_BV76-1" xlink:to="findPrec" />
    <link:loc xlink:type="locator" xlink:href="../val/vr-bv77-1.xml#s2md_BV77-1" xlink:label="loc_s2md_BV77-1" />
    <gen:arc xlink:type="arc" xlink:arcrole="http://xbrl.org/arcrole/2008/variable-set-precondition" xlink:from="loc_s2md_BV77-1" xlink:to="findPrec" />
    <link:loc xlink:type="locator" xlink:href="../val/vr-bv78-1.xml#s2md_BV78-1" xlink:label="loc_s2md_BV78-1" />
    <gen:arc xlink:type="arc" xlink:arcrole="http://xbrl.org/arcrole/2008/variable-set-precondition" xlink:from="loc_s2md_BV78-1" xlink:to="findPrec" />
    <link:loc xlink:type="locator" xlink:href="../val/vr-bv79-1.xml#s2md_BV79-1" xlink:label="loc_s2md_BV79-1" />
    <gen:arc xlink:type="arc" xlink:arcrole="http://xbrl.org/arcrole/2008/variable-set-precondition" xlink:from="loc_s2md_BV79-1" xlink:to="findPrec" />
    <link:loc xlink:type="locator" xlink:href="../val/vr-bv80-1.xml#s2md_BV80-1" xlink:label="loc_s2md_BV80-1" />
    <gen:arc xlink:type="arc" xlink:arcrole="http://xbrl.org/arcrole/2008/variable-set-precondition" xlink:from="loc_s2md_BV80-1" xlink:to="findPrec" />
    <link:loc xlink:type="locator" xlink:href="../val/vr-bv81-1.xml#s2md_BV81-1" xlink:label="loc_s2md_BV81-1" />
    <gen:arc xlink:type="arc" xlink:arcrole="http://xbrl.org/arcrole/2008/variable-set-precondition" xlink:from="loc_s2md_BV81-1" xlink:to="findPrec" />
    <link:loc xlink:type="locator" xlink:href="../val/vr-bv83-1.xml#s2md_BV83-1" xlink:label="loc_s2md_BV83-1" />
    <gen:arc xlink:type="arc" xlink:arcrole="http://xbrl.org/arcrole/2008/variable-set-precondition" xlink:from="loc_s2md_BV83-1" xlink:to="findPrec" />
    <link:loc xlink:type="locator" xlink:href="../val/vr-bv84-1.xml#s2md_BV84-1" xlink:label="loc_s2md_BV84-1" />
    <gen:arc xlink:type="arc" xlink:arcrole="http://xbrl.org/arcrole/2008/variable-set-precondition" xlink:from="loc_s2md_BV84-1" xlink:to="findPrec" />
    <link:loc xlink:type="locator" xlink:href="../val/vr-bv85-1.xml#s2md_BV85-1" xlink:label="loc_s2md_BV85-1" />
    <gen:arc xlink:type="arc" xlink:arcrole="http://xbrl.org/arcrole/2008/variable-set-precondition" xlink:from="loc_s2md_BV85-1" xlink:to="findPrec" />
    <link:loc xlink:type="locator" xlink:href="../val/vr-bv86-1.xml#s2md_BV86-1" xlink:label="loc_s2md_BV86-1" />
    <gen:arc xlink:type="arc" xlink:arcrole="http://xbrl.org/arcrole/2008/variable-set-precondition" xlink:from="loc_s2md_BV86-1" xlink:to="findPrec" />
    <link:loc xlink:type="locator" xlink:href="../val/vr-bv87-1.xml#s2md_BV87-1" xlink:label="loc_s2md_BV87-1" />
    <gen:arc xlink:type="arc" xlink:arcrole="http://xbrl.org/arcrole/2008/variable-set-precondition" xlink:from="loc_s2md_BV87-1" xlink:to="findPrec" />
    <link:loc xlink:type="locator" xlink:href="../val/vr-bv88-1.xml#s2md_BV88-1" xlink:label="loc_s2md_BV88-1" />
    <gen:arc xlink:type="arc" xlink:arcrole="http://xbrl.org/arcrole/2008/variable-set-precondition" xlink:from="loc_s2md_BV88-1" xlink:to="findPrec" />
    <link:loc xlink:type="locator" xlink:href="../val/vr-bv524-1.xml#s2md_BV524-1" xlink:label="loc_s2md_BV524-1" />
    <gen:arc xlink:type="arc" xlink:arcrole="http://xbrl.org/arcrole/2008/variable-set-precondition" xlink:from="loc_s2md_BV524-1" xlink:to="findPrec" />
    <link:loc xlink:type="locator" xlink:href="../val/vr-bv526-1.xml#s2md_BV526-1" xlink:label="loc_s2md_BV526-1" />
    <gen:arc xlink:type="arc" xlink:arcrole="http://xbrl.org/arcrole/2008/variable-set-precondition" xlink:from="loc_s2md_BV526-1" xlink:to="findPrec" />
    <link:loc xlink:type="locator" xlink:href="../val/vr-bv528-1.xml#s2md_BV528-1" xlink:label="loc_s2md_BV528-1" />
    <gen:arc xlink:type="arc" xlink:arcrole="http://xbrl.org/arcrole/2008/variable-set-precondition" xlink:from="loc_s2md_BV528-1" xlink:to="findPrec" />
    <link:loc xlink:type="locator" xlink:href="../val/vr-bv534-1.xml#s2md_BV534-1" xlink:label="loc_s2md_BV534-1" />
    <gen:arc xlink:type="arc" xlink:arcrole="http://xbrl.org/arcrole/2008/variable-set-precondition" xlink:from="loc_s2md_BV534-1" xlink:to="findPrec" />
    <link:loc xlink:type="locator" xlink:href="../val/vr-bv536-1.xml#s2md_BV536-1" xlink:label="loc_s2md_BV536-1" />
    <gen:arc xlink:type="arc" xlink:arcrole="http://xbrl.org/arcrole/2008/variable-set-precondition" xlink:from="loc_s2md_BV536-1" xlink:to="findPrec" />
    <link:loc xlink:type="locator" xlink:href="../val/vr-bv539-1.xml#s2md_BV539-1" xlink:label="loc_s2md_BV539-1" />
    <gen:arc xlink:type="arc" xlink:arcrole="http://xbrl.org/arcrole/2008/variable-set-precondition" xlink:from="loc_s2md_BV539-1" xlink:to="findPrec" />
    <link:loc xlink:type="locator" xlink:href="../val/vr-bv540-1.xml#s2md_BV540-1" xlink:label="loc_s2md_BV540-1" />
    <gen:arc xlink:type="arc" xlink:arcrole="http://xbrl.org/arcrole/2008/variable-set-precondition" xlink:from="loc_s2md_BV540-1" xlink:to="findPrec" />
    <link:loc xlink:type="locator" xlink:href="../val/vr-bv542-1.xml#s2md_BV542-1" xlink:label="loc_s2md_BV542-1" />
    <gen:arc xlink:type="arc" xlink:arcrole="http://xbrl.org/arcrole/2008/variable-set-precondition" xlink:from="loc_s2md_BV542-1" xlink:to="findPrec" />
    <link:loc xlink:type="locator" xlink:href="../val/vr-bv544-1.xml#s2md_BV544-1" xlink:label="loc_s2md_BV544-1" />
    <gen:arc xlink:type="arc" xlink:arcrole="http://xbrl.org/arcrole/2008/variable-set-precondition" xlink:from="loc_s2md_BV544-1" xlink:to="findPrec" />
    <link:loc xlink:type="locator" xlink:href="../val/vr-bv545-1.xml#s2md_BV545-1" xlink:label="loc_s2md_BV545-1" />
    <gen:arc xlink:type="arc" xlink:arcrole="http://xbrl.org/arcrole/2008/variable-set-precondition" xlink:from="loc_s2md_BV545-1" xlink:to="findPrec" />
    <link:loc xlink:type="locator" xlink:href="../val/vr-bv546-1.xml#s2md_BV546-1" xlink:label="loc_s2md_BV546-1" />
    <gen:arc xlink:type="arc" xlink:arcrole="http://xbrl.org/arcrole/2008/variable-set-precondition" xlink:from="loc_s2md_BV546-1" xlink:to="findPrec" />
    <variable:precondition xlink:type="resource" xlink:label="findPrec_1" test="$find:tS.01.02" />
    <link:loc xlink:type="locator" xlink:href="../val/vr-bv195-10-2.xml#s2md_BV195-10-2" xlink:label="loc_s2md_BV195-10-2" />
    <gen:arc xlink:type="arc" xlink:arcrole="http://xbrl.org/arcrole/2008/variable-set-precondition" xlink:from="loc_s2md_BV195-10-2" xlink:to="findPrec_1" />
    <link:loc xlink:type="locator" xlink:href="../val/vr-bv195-11-2.xml#s2md_BV195-11-2" xlink:label="loc_s2md_BV195-11-2" />
    <gen:arc xlink:type="arc" xlink:arcrole="http://xbrl.org/arcrole/2008/variable-set-precondition" xlink:from="loc_s2md_BV195-11-2" xlink:to="findPrec_1" />
    <link:loc xlink:type="locator" xlink:href="../val/vr-bv195-12-2.xml#s2md_BV195-12-2" xlink:label="loc_s2md_BV195-12-2" />
    <gen:arc xlink:type="arc" xlink:arcrole="http://xbrl.org/arcrole/2008/variable-set-precondition" xlink:from="loc_s2md_BV195-12-2" xlink:to="findPrec_1" />
    <link:loc xlink:type="locator" xlink:href="../val/vr-bv195-1-3.xml#s2md_BV195-1-3" xlink:label="loc_s2md_BV195-1-3" />
    <gen:arc xlink:type="arc" xlink:arcrole="http://xbrl.org/arcrole/2008/variable-set-precondition" xlink:from="loc_s2md_BV195-1-3" xlink:to="findPrec_1" />
    <link:loc xlink:type="locator" xlink:href="../val/vr-bv195-13-2.xml#s2md_BV195-13-2" xlink:label="loc_s2md_BV195-13-2" />
    <gen:arc xlink:type="arc" xlink:arcrole="http://xbrl.org/arcrole/2008/variable-set-precondition" xlink:from="loc_s2md_BV195-13-2" xlink:to="findPrec_1" />
    <link:loc xlink:type="locator" xlink:href="../val/vr-bv195-14-2.xml#s2md_BV195-14-2" xlink:label="loc_s2md_BV195-14-2" />
    <gen:arc xlink:type="arc" xlink:arcrole="http://xbrl.org/arcrole/2008/variable-set-precondition" xlink:from="loc_s2md_BV195-14-2" xlink:to="findPrec_1" />
    <link:loc xlink:type="locator" xlink:href="../val/vr-bv195-15-2.xml#s2md_BV195-15-2" xlink:label="loc_s2md_BV195-15-2" />
    <gen:arc xlink:type="arc" xlink:arcrole="http://xbrl.org/arcrole/2008/variable-set-precondition" xlink:from="loc_s2md_BV195-15-2" xlink:to="findPrec_1" />
    <link:loc xlink:type="locator" xlink:href="../val/vr-bv195-16-2.xml#s2md_BV195-16-2" xlink:label="loc_s2md_BV195-16-2" />
    <gen:arc xlink:type="arc" xlink:arcrole="http://xbrl.org/arcrole/2008/variable-set-precondition" xlink:from="loc_s2md_BV195-16-2" xlink:to="findPrec_1" />
    <link:loc xlink:type="locator" xlink:href="../val/vr-bv195-17-2.xml#s2md_BV195-17-2" xlink:label="loc_s2md_BV195-17-2" />
    <gen:arc xlink:type="arc" xlink:arcrole="http://xbrl.org/arcrole/2008/variable-set-precondition" xlink:from="loc_s2md_BV195-17-2" xlink:to="findPrec_1" />
    <link:loc xlink:type="locator" xlink:href="../val/vr-bv195-18-2.xml#s2md_BV195-18-2" xlink:label="loc_s2md_BV195-18-2" />
    <gen:arc xlink:type="arc" xlink:arcrole="http://xbrl.org/arcrole/2008/variable-set-precondition" xlink:from="loc_s2md_BV195-18-2" xlink:to="findPrec_1" />
    <link:loc xlink:type="locator" xlink:href="../val/vr-bv195-2-1.xml#s2md_BV195-2-1" xlink:label="loc_s2md_BV195-2-1" />
    <gen:arc xlink:type="arc" xlink:arcrole="http://xbrl.org/arcrole/2008/variable-set-precondition" xlink:from="loc_s2md_BV195-2-1" xlink:to="findPrec_1" />
    <link:loc xlink:type="locator" xlink:href="../val/vr-bv195-3-1.xml#s2md_BV195-3-1" xlink:label="loc_s2md_BV195-3-1" />
    <gen:arc xlink:type="arc" xlink:arcrole="http://xbrl.org/arcrole/2008/variable-set-precondition" xlink:from="loc_s2md_BV195-3-1" xlink:to="findPrec_1" />
    <link:loc xlink:type="locator" xlink:href="../val/vr-bv195-4-1.xml#s2md_BV195-4-1" xlink:label="loc_s2md_BV195-4-1" />
    <gen:arc xlink:type="arc" xlink:arcrole="http://xbrl.org/arcrole/2008/variable-set-precondition" xlink:from="loc_s2md_BV195-4-1" xlink:to="findPrec_1" />
    <link:loc xlink:type="locator" xlink:href="../val/vr-bv195-5-1.xml#s2md_BV195-5-1" xlink:label="loc_s2md_BV195-5-1" />
    <gen:arc xlink:type="arc" xlink:arcrole="http://xbrl.org/arcrole/2008/variable-set-precondition" xlink:from="loc_s2md_BV195-5-1" xlink:to="findPrec_1" />
    <link:loc xlink:type="locator" xlink:href="../val/vr-bv195-6-1.xml#s2md_BV195-6-1" xlink:label="loc_s2md_BV195-6-1" />
    <gen:arc xlink:type="arc" xlink:arcrole="http://xbrl.org/arcrole/2008/variable-set-precondition" xlink:from="loc_s2md_BV195-6-1" xlink:to="findPrec_1" />
    <link:loc xlink:type="locator" xlink:href="../val/vr-bv195-7-1.xml#s2md_BV195-7-1" xlink:label="loc_s2md_BV195-7-1" />
    <gen:arc xlink:type="arc" xlink:arcrole="http://xbrl.org/arcrole/2008/variable-set-precondition" xlink:from="loc_s2md_BV195-7-1" xlink:to="findPrec_1" />
    <link:loc xlink:type="locator" xlink:href="../val/vr-bv195-8-1.xml#s2md_BV195-8-1" xlink:label="loc_s2md_BV195-8-1" />
    <gen:arc xlink:type="arc" xlink:arcrole="http://xbrl.org/arcrole/2008/variable-set-precondition" xlink:from="loc_s2md_BV195-8-1" xlink:to="findPrec_1" />
    <link:loc xlink:type="locator" xlink:href="../val/vr-bv195-9-1.xml#s2md_BV195-9-1" xlink:label="loc_s2md_BV195-9-1" />
    <gen:arc xlink:type="arc" xlink:arcrole="http://xbrl.org/arcrole/2008/variable-set-precondition" xlink:from="loc_s2md_BV195-9-1" xlink:to="findPrec_1" />
    <variable:precondition xlink:type="resource" xlink:label="findPrec_2" test="$find:tS.23.01" />
    <link:loc xlink:type="locator" xlink:href="../val/vr-bv547-1.xml#s2md_BV547-1" xlink:label="loc_s2md_BV547-1" />
    <gen:arc xlink:type="arc" xlink:arcrole="http://xbrl.org/arcrole/2008/variable-set-precondition" xlink:from="loc_s2md_BV547-1" xlink:to="findPrec_2" />
    <variable:precondition xlink:type="resource" xlink:label="findPrec_3" test="$find:tS.23.01" />
    <link:loc xlink:type="locator" xlink:href="../val/vr-bv550-1.xml#s2md_BV550-1" xlink:label="loc_s2md_BV550-1" />
    <gen:arc xlink:type="arc" xlink:arcrole="http://xbrl.org/arcrole/2008/variable-set-precondition" xlink:from="loc_s2md_BV550-1" xlink:to="findPrec_3" />
    <link:loc xlink:type="locator" xlink:href="../val/vr-bv551-1.xml#s2md_BV551-1" xlink:label="loc_s2md_BV551-1" />
    <gen:arc xlink:type="arc" xlink:arcrole="http://xbrl.org/arcrole/2008/variable-set-precondition" xlink:from="loc_s2md_BV551-1" xlink:to="findPrec_3" />
    <variable:precondition xlink:type="resource" xlink:label="findPrec_4" test="$find:tS.05.01" />
    <link:loc xlink:type="locator" xlink:href="../val/vr-bv204-2.xml#s2md_BV204-2" xlink:label="loc_s2md_BV204-2" />
    <gen:arc xlink:type="arc" xlink:arcrole="http://xbrl.org/arcrole/2008/variable-set-precondition" xlink:from="loc_s2md_BV204-2" xlink:to="findPrec_4" />
    <link:loc xlink:type="locator" xlink:href="../val/vr-bv205-2.xml#s2md_BV205-2" xlink:label="loc_s2md_BV205-2" />
    <gen:arc xlink:type="arc" xlink:arcrole="http://xbrl.org/arcrole/2008/variable-set-precondition" xlink:from="loc_s2md_BV205-2" xlink:to="findPrec_4" />
    <link:loc xlink:type="locator" xlink:href="../val/vr-bv207-2.xml#s2md_BV207-2" xlink:label="loc_s2md_BV207-2" />
    <gen:arc xlink:type="arc" xlink:arcrole="http://xbrl.org/arcrole/2008/variable-set-precondition" xlink:from="loc_s2md_BV207-2" xlink:to="findPrec_4" />
    <link:loc xlink:type="locator" xlink:href="../val/vr-bv208-2.xml#s2md_BV208-2" xlink:label="loc_s2md_BV208-2" />
    <gen:arc xlink:type="arc" xlink:arcrole="http://xbrl.org/arcrole/2008/variable-set-precondition" xlink:from="loc_s2md_BV208-2" xlink:to="findPrec_4" />
    <link:loc xlink:type="locator" xlink:href="../val/vr-bv209-2.xml#s2md_BV209-2" xlink:label="loc_s2md_BV209-2" />
    <gen:arc xlink:type="arc" xlink:arcrole="http://xbrl.org/arcrole/2008/variable-set-precondition" xlink:from="loc_s2md_BV209-2" xlink:to="findPrec_4" />
    <link:loc xlink:type="locator" xlink:href="../val/vr-bv210-2.xml#s2md_BV210-2" xlink:label="loc_s2md_BV210-2" />
    <gen:arc xlink:type="arc" xlink:arcrole="http://xbrl.org/arcrole/2008/variable-set-precondition" xlink:from="loc_s2md_BV210-2" xlink:to="findPrec_4" />
    <link:loc xlink:type="locator" xlink:href="../val/vr-bv214-2.xml#s2md_BV214-2" xlink:label="loc_s2md_BV214-2" />
    <gen:arc xlink:type="arc" xlink:arcrole="http://xbrl.org/arcrole/2008/variable-set-precondition" xlink:from="loc_s2md_BV214-2" xlink:to="findPrec_4" />
    <link:loc xlink:type="locator" xlink:href="../val/vr-bv405-2.xml#s2md_BV405-2" xlink:label="loc_s2md_BV405-2" />
    <gen:arc xlink:type="arc" xlink:arcrole="http://xbrl.org/arcrole/2008/variable-set-precondition" xlink:from="loc_s2md_BV405-2" xlink:to="findPrec_4" />
    <link:loc xlink:type="locator" xlink:href="../val/vr-bv406-2.xml#s2md_BV406-2" xlink:label="loc_s2md_BV406-2" />
    <gen:arc xlink:type="arc" xlink:arcrole="http://xbrl.org/arcrole/2008/variable-set-precondition" xlink:from="loc_s2md_BV406-2" xlink:to="findPrec_4" />
    <link:loc xlink:type="locator" xlink:href="../val/vr-bv407-2.xml#s2md_BV407-2" xlink:label="loc_s2md_BV407-2" />
    <gen:arc xlink:type="arc" xlink:arcrole="http://xbrl.org/arcrole/2008/variable-set-precondition" xlink:from="loc_s2md_BV407-2" xlink:to="findPrec_4" />
    <link:loc xlink:type="locator" xlink:href="../val/vr-bv408-2.xml#s2md_BV408-2" xlink:label="loc_s2md_BV408-2" />
    <gen:arc xlink:type="arc" xlink:arcrole="http://xbrl.org/arcrole/2008/variable-set-precondition" xlink:from="loc_s2md_BV408-2" xlink:to="findPrec_4" />
    <link:loc xlink:type="locator" xlink:href="../val/vr-bv409-2.xml#s2md_BV409-2" xlink:label="loc_s2md_BV409-2" />
    <gen:arc xlink:type="arc" xlink:arcrole="http://xbrl.org/arcrole/2008/variable-set-precondition" xlink:from="loc_s2md_BV409-2" xlink:to="findPrec_4" />
    <link:loc xlink:type="locator" xlink:href="../val/vr-bv410-2.xml#s2md_BV410-2" xlink:label="loc_s2md_BV410-2" />
    <gen:arc xlink:type="arc" xlink:arcrole="http://xbrl.org/arcrole/2008/variable-set-precondition" xlink:from="loc_s2md_BV410-2" xlink:to="findPrec_4" />
    <link:loc xlink:type="locator" xlink:href="../val/vr-bv411-2.xml#s2md_BV411-2" xlink:label="loc_s2md_BV411-2" />
    <gen:arc xlink:type="arc" xlink:arcrole="http://xbrl.org/arcrole/2008/variable-set-precondition" xlink:from="loc_s2md_BV411-2" xlink:to="findPrec_4" />
    <link:loc xlink:type="locator" xlink:href="../val/vr-bv412-2.xml#s2md_BV412-2" xlink:label="loc_s2md_BV412-2" />
    <gen:arc xlink:type="arc" xlink:arcrole="http://xbrl.org/arcrole/2008/variable-set-precondition" xlink:from="loc_s2md_BV412-2" xlink:to="findPrec_4" />
    <link:loc xlink:type="locator" xlink:href="../val/vr-bv413-2.xml#s2md_BV413-2" xlink:label="loc_s2md_BV413-2" />
    <gen:arc xlink:type="arc" xlink:arcrole="http://xbrl.org/arcrole/2008/variable-set-precondition" xlink:from="loc_s2md_BV413-2" xlink:to="findPrec_4" />
    <variable:precondition xlink:type="resource" xlink:label="findPrec_5" test="$find:tS.05.01" />
    <link:loc xlink:type="locator" xlink:href="../val/vr-bv215-2.xml#s2md_BV215-2" xlink:label="loc_s2md_BV215-2" />
    <gen:arc xlink:type="arc" xlink:arcrole="http://xbrl.org/arcrole/2008/variable-set-precondition" xlink:from="loc_s2md_BV215-2" xlink:to="findPrec_5" />
    <link:loc xlink:type="locator" xlink:href="../val/vr-bv216-2.xml#s2md_BV216-2" xlink:label="loc_s2md_BV216-2" />
    <gen:arc xlink:type="arc" xlink:arcrole="http://xbrl.org/arcrole/2008/variable-set-precondition" xlink:from="loc_s2md_BV216-2" xlink:to="findPrec_5" />
    <link:loc xlink:type="locator" xlink:href="../val/vr-bv225-2.xml#s2md_BV225-2" xlink:label="loc_s2md_BV225-2" />
    <gen:arc xlink:type="arc" xlink:arcrole="http://xbrl.org/arcrole/2008/variable-set-precondition" xlink:from="loc_s2md_BV225-2" xlink:to="findPrec_5" />
    <link:loc xlink:type="locator" xlink:href="../val/vr-bv428-2.xml#s2md_BV428-2" xlink:label="loc_s2md_BV428-2" />
    <gen:arc xlink:type="arc" xlink:arcrole="http://xbrl.org/arcrole/2008/variable-set-precondition" xlink:from="loc_s2md_BV428-2" xlink:to="findPrec_5" />
    <link:loc xlink:type="locator" xlink:href="../val/vr-bv429-2.xml#s2md_BV429-2" xlink:label="loc_s2md_BV429-2" />
    <gen:arc xlink:type="arc" xlink:arcrole="http://xbrl.org/arcrole/2008/variable-set-precondition" xlink:from="loc_s2md_BV429-2" xlink:to="findPrec_5" />
    <link:loc xlink:type="locator" xlink:href="../val/vr-bv430-2.xml#s2md_BV430-2" xlink:label="loc_s2md_BV430-2" />
    <gen:arc xlink:type="arc" xlink:arcrole="http://xbrl.org/arcrole/2008/variable-set-precondition" xlink:from="loc_s2md_BV430-2" xlink:to="findPrec_5" />
    <variable:precondition xlink:type="resource" xlink:label="findPrec_6" test="$find:tS.12.01" />
    <link:loc xlink:type="locator" xlink:href="../val/vr-bv242_1-2.xml#s2md_BV242_1-2" xlink:label="loc_s2md_BV242_1-2" />
    <gen:arc xlink:type="arc" xlink:arcrole="http://xbrl.org/arcrole/2008/variable-set-precondition" xlink:from="loc_s2md_BV242_1-2" xlink:to="findPrec_6" />
    <link:loc xlink:type="locator" xlink:href="../val/vr-bv243_1-2.xml#s2md_BV243_1-2" xlink:label="loc_s2md_BV243_1-2" />
    <gen:arc xlink:type="arc" xlink:arcrole="http://xbrl.org/arcrole/2008/variable-set-precondition" xlink:from="loc_s2md_BV243_1-2" xlink:to="findPrec_6" />
    <link:loc xlink:type="locator" xlink:href="../val/vr-bv244_1-2.xml#s2md_BV244_1-2" xlink:label="loc_s2md_BV244_1-2" />
    <gen:arc xlink:type="arc" xlink:arcrole="http://xbrl.org/arcrole/2008/variable-set-precondition" xlink:from="loc_s2md_BV244_1-2" xlink:to="findPrec_6" />
    <link:loc xlink:type="locator" xlink:href="../val/vr-bv245_1-2.xml#s2md_BV245_1-2" xlink:label="loc_s2md_BV245_1-2" />
    <gen:arc xlink:type="arc" xlink:arcrole="http://xbrl.org/arcrole/2008/variable-set-precondition" xlink:from="loc_s2md_BV245_1-2" xlink:to="findPrec_6" />
    <link:loc xlink:type="locator" xlink:href="../val/vr-bv246_1-2.xml#s2md_BV246_1-2" xlink:label="loc_s2md_BV246_1-2" />
    <gen:arc xlink:type="arc" xlink:arcrole="http://xbrl.org/arcrole/2008/variable-set-precondition" xlink:from="loc_s2md_BV246_1-2" xlink:to="findPrec_6" />
    <link:loc xlink:type="locator" xlink:href="../val/vr-bv247_1-2.xml#s2md_BV247_1-2" xlink:label="loc_s2md_BV247_1-2" />
    <gen:arc xlink:type="arc" xlink:arcrole="http://xbrl.org/arcrole/2008/variable-set-precondition" xlink:from="loc_s2md_BV247_1-2" xlink:to="findPrec_6" />
    <link:loc xlink:type="locator" xlink:href="../val/vr-bv248_1-2.xml#s2md_BV248_1-2" xlink:label="loc_s2md_BV248_1-2" />
    <gen:arc xlink:type="arc" xlink:arcrole="http://xbrl.org/arcrole/2008/variable-set-precondition" xlink:from="loc_s2md_BV248_1-2" xlink:to="findPrec_6" />
    <link:loc xlink:type="locator" xlink:href="../val/vr-bv249_1-2.xml#s2md_BV249_1-2" xlink:label="loc_s2md_BV249_1-2" />
    <gen:arc xlink:type="arc" xlink:arcrole="http://xbrl.org/arcrole/2008/variable-set-precondition" xlink:from="loc_s2md_BV249_1-2" xlink:to="findPrec_6" />
    <link:loc xlink:type="locator" xlink:href="../val/vr-bv250_1-2.xml#s2md_BV250_1-2" xlink:label="loc_s2md_BV250_1-2" />
    <gen:arc xlink:type="arc" xlink:arcrole="http://xbrl.org/arcrole/2008/variable-set-precondition" xlink:from="loc_s2md_BV250_1-2" xlink:to="findPrec_6" />
    <variable:precondition xlink:type="resource" xlink:label="findPrec_7" test="$find:tS.17.01" />
    <link:loc xlink:type="locator" xlink:href="../val/vr-bv251_1-2.xml#s2md_BV251_1-2" xlink:label="loc_s2md_BV251_1-2" />
    <gen:arc xlink:type="arc" xlink:arcrole="http://xbrl.org/arcrole/2008/variable-set-precondition" xlink:from="loc_s2md_BV251_1-2" xlink:to="findPrec_7" />
    <link:loc xlink:type="locator" xlink:href="../val/vr-bv253_1-2.xml#s2md_BV253_1-2" xlink:label="loc_s2md_BV253_1-2" />
    <gen:arc xlink:type="arc" xlink:arcrole="http://xbrl.org/arcrole/2008/variable-set-precondition" xlink:from="loc_s2md_BV253_1-2" xlink:to="findPrec_7" />
    <link:loc xlink:type="locator" xlink:href="../val/vr-bv492_1-2.xml#s2md_BV492_1-2" xlink:label="loc_s2md_BV492_1-2" />
    <gen:arc xlink:type="arc" xlink:arcrole="http://xbrl.org/arcrole/2008/variable-set-precondition" xlink:from="loc_s2md_BV492_1-2" xlink:to="findPrec_7" />
    <link:loc xlink:type="locator" xlink:href="../val/vr-bv522_1-2.xml#s2md_BV522_1-2" xlink:label="loc_s2md_BV522_1-2" />
    <gen:arc xlink:type="arc" xlink:arcrole="http://xbrl.org/arcrole/2008/variable-set-precondition" xlink:from="loc_s2md_BV522_1-2" xlink:to="findPrec_7" />
    <link:loc xlink:type="locator" xlink:href="../val/vr-bv523_1-2.xml#s2md_BV523_1-2" xlink:label="loc_s2md_BV523_1-2" />
    <gen:arc xlink:type="arc" xlink:arcrole="http://xbrl.org/arcrole/2008/variable-set-precondition" xlink:from="loc_s2md_BV523_1-2" xlink:to="findPrec_7" />
    <variable:precondition xlink:type="resource" xlink:label="findPrec_8" test="( $find:tS.17.01 and $find:tS.28.01 )" />
    <link:loc xlink:type="locator" xlink:href="../val/vr-bv458-2.xml#s2md_BV458-2" xlink:label="loc_s2md_BV458-2" />
    <gen:arc xlink:type="arc" xlink:arcrole="http://xbrl.org/arcrole/2008/variable-set-precondition" xlink:from="loc_s2md_BV458-2" xlink:to="findPrec_8" />
    <link:loc xlink:type="locator" xlink:href="../val/vr-bv459-2.xml#s2md_BV459-2" xlink:label="loc_s2md_BV459-2" />
    <gen:arc xlink:type="arc" xlink:arcrole="http://xbrl.org/arcrole/2008/variable-set-precondition" xlink:from="loc_s2md_BV459-2" xlink:to="findPrec_8" />
    <link:loc xlink:type="locator" xlink:href="../val/vr-bv460-2.xml#s2md_BV460-2" xlink:label="loc_s2md_BV460-2" />
    <gen:arc xlink:type="arc" xlink:arcrole="http://xbrl.org/arcrole/2008/variable-set-precondition" xlink:from="loc_s2md_BV460-2" xlink:to="findPrec_8" />
    <link:loc xlink:type="locator" xlink:href="../val/vr-bv461-2.xml#s2md_BV461-2" xlink:label="loc_s2md_BV461-2" />
    <gen:arc xlink:type="arc" xlink:arcrole="http://xbrl.org/arcrole/2008/variable-set-precondition" xlink:from="loc_s2md_BV461-2" xlink:to="findPrec_8" />
    <link:loc xlink:type="locator" xlink:href="../val/vr-bv462-2.xml#s2md_BV462-2" xlink:label="loc_s2md_BV462-2" />
    <gen:arc xlink:type="arc" xlink:arcrole="http://xbrl.org/arcrole/2008/variable-set-precondition" xlink:from="loc_s2md_BV462-2" xlink:to="findPrec_8" />
    <link:loc xlink:type="locator" xlink:href="../val/vr-bv463-2.xml#s2md_BV463-2" xlink:label="loc_s2md_BV463-2" />
    <gen:arc xlink:type="arc" xlink:arcrole="http://xbrl.org/arcrole/2008/variable-set-precondition" xlink:from="loc_s2md_BV463-2" xlink:to="findPrec_8" />
    <link:loc xlink:type="locator" xlink:href="../val/vr-bv464-2.xml#s2md_BV464-2" xlink:label="loc_s2md_BV464-2" />
    <gen:arc xlink:type="arc" xlink:arcrole="http://xbrl.org/arcrole/2008/variable-set-precondition" xlink:from="loc_s2md_BV464-2" xlink:to="findPrec_8" />
    <link:loc xlink:type="locator" xlink:href="../val/vr-bv465-2.xml#s2md_BV465-2" xlink:label="loc_s2md_BV465-2" />
    <gen:arc xlink:type="arc" xlink:arcrole="http://xbrl.org/arcrole/2008/variable-set-precondition" xlink:from="loc_s2md_BV465-2" xlink:to="findPrec_8" />
    <link:loc xlink:type="locator" xlink:href="../val/vr-bv466-2.xml#s2md_BV466-2" xlink:label="loc_s2md_BV466-2" />
    <gen:arc xlink:type="arc" xlink:arcrole="http://xbrl.org/arcrole/2008/variable-set-precondition" xlink:from="loc_s2md_BV466-2" xlink:to="findPrec_8" />
    <link:loc xlink:type="locator" xlink:href="../val/vr-bv467-2.xml#s2md_BV467-2" xlink:label="loc_s2md_BV467-2" />
    <gen:arc xlink:type="arc" xlink:arcrole="http://xbrl.org/arcrole/2008/variable-set-precondition" xlink:from="loc_s2md_BV467-2" xlink:to="findPrec_8" />
    <link:loc xlink:type="locator" xlink:href="../val/vr-bv468-2.xml#s2md_BV468-2" xlink:label="loc_s2md_BV468-2" />
    <gen:arc xlink:type="arc" xlink:arcrole="http://xbrl.org/arcrole/2008/variable-set-precondition" xlink:from="loc_s2md_BV468-2" xlink:to="findPrec_8" />
    <link:loc xlink:type="locator" xlink:href="../val/vr-bv469-2.xml#s2md_BV469-2" xlink:label="loc_s2md_BV469-2" />
    <gen:arc xlink:type="arc" xlink:arcrole="http://xbrl.org/arcrole/2008/variable-set-precondition" xlink:from="loc_s2md_BV469-2" xlink:to="findPrec_8" />
    <link:loc xlink:type="locator" xlink:href="../val/vr-bv470-2.xml#s2md_BV470-2" xlink:label="loc_s2md_BV470-2" />
    <gen:arc xlink:type="arc" xlink:arcrole="http://xbrl.org/arcrole/2008/variable-set-precondition" xlink:from="loc_s2md_BV470-2" xlink:to="findPrec_8" />
    <link:loc xlink:type="locator" xlink:href="../val/vr-bv471-2.xml#s2md_BV471-2" xlink:label="loc_s2md_BV471-2" />
    <gen:arc xlink:type="arc" xlink:arcrole="http://xbrl.org/arcrole/2008/variable-set-precondition" xlink:from="loc_s2md_BV471-2" xlink:to="findPrec_8" />
    <link:loc xlink:type="locator" xlink:href="../val/vr-bv472-2.xml#s2md_BV472-2" xlink:label="loc_s2md_BV472-2" />
    <gen:arc xlink:type="arc" xlink:arcrole="http://xbrl.org/arcrole/2008/variable-set-precondition" xlink:from="loc_s2md_BV472-2" xlink:to="findPrec_8" />
    <link:loc xlink:type="locator" xlink:href="../val/vr-bv473-2.xml#s2md_BV473-2" xlink:label="loc_s2md_BV473-2" />
    <gen:arc xlink:type="arc" xlink:arcrole="http://xbrl.org/arcrole/2008/variable-set-precondition" xlink:from="loc_s2md_BV473-2" xlink:to="findPrec_8" />
    <variable:precondition xlink:type="resource" xlink:label="findPrec_9" test="( $find:tS.17.01 and $find:tS.28.02 )" />
    <link:loc xlink:type="locator" xlink:href="../val/vr-bv474-2.xml#s2md_BV474-2" xlink:label="loc_s2md_BV474-2" />
    <gen:arc xlink:type="arc" xlink:arcrole="http://xbrl.org/arcrole/2008/variable-set-precondition" xlink:from="loc_s2md_BV474-2" xlink:to="findPrec_9" />
    <link:loc xlink:type="locator" xlink:href="../val/vr-bv475-2.xml#s2md_BV475-2" xlink:label="loc_s2md_BV475-2" />
    <gen:arc xlink:type="arc" xlink:arcrole="http://xbrl.org/arcrole/2008/variable-set-precondition" xlink:from="loc_s2md_BV475-2" xlink:to="findPrec_9" />
    <link:loc xlink:type="locator" xlink:href="../val/vr-bv476-2.xml#s2md_BV476-2" xlink:label="loc_s2md_BV476-2" />
    <gen:arc xlink:type="arc" xlink:arcrole="http://xbrl.org/arcrole/2008/variable-set-precondition" xlink:from="loc_s2md_BV476-2" xlink:to="findPrec_9" />
    <link:loc xlink:type="locator" xlink:href="../val/vr-bv477-2.xml#s2md_BV477-2" xlink:label="loc_s2md_BV477-2" />
    <gen:arc xlink:type="arc" xlink:arcrole="http://xbrl.org/arcrole/2008/variable-set-precondition" xlink:from="loc_s2md_BV477-2" xlink:to="findPrec_9" />
    <link:loc xlink:type="locator" xlink:href="../val/vr-bv478-2.xml#s2md_BV478-2" xlink:label="loc_s2md_BV478-2" />
    <gen:arc xlink:type="arc" xlink:arcrole="http://xbrl.org/arcrole/2008/variable-set-precondition" xlink:from="loc_s2md_BV478-2" xlink:to="findPrec_9" />
    <link:loc xlink:type="locator" xlink:href="../val/vr-bv479-2.xml#s2md_BV479-2" xlink:label="loc_s2md_BV479-2" />
    <gen:arc xlink:type="arc" xlink:arcrole="http://xbrl.org/arcrole/2008/variable-set-precondition" xlink:from="loc_s2md_BV479-2" xlink:to="findPrec_9" />
    <link:loc xlink:type="locator" xlink:href="../val/vr-bv480-2.xml#s2md_BV480-2" xlink:label="loc_s2md_BV480-2" />
    <gen:arc xlink:type="arc" xlink:arcrole="http://xbrl.org/arcrole/2008/variable-set-precondition" xlink:from="loc_s2md_BV480-2" xlink:to="findPrec_9" />
    <link:loc xlink:type="locator" xlink:href="../val/vr-bv481-2.xml#s2md_BV481-2" xlink:label="loc_s2md_BV481-2" />
    <gen:arc xlink:type="arc" xlink:arcrole="http://xbrl.org/arcrole/2008/variable-set-precondition" xlink:from="loc_s2md_BV481-2" xlink:to="findPrec_9" />
    <link:loc xlink:type="locator" xlink:href="../val/vr-bv482-2.xml#s2md_BV482-2" xlink:label="loc_s2md_BV482-2" />
    <gen:arc xlink:type="arc" xlink:arcrole="http://xbrl.org/arcrole/2008/variable-set-precondition" xlink:from="loc_s2md_BV482-2" xlink:to="findPrec_9" />
    <link:loc xlink:type="locator" xlink:href="../val/vr-bv483-2.xml#s2md_BV483-2" xlink:label="loc_s2md_BV483-2" />
    <gen:arc xlink:type="arc" xlink:arcrole="http://xbrl.org/arcrole/2008/variable-set-precondition" xlink:from="loc_s2md_BV483-2" xlink:to="findPrec_9" />
    <link:loc xlink:type="locator" xlink:href="../val/vr-bv484-2.xml#s2md_BV484-2" xlink:label="loc_s2md_BV484-2" />
    <gen:arc xlink:type="arc" xlink:arcrole="http://xbrl.org/arcrole/2008/variable-set-precondition" xlink:from="loc_s2md_BV484-2" xlink:to="findPrec_9" />
    <link:loc xlink:type="locator" xlink:href="../val/vr-bv485-2.xml#s2md_BV485-2" xlink:label="loc_s2md_BV485-2" />
    <gen:arc xlink:type="arc" xlink:arcrole="http://xbrl.org/arcrole/2008/variable-set-precondition" xlink:from="loc_s2md_BV485-2" xlink:to="findPrec_9" />
    <link:loc xlink:type="locator" xlink:href="../val/vr-bv486-2.xml#s2md_BV486-2" xlink:label="loc_s2md_BV486-2" />
    <gen:arc xlink:type="arc" xlink:arcrole="http://xbrl.org/arcrole/2008/variable-set-precondition" xlink:from="loc_s2md_BV486-2" xlink:to="findPrec_9" />
    <link:loc xlink:type="locator" xlink:href="../val/vr-bv487-2.xml#s2md_BV487-2" xlink:label="loc_s2md_BV487-2" />
    <gen:arc xlink:type="arc" xlink:arcrole="http://xbrl.org/arcrole/2008/variable-set-precondition" xlink:from="loc_s2md_BV487-2" xlink:to="findPrec_9" />
    <link:loc xlink:type="locator" xlink:href="../val/vr-bv488-2.xml#s2md_BV488-2" xlink:label="loc_s2md_BV488-2" />
    <gen:arc xlink:type="arc" xlink:arcrole="http://xbrl.org/arcrole/2008/variable-set-precondition" xlink:from="loc_s2md_BV488-2" xlink:to="findPrec_9" />
    <link:loc xlink:type="locator" xlink:href="../val/vr-bv489-2.xml#s2md_BV489-2" xlink:label="loc_s2md_BV489-2" />
    <gen:arc xlink:type="arc" xlink:arcrole="http://xbrl.org/arcrole/2008/variable-set-precondition" xlink:from="loc_s2md_BV489-2" xlink:to="findPrec_9" />
    <variable:precondition xlink:type="resource" xlink:label="findPrec_10" test="$find:tSE.06.02" />
    <link:loc xlink:type="locator" xlink:href="../val/vr-bv4-2.xml#s2md_BV4-2" xlink:label="loc_s2md_BV4-2" />
    <gen:arc xlink:type="arc" xlink:arcrole="http://xbrl.org/arcrole/2008/variable-set-precondition" xlink:from="loc_s2md_BV4-2" xlink:to="findPrec_10" />
    <link:loc xlink:type="locator" xlink:href="../val/vr-bv6-2.xml#s2md_BV6-2" xlink:label="loc_s2md_BV6-2" />
    <gen:arc xlink:type="arc" xlink:arcrole="http://xbrl.org/arcrole/2008/variable-set-precondition" xlink:from="loc_s2md_BV6-2" xlink:to="findPrec_10" />
    <link:loc xlink:type="locator" xlink:href="../val/vr-ev17-1.xml#s2md_EV17-1" xlink:label="loc_s2md_EV17-1" />
    <gen:arc xlink:type="arc" xlink:arcrole="http://xbrl.org/arcrole/2008/variable-set-precondition" xlink:from="loc_s2md_EV17-1" xlink:to="findPrec_10" />
    <link:loc xlink:type="locator" xlink:href="../val/vr-ev20-1.xml#s2md_EV20-1" xlink:label="loc_s2md_EV20-1" />
    <gen:arc xlink:type="arc" xlink:arcrole="http://xbrl.org/arcrole/2008/variable-set-precondition" xlink:from="loc_s2md_EV20-1" xlink:to="findPrec_10" />
    <link:loc xlink:type="locator" xlink:href="../val/vr-ev21-2.xml#s2md_EV21-2" xlink:label="loc_s2md_EV21-2" />
    <gen:arc xlink:type="arc" xlink:arcrole="http://xbrl.org/arcrole/2008/variable-set-precondition" xlink:from="loc_s2md_EV21-2" xlink:to="findPrec_10" />
    <link:loc xlink:type="locator" xlink:href="../val/vr-ev22-1.xml#s2md_EV22-1" xlink:label="loc_s2md_EV22-1" />
    <gen:arc xlink:type="arc" xlink:arcrole="http://xbrl.org/arcrole/2008/variable-set-precondition" xlink:from="loc_s2md_EV22-1" xlink:to="findPrec_10" />
    <link:loc xlink:type="locator" xlink:href="../val/vr-ev23-2.xml#s2md_EV23-2" xlink:label="loc_s2md_EV23-2" />
    <gen:arc xlink:type="arc" xlink:arcrole="http://xbrl.org/arcrole/2008/variable-set-precondition" xlink:from="loc_s2md_EV23-2" xlink:to="findPrec_10" />
    <link:loc xlink:type="locator" xlink:href="../val/vr-ev24-1.xml#s2md_EV24-1" xlink:label="loc_s2md_EV24-1" />
    <gen:arc xlink:type="arc" xlink:arcrole="http://xbrl.org/arcrole/2008/variable-set-precondition" xlink:from="loc_s2md_EV24-1" xlink:to="findPrec_10" />
    <link:loc xlink:type="locator" xlink:href="../val/vr-ev25-1.xml#s2md_EV25-1" xlink:label="loc_s2md_EV25-1" />
    <gen:arc xlink:type="arc" xlink:arcrole="http://xbrl.org/arcrole/2008/variable-set-precondition" xlink:from="loc_s2md_EV25-1" xlink:to="findPrec_10" />
    <link:loc xlink:type="locator" xlink:href="../val/vr-ev26-1.xml#s2md_EV26-1" xlink:label="loc_s2md_EV26-1" />
    <gen:arc xlink:type="arc" xlink:arcrole="http://xbrl.org/arcrole/2008/variable-set-precondition" xlink:from="loc_s2md_EV26-1" xlink:to="findPrec_10" />
    <link:loc xlink:type="locator" xlink:href="../val/vr-ev27-1.xml#s2md_EV27-1" xlink:label="loc_s2md_EV27-1" />
    <gen:arc xlink:type="arc" xlink:arcrole="http://xbrl.org/arcrole/2008/variable-set-precondition" xlink:from="loc_s2md_EV27-1" xlink:to="findPrec_10" />
    <link:loc xlink:type="locator" xlink:href="../val/vr-ev28-2.xml#s2md_EV28-2" xlink:label="loc_s2md_EV28-2" />
    <gen:arc xlink:type="arc" xlink:arcrole="http://xbrl.org/arcrole/2008/variable-set-precondition" xlink:from="loc_s2md_EV28-2" xlink:to="findPrec_10" />
    <link:loc xlink:type="locator" xlink:href="../val/vr-ev29-2.xml#s2md_EV29-2" xlink:label="loc_s2md_EV29-2" />
    <gen:arc xlink:type="arc" xlink:arcrole="http://xbrl.org/arcrole/2008/variable-set-precondition" xlink:from="loc_s2md_EV29-2" xlink:to="findPrec_10" />
    <link:loc xlink:type="locator" xlink:href="../val/vr-bv237-2.xml#s2md_BV237-2" xlink:label="loc_s2md_BV237-2" />
    <gen:arc xlink:type="arc" xlink:arcrole="http://xbrl.org/arcrole/2008/variable-set-precondition" xlink:from="loc_s2md_BV237-2" xlink:to="findPrec_10" />
    <variable:precondition xlink:type="resource" xlink:label="findPrec_11" test="$find:tSE.06.02" />
    <link:loc xlink:type="locator" xlink:href="../val/vr-bv5-2.xml#s2md_BV5-2" xlink:label="loc_s2md_BV5-2" />
    <gen:arc xlink:type="arc" xlink:arcrole="http://xbrl.org/arcrole/2008/variable-set-precondition" xlink:from="loc_s2md_BV5-2" xlink:to="findPrec_11" />
    <link:loc xlink:type="locator" xlink:href="../val/vr-ev18-2.xml#s2md_EV18-2" xlink:label="loc_s2md_EV18-2" />
    <gen:arc xlink:type="arc" xlink:arcrole="http://xbrl.org/arcrole/2008/variable-set-precondition" xlink:from="loc_s2md_EV18-2" xlink:to="findPrec_11" />
    <link:loc xlink:type="locator" xlink:href="../val/vr-ev19-2.xml#s2md_EV19-2" xlink:label="loc_s2md_EV19-2" />
    <gen:arc xlink:type="arc" xlink:arcrole="http://xbrl.org/arcrole/2008/variable-set-precondition" xlink:from="loc_s2md_EV19-2" xlink:to="findPrec_11" />
    <link:loc xlink:type="locator" xlink:href="../val/vr-bv432-2.xml#s2md_BV432-2" xlink:label="loc_s2md_BV432-2" />
    <gen:arc xlink:type="arc" xlink:arcrole="http://xbrl.org/arcrole/2008/variable-set-precondition" xlink:from="loc_s2md_BV432-2" xlink:to="findPrec_11" />
    <variable:precondition xlink:type="resource" xlink:label="findPrec_12" test="$find:tE.01.01" />
    <link:loc xlink:type="locator" xlink:href="../val/vr-ev35-1.xml#s2md_EV35-1" xlink:label="loc_s2md_EV35-1" />
    <gen:arc xlink:type="arc" xlink:arcrole="http://xbrl.org/arcrole/2008/variable-set-precondition" xlink:from="loc_s2md_EV35-1" xlink:to="findPrec_12" />
    <link:loc xlink:type="locator" xlink:href="../val/vr-ev37-1.xml#s2md_EV37-1" xlink:label="loc_s2md_EV37-1" />
    <gen:arc xlink:type="arc" xlink:arcrole="http://xbrl.org/arcrole/2008/variable-set-precondition" xlink:from="loc_s2md_EV37-1" xlink:to="findPrec_12" />
    <link:loc xlink:type="locator" xlink:href="../val/vr-ev38-1.xml#s2md_EV38-1" xlink:label="loc_s2md_EV38-1" />
    <gen:arc xlink:type="arc" xlink:arcrole="http://xbrl.org/arcrole/2008/variable-set-precondition" xlink:from="loc_s2md_EV38-1" xlink:to="findPrec_12" />
    <link:loc xlink:type="locator" xlink:href="../val/vr-ev40-1.xml#s2md_EV40-1" xlink:label="loc_s2md_EV40-1" />
    <gen:arc xlink:type="arc" xlink:arcrole="http://xbrl.org/arcrole/2008/variable-set-precondition" xlink:from="loc_s2md_EV40-1" xlink:to="findPrec_12" />
    <variable:precondition xlink:type="resource" xlink:label="findPrec_13" test="( $find:tE.01.01 and $find:tSE.06.02 )" />
    <link:loc xlink:type="locator" xlink:href="../val/vr-ev42-1.xml#s2md_EV42-1" xlink:label="loc_s2md_EV42-1" />
    <gen:arc xlink:type="arc" xlink:arcrole="http://xbrl.org/arcrole/2008/variable-set-precondition" xlink:from="loc_s2md_EV42-1" xlink:to="findPrec_13" />
    <link:loc xlink:type="locator" xlink:href="../val/vr-ev43-1.xml#s2md_EV43-1" xlink:label="loc_s2md_EV43-1" />
    <gen:arc xlink:type="arc" xlink:arcrole="http://xbrl.org/arcrole/2008/variable-set-precondition" xlink:from="loc_s2md_EV43-1" xlink:to="findPrec_13" />
    <link:loc xlink:type="locator" xlink:href="../val/vr-ev44-1.xml#s2md_EV44-1" xlink:label="loc_s2md_EV44-1" />
    <gen:arc xlink:type="arc" xlink:arcrole="http://xbrl.org/arcrole/2008/variable-set-precondition" xlink:from="loc_s2md_EV44-1" xlink:to="findPrec_13" />
    <variable:precondition xlink:type="resource" xlink:label="findPrec_14" test="( $find:tS.06.03 and $find:tSE.06.02 )" />
    <link:loc xlink:type="locator" xlink:href="../val/vr-bv433-5.xml#s2md_BV433-5" xlink:label="loc_s2md_BV433-5" />
    <gen:arc xlink:type="arc" xlink:arcrole="http://xbrl.org/arcrole/2008/variable-set-precondition" xlink:from="loc_s2md_BV433-5" xlink:to="findPrec_14" />
    <link:loc xlink:type="locator" xlink:href="../val/vr-bv434-5.xml#s2md_BV434-5" xlink:label="loc_s2md_BV434-5" />
    <gen:arc xlink:type="arc" xlink:arcrole="http://xbrl.org/arcrole/2008/variable-set-precondition" xlink:from="loc_s2md_BV434-5" xlink:to="findPrec_14" />
    <variable:precondition xlink:type="resource" xlink:label="findPrec_15" test="$find:tSE.02.01" />
    <link:loc xlink:type="locator" xlink:href="../val/vr-ev1-2.xml#s2md_EV1-2" xlink:label="loc_s2md_EV1-2" />
    <gen:arc xlink:type="arc" xlink:arcrole="http://xbrl.org/arcrole/2008/variable-set-precondition" xlink:from="loc_s2md_EV1-2" xlink:to="findPrec_15" />
    <link:loc xlink:type="locator" xlink:href="../val/vr-ev2-2.xml#s2md_EV2-2" xlink:label="loc_s2md_EV2-2" />
    <gen:arc xlink:type="arc" xlink:arcrole="http://xbrl.org/arcrole/2008/variable-set-precondition" xlink:from="loc_s2md_EV2-2" xlink:to="findPrec_15" />
    <link:loc xlink:type="locator" xlink:href="../val/vr-ev3-2.xml#s2md_EV3-2" xlink:label="loc_s2md_EV3-2" />
    <gen:arc xlink:type="arc" xlink:arcrole="http://xbrl.org/arcrole/2008/variable-set-precondition" xlink:from="loc_s2md_EV3-2" xlink:to="findPrec_15" />
    <link:loc xlink:type="locator" xlink:href="../val/vr-ev4-2.xml#s2md_EV4-2" xlink:label="loc_s2md_EV4-2" />
    <gen:arc xlink:type="arc" xlink:arcrole="http://xbrl.org/arcrole/2008/variable-set-precondition" xlink:from="loc_s2md_EV4-2" xlink:to="findPrec_15" />
    <link:loc xlink:type="locator" xlink:href="../val/vr-ev5-2.xml#s2md_EV5-2" xlink:label="loc_s2md_EV5-2" />
    <gen:arc xlink:type="arc" xlink:arcrole="http://xbrl.org/arcrole/2008/variable-set-precondition" xlink:from="loc_s2md_EV5-2" xlink:to="findPrec_15" />
    <link:loc xlink:type="locator" xlink:href="../val/vr-ev7-2.xml#s2md_EV7-2" xlink:label="loc_s2md_EV7-2" />
    <gen:arc xlink:type="arc" xlink:arcrole="http://xbrl.org/arcrole/2008/variable-set-precondition" xlink:from="loc_s2md_EV7-2" xlink:to="findPrec_15" />
    <link:loc xlink:type="locator" xlink:href="../val/vr-ev8-2.xml#s2md_EV8-2" xlink:label="loc_s2md_EV8-2" />
    <gen:arc xlink:type="arc" xlink:arcrole="http://xbrl.org/arcrole/2008/variable-set-precondition" xlink:from="loc_s2md_EV8-2" xlink:to="findPrec_15" />
    <link:loc xlink:type="locator" xlink:href="../val/vr-ev9-2.xml#s2md_EV9-2" xlink:label="loc_s2md_EV9-2" />
    <gen:arc xlink:type="arc" xlink:arcrole="http://xbrl.org/arcrole/2008/variable-set-precondition" xlink:from="loc_s2md_EV9-2" xlink:to="findPrec_15" />
    <link:loc xlink:type="locator" xlink:href="../val/vr-ev10-2.xml#s2md_EV10-2" xlink:label="loc_s2md_EV10-2" />
    <gen:arc xlink:type="arc" xlink:arcrole="http://xbrl.org/arcrole/2008/variable-set-precondition" xlink:from="loc_s2md_EV10-2" xlink:to="findPrec_15" />
    <link:loc xlink:type="locator" xlink:href="../val/vr-ev11-2.xml#s2md_EV11-2" xlink:label="loc_s2md_EV11-2" />
    <gen:arc xlink:type="arc" xlink:arcrole="http://xbrl.org/arcrole/2008/variable-set-precondition" xlink:from="loc_s2md_EV11-2" xlink:to="findPrec_15" />
    <link:loc xlink:type="locator" xlink:href="../val/vr-ev12-2.xml#s2md_EV12-2" xlink:label="loc_s2md_EV12-2" />
    <gen:arc xlink:type="arc" xlink:arcrole="http://xbrl.org/arcrole/2008/variable-set-precondition" xlink:from="loc_s2md_EV12-2" xlink:to="findPrec_15" />
    <link:loc xlink:type="locator" xlink:href="../val/vr-ev13-2.xml#s2md_EV13-2" xlink:label="loc_s2md_EV13-2" />
    <gen:arc xlink:type="arc" xlink:arcrole="http://xbrl.org/arcrole/2008/variable-set-precondition" xlink:from="loc_s2md_EV13-2" xlink:to="findPrec_15" />
    <link:loc xlink:type="locator" xlink:href="../val/vr-ev14-2.xml#s2md_EV14-2" xlink:label="loc_s2md_EV14-2" />
    <gen:arc xlink:type="arc" xlink:arcrole="http://xbrl.org/arcrole/2008/variable-set-precondition" xlink:from="loc_s2md_EV14-2" xlink:to="findPrec_15" />
    <link:loc xlink:type="locator" xlink:href="../val/vr-bv313_1-4.xml#s2md_BV313_1-4" xlink:label="loc_s2md_BV313_1-4" />
    <gen:arc xlink:type="arc" xlink:arcrole="http://xbrl.org/arcrole/2008/variable-set-precondition" xlink:from="loc_s2md_BV313_1-4" xlink:to="findPrec_15" />
    <link:loc xlink:type="locator" xlink:href="../val/vr-bv314_1-4.xml#s2md_BV314_1-4" xlink:label="loc_s2md_BV314_1-4" />
    <gen:arc xlink:type="arc" xlink:arcrole="http://xbrl.org/arcrole/2008/variable-set-precondition" xlink:from="loc_s2md_BV314_1-4" xlink:to="findPrec_15" />
    <link:loc xlink:type="locator" xlink:href="../val/vr-bv315_1-4.xml#s2md_BV315_1-4" xlink:label="loc_s2md_BV315_1-4" />
    <gen:arc xlink:type="arc" xlink:arcrole="http://xbrl.org/arcrole/2008/variable-set-precondition" xlink:from="loc_s2md_BV315_1-4" xlink:to="findPrec_15" />
    <link:loc xlink:type="locator" xlink:href="../val/vr-bv316_1-4.xml#s2md_BV316_1-4" xlink:label="loc_s2md_BV316_1-4" />
    <gen:arc xlink:type="arc" xlink:arcrole="http://xbrl.org/arcrole/2008/variable-set-precondition" xlink:from="loc_s2md_BV316_1-4" xlink:to="findPrec_15" />
    <link:loc xlink:type="locator" xlink:href="../val/vr-bv317_1-4.xml#s2md_BV317_1-4" xlink:label="loc_s2md_BV317_1-4" />
    <gen:arc xlink:type="arc" xlink:arcrole="http://xbrl.org/arcrole/2008/variable-set-precondition" xlink:from="loc_s2md_BV317_1-4" xlink:to="findPrec_15" />
    <link:loc xlink:type="locator" xlink:href="../val/vr-bv318_1-4.xml#s2md_BV318_1-4" xlink:label="loc_s2md_BV318_1-4" />
    <gen:arc xlink:type="arc" xlink:arcrole="http://xbrl.org/arcrole/2008/variable-set-precondition" xlink:from="loc_s2md_BV318_1-4" xlink:to="findPrec_15" />
    <link:loc xlink:type="locator" xlink:href="../val/vr-bv319_1-4.xml#s2md_BV319_1-4" xlink:label="loc_s2md_BV319_1-4" />
    <gen:arc xlink:type="arc" xlink:arcrole="http://xbrl.org/arcrole/2008/variable-set-precondition" xlink:from="loc_s2md_BV319_1-4" xlink:to="findPrec_15" />
    <link:loc xlink:type="locator" xlink:href="../val/vr-bv320_1-4.xml#s2md_BV320_1-4" xlink:label="loc_s2md_BV320_1-4" />
    <gen:arc xlink:type="arc" xlink:arcrole="http://xbrl.org/arcrole/2008/variable-set-precondition" xlink:from="loc_s2md_BV320_1-4" xlink:to="findPrec_15" />
    <link:loc xlink:type="locator" xlink:href="../val/vr-bv321_1-4.xml#s2md_BV321_1-4" xlink:label="loc_s2md_BV321_1-4" />
    <gen:arc xlink:type="arc" xlink:arcrole="http://xbrl.org/arcrole/2008/variable-set-precondition" xlink:from="loc_s2md_BV321_1-4" xlink:to="findPrec_15" />
    <link:loc xlink:type="locator" xlink:href="../val/vr-bv322_1-4.xml#s2md_BV322_1-4" xlink:label="loc_s2md_BV322_1-4" />
    <gen:arc xlink:type="arc" xlink:arcrole="http://xbrl.org/arcrole/2008/variable-set-precondition" xlink:from="loc_s2md_BV322_1-4" xlink:to="findPrec_15" />
    <link:loc xlink:type="locator" xlink:href="../val/vr-bv323_1-4.xml#s2md_BV323_1-4" xlink:label="loc_s2md_BV323_1-4" />
    <gen:arc xlink:type="arc" xlink:arcrole="http://xbrl.org/arcrole/2008/variable-set-precondition" xlink:from="loc_s2md_BV323_1-4" xlink:to="findPrec_15" />
    <link:loc xlink:type="locator" xlink:href="../val/vr-bv324_1-4.xml#s2md_BV324_1-4" xlink:label="loc_s2md_BV324_1-4" />
    <gen:arc xlink:type="arc" xlink:arcrole="http://xbrl.org/arcrole/2008/variable-set-precondition" xlink:from="loc_s2md_BV324_1-4" xlink:to="findPrec_15" />
    <link:loc xlink:type="locator" xlink:href="../val/vr-bv325_1-4.xml#s2md_BV325_1-4" xlink:label="loc_s2md_BV325_1-4" />
    <gen:arc xlink:type="arc" xlink:arcrole="http://xbrl.org/arcrole/2008/variable-set-precondition" xlink:from="loc_s2md_BV325_1-4" xlink:to="findPrec_15" />
    <link:loc xlink:type="locator" xlink:href="../val/vr-bv326_1-4.xml#s2md_BV326_1-4" xlink:label="loc_s2md_BV326_1-4" />
    <gen:arc xlink:type="arc" xlink:arcrole="http://xbrl.org/arcrole/2008/variable-set-precondition" xlink:from="loc_s2md_BV326_1-4" xlink:to="findPrec_15" />
    <link:loc xlink:type="locator" xlink:href="../val/vr-bv327_1-4.xml#s2md_BV327_1-4" xlink:label="loc_s2md_BV327_1-4" />
    <gen:arc xlink:type="arc" xlink:arcrole="http://xbrl.org/arcrole/2008/variable-set-precondition" xlink:from="loc_s2md_BV327_1-4" xlink:to="findPrec_15" />
    <link:loc xlink:type="locator" xlink:href="../val/vr-bv328_1-4.xml#s2md_BV328_1-4" xlink:label="loc_s2md_BV328_1-4" />
    <gen:arc xlink:type="arc" xlink:arcrole="http://xbrl.org/arcrole/2008/variable-set-precondition" xlink:from="loc_s2md_BV328_1-4" xlink:to="findPrec_15" />
    <link:loc xlink:type="locator" xlink:href="../val/vr-bv329_1-4.xml#s2md_BV329_1-4" xlink:label="loc_s2md_BV329_1-4" />
    <gen:arc xlink:type="arc" xlink:arcrole="http://xbrl.org/arcrole/2008/variable-set-precondition" xlink:from="loc_s2md_BV329_1-4" xlink:to="findPrec_15" />
    <link:loc xlink:type="locator" xlink:href="../val/vr-bv330_1-4.xml#s2md_BV330_1-4" xlink:label="loc_s2md_BV330_1-4" />
    <gen:arc xlink:type="arc" xlink:arcrole="http://xbrl.org/arcrole/2008/variable-set-precondition" xlink:from="loc_s2md_BV330_1-4" xlink:to="findPrec_15" />
    <variable:precondition xlink:type="resource" xlink:label="findPrec_16" test="$find:tSE.01.01" />
    <link:loc xlink:type="locator" xlink:href="../val/vr-tv23-2-10-1.xml#s2md_TV23-2-10-1" xlink:label="loc_s2md_TV23-2-10-1" />
    <gen:arc xlink:type="arc" xlink:arcrole="http://xbrl.org/arcrole/2008/variable-set-precondition" xlink:from="loc_s2md_TV23-2-10-1" xlink:to="findPrec_16" />
    <link:loc xlink:type="locator" xlink:href="../val/vr-tv23-2-1-1.xml#s2md_TV23-2-1-1" xlink:label="loc_s2md_TV23-2-1-1" />
    <gen:arc xlink:type="arc" xlink:arcrole="http://xbrl.org/arcrole/2008/variable-set-precondition" xlink:from="loc_s2md_TV23-2-1-1" xlink:to="findPrec_16" />
    <link:loc xlink:type="locator" xlink:href="../val/vr-tv23-2-11-1.xml#s2md_TV23-2-11-1" xlink:label="loc_s2md_TV23-2-11-1" />
    <gen:arc xlink:type="arc" xlink:arcrole="http://xbrl.org/arcrole/2008/variable-set-precondition" xlink:from="loc_s2md_TV23-2-11-1" xlink:to="findPrec_16" />
    <link:loc xlink:type="locator" xlink:href="../val/vr-tv23-2-12-1.xml#s2md_TV23-2-12-1" xlink:label="loc_s2md_TV23-2-12-1" />
    <gen:arc xlink:type="arc" xlink:arcrole="http://xbrl.org/arcrole/2008/variable-set-precondition" xlink:from="loc_s2md_TV23-2-12-1" xlink:to="findPrec_16" />
    <link:loc xlink:type="locator" xlink:href="../val/vr-tv23-2-3-1.xml#s2md_TV23-2-3-1" xlink:label="loc_s2md_TV23-2-3-1" />
    <gen:arc xlink:type="arc" xlink:arcrole="http://xbrl.org/arcrole/2008/variable-set-precondition" xlink:from="loc_s2md_TV23-2-3-1" xlink:to="findPrec_16" />
    <link:loc xlink:type="locator" xlink:href="../val/vr-tv23-2-5-1.xml#s2md_TV23-2-5-1" xlink:label="loc_s2md_TV23-2-5-1" />
    <gen:arc xlink:type="arc" xlink:arcrole="http://xbrl.org/arcrole/2008/variable-set-precondition" xlink:from="loc_s2md_TV23-2-5-1" xlink:to="findPrec_16" />
    <link:loc xlink:type="locator" xlink:href="../val/vr-tv23-2-6-1.xml#s2md_TV23-2-6-1" xlink:label="loc_s2md_TV23-2-6-1" />
    <gen:arc xlink:type="arc" xlink:arcrole="http://xbrl.org/arcrole/2008/variable-set-precondition" xlink:from="loc_s2md_TV23-2-6-1" xlink:to="findPrec_16" />
    <link:loc xlink:type="locator" xlink:href="../val/vr-tv23-2-7-1.xml#s2md_TV23-2-7-1" xlink:label="loc_s2md_TV23-2-7-1" />
    <gen:arc xlink:type="arc" xlink:arcrole="http://xbrl.org/arcrole/2008/variable-set-precondition" xlink:from="loc_s2md_TV23-2-7-1" xlink:to="findPrec_16" />
    <link:loc xlink:type="locator" xlink:href="../val/vr-tv23-2-8-1.xml#s2md_TV23-2-8-1" xlink:label="loc_s2md_TV23-2-8-1" />
    <gen:arc xlink:type="arc" xlink:arcrole="http://xbrl.org/arcrole/2008/variable-set-precondition" xlink:from="loc_s2md_TV23-2-8-1" xlink:to="findPrec_16" />
    <link:loc xlink:type="locator" xlink:href="../val/vr-tv23-2-9-1.xml#s2md_TV23-2-9-1" xlink:label="loc_s2md_TV23-2-9-1" />
    <gen:arc xlink:type="arc" xlink:arcrole="http://xbrl.org/arcrole/2008/variable-set-precondition" xlink:from="loc_s2md_TV23-2-9-1" xlink:to="findPrec_16" />
    <link:loc xlink:type="locator" xlink:href="../val/vr-tv25-2-10-1.xml#s2md_TV25-2-10-1" xlink:label="loc_s2md_TV25-2-10-1" />
    <gen:arc xlink:type="arc" xlink:arcrole="http://xbrl.org/arcrole/2008/variable-set-precondition" xlink:from="loc_s2md_TV25-2-10-1" xlink:to="findPrec_16" />
    <link:loc xlink:type="locator" xlink:href="../val/vr-tv25-2-11-1.xml#s2md_TV25-2-11-1" xlink:label="loc_s2md_TV25-2-11-1" />
    <gen:arc xlink:type="arc" xlink:arcrole="http://xbrl.org/arcrole/2008/variable-set-precondition" xlink:from="loc_s2md_TV25-2-11-1" xlink:to="findPrec_16" />
    <link:loc xlink:type="locator" xlink:href="../val/vr-tv25-2-1-2.xml#s2md_TV25-2-1-2" xlink:label="loc_s2md_TV25-2-1-2" />
    <gen:arc xlink:type="arc" xlink:arcrole="http://xbrl.org/arcrole/2008/variable-set-precondition" xlink:from="loc_s2md_TV25-2-1-2" xlink:to="findPrec_16" />
    <link:loc xlink:type="locator" xlink:href="../val/vr-tv25-2-12-1.xml#s2md_TV25-2-12-1" xlink:label="loc_s2md_TV25-2-12-1" />
    <gen:arc xlink:type="arc" xlink:arcrole="http://xbrl.org/arcrole/2008/variable-set-precondition" xlink:from="loc_s2md_TV25-2-12-1" xlink:to="findPrec_16" />
    <link:loc xlink:type="locator" xlink:href="../val/vr-tv25-2-13-1.xml#s2md_TV25-2-13-1" xlink:label="loc_s2md_TV25-2-13-1" />
    <gen:arc xlink:type="arc" xlink:arcrole="http://xbrl.org/arcrole/2008/variable-set-precondition" xlink:from="loc_s2md_TV25-2-13-1" xlink:to="findPrec_16" />
    <link:loc xlink:type="locator" xlink:href="../val/vr-tv25-2-2-1.xml#s2md_TV25-2-2-1" xlink:label="loc_s2md_TV25-2-2-1" />
    <gen:arc xlink:type="arc" xlink:arcrole="http://xbrl.org/arcrole/2008/variable-set-precondition" xlink:from="loc_s2md_TV25-2-2-1" xlink:to="findPrec_16" />
    <link:loc xlink:type="locator" xlink:href="../val/vr-tv25-2-3-1.xml#s2md_TV25-2-3-1" xlink:label="loc_s2md_TV25-2-3-1" />
    <gen:arc xlink:type="arc" xlink:arcrole="http://xbrl.org/arcrole/2008/variable-set-precondition" xlink:from="loc_s2md_TV25-2-3-1" xlink:to="findPrec_16" />
    <link:loc xlink:type="locator" xlink:href="../val/vr-tv25-2-4-1.xml#s2md_TV25-2-4-1" xlink:label="loc_s2md_TV25-2-4-1" />
    <gen:arc xlink:type="arc" xlink:arcrole="http://xbrl.org/arcrole/2008/variable-set-precondition" xlink:from="loc_s2md_TV25-2-4-1" xlink:to="findPrec_16" />
    <link:loc xlink:type="locator" xlink:href="../val/vr-tv25-2-5-1.xml#s2md_TV25-2-5-1" xlink:label="loc_s2md_TV25-2-5-1" />
    <gen:arc xlink:type="arc" xlink:arcrole="http://xbrl.org/arcrole/2008/variable-set-precondition" xlink:from="loc_s2md_TV25-2-5-1" xlink:to="findPrec_16" />
    <link:loc xlink:type="locator" xlink:href="../val/vr-tv25-2-6-1.xml#s2md_TV25-2-6-1" xlink:label="loc_s2md_TV25-2-6-1" />
    <gen:arc xlink:type="arc" xlink:arcrole="http://xbrl.org/arcrole/2008/variable-set-precondition" xlink:from="loc_s2md_TV25-2-6-1" xlink:to="findPrec_16" />
    <link:loc xlink:type="locator" xlink:href="../val/vr-tv25-2-7-1.xml#s2md_TV25-2-7-1" xlink:label="loc_s2md_TV25-2-7-1" />
    <gen:arc xlink:type="arc" xlink:arcrole="http://xbrl.org/arcrole/2008/variable-set-precondition" xlink:from="loc_s2md_TV25-2-7-1" xlink:to="findPrec_16" />
    <link:loc xlink:type="locator" xlink:href="../val/vr-tv25-2-8-1.xml#s2md_TV25-2-8-1" xlink:label="loc_s2md_TV25-2-8-1" />
    <gen:arc xlink:type="arc" xlink:arcrole="http://xbrl.org/arcrole/2008/variable-set-precondition" xlink:from="loc_s2md_TV25-2-8-1" xlink:to="findPrec_16" />
    <link:loc xlink:type="locator" xlink:href="../val/vr-tv25-2-9-1.xml#s2md_TV25-2-9-1" xlink:label="loc_s2md_TV25-2-9-1" />
    <gen:arc xlink:type="arc" xlink:arcrole="http://xbrl.org/arcrole/2008/variable-set-precondition" xlink:from="loc_s2md_TV25-2-9-1" xlink:to="findPrec_16" />
    <variable:precondition xlink:type="resource" xlink:label="findPrec_17" test="( $find:tE.01.01 and $find:tSE.02.01 )" />
    <link:loc xlink:type="locator" xlink:href="../val/vr-ev41-2.xml#s2md_EV41-2" xlink:label="loc_s2md_EV41-2" />
    <gen:arc xlink:type="arc" xlink:arcrole="http://xbrl.org/arcrole/2008/variable-set-precondition" xlink:from="loc_s2md_EV41-2" xlink:to="findPrec_17" />
    <variable:precondition xlink:type="resource" xlink:label="findPrec_18" test="( $find:tSE.02.01 and $find:tSE.06.02 )" />
    <link:loc xlink:type="locator" xlink:href="../val/vr-bv135-4.xml#s2md_BV135-4" xlink:label="loc_s2md_BV135-4" />
    <gen:arc xlink:type="arc" xlink:arcrole="http://xbrl.org/arcrole/2008/variable-set-precondition" xlink:from="loc_s2md_BV135-4" xlink:to="findPrec_18" />
    <link:loc xlink:type="locator" xlink:href="../val/vr-bv363-4.xml#s2md_BV363-4" xlink:label="loc_s2md_BV363-4" />
    <gen:arc xlink:type="arc" xlink:arcrole="http://xbrl.org/arcrole/2008/variable-set-precondition" xlink:from="loc_s2md_BV363-4" xlink:to="findPrec_18" />
    <link:loc xlink:type="locator" xlink:href="../val/vr-bv364-4.xml#s2md_BV364-4" xlink:label="loc_s2md_BV364-4" />
    <gen:arc xlink:type="arc" xlink:arcrole="http://xbrl.org/arcrole/2008/variable-set-precondition" xlink:from="loc_s2md_BV364-4" xlink:to="findPrec_18" />
    <link:loc xlink:type="locator" xlink:href="../val/vr-bv365-4.xml#s2md_BV365-4" xlink:label="loc_s2md_BV365-4" />
    <gen:arc xlink:type="arc" xlink:arcrole="http://xbrl.org/arcrole/2008/variable-set-precondition" xlink:from="loc_s2md_BV365-4" xlink:to="findPrec_18" />
    <link:loc xlink:type="locator" xlink:href="../val/vr-bv366-4.xml#s2md_BV366-4" xlink:label="loc_s2md_BV366-4" />
    <gen:arc xlink:type="arc" xlink:arcrole="http://xbrl.org/arcrole/2008/variable-set-precondition" xlink:from="loc_s2md_BV366-4" xlink:to="findPrec_18" />
    <link:loc xlink:type="locator" xlink:href="../val/vr-bv367-4.xml#s2md_BV367-4" xlink:label="loc_s2md_BV367-4" />
    <gen:arc xlink:type="arc" xlink:arcrole="http://xbrl.org/arcrole/2008/variable-set-precondition" xlink:from="loc_s2md_BV367-4" xlink:to="findPrec_18" />
    <link:loc xlink:type="locator" xlink:href="../val/vr-bv368-4.xml#s2md_BV368-4" xlink:label="loc_s2md_BV368-4" />
    <gen:arc xlink:type="arc" xlink:arcrole="http://xbrl.org/arcrole/2008/variable-set-precondition" xlink:from="loc_s2md_BV368-4" xlink:to="findPrec_18" />
    <link:loc xlink:type="locator" xlink:href="../val/vr-bv369-4.xml#s2md_BV369-4" xlink:label="loc_s2md_BV369-4" />
    <gen:arc xlink:type="arc" xlink:arcrole="http://xbrl.org/arcrole/2008/variable-set-precondition" xlink:from="loc_s2md_BV369-4" xlink:to="findPrec_18" />
    <link:loc xlink:type="locator" xlink:href="../val/vr-bv370-4.xml#s2md_BV370-4" xlink:label="loc_s2md_BV370-4" />
    <gen:arc xlink:type="arc" xlink:arcrole="http://xbrl.org/arcrole/2008/variable-set-precondition" xlink:from="loc_s2md_BV370-4" xlink:to="findPrec_18" />
    <link:loc xlink:type="locator" xlink:href="../val/vr-bv371-4.xml#s2md_BV371-4" xlink:label="loc_s2md_BV371-4" />
    <gen:arc xlink:type="arc" xlink:arcrole="http://xbrl.org/arcrole/2008/variable-set-precondition" xlink:from="loc_s2md_BV371-4" xlink:to="findPrec_18" />
    <link:loc xlink:type="locator" xlink:href="../val/vr-bv372-4.xml#s2md_BV372-4" xlink:label="loc_s2md_BV372-4" />
    <gen:arc xlink:type="arc" xlink:arcrole="http://xbrl.org/arcrole/2008/variable-set-precondition" xlink:from="loc_s2md_BV372-4" xlink:to="findPrec_18" />
    <link:loc xlink:type="locator" xlink:href="../val/vr-bv373-4.xml#s2md_BV373-4" xlink:label="loc_s2md_BV373-4" />
    <gen:arc xlink:type="arc" xlink:arcrole="http://xbrl.org/arcrole/2008/variable-set-precondition" xlink:from="loc_s2md_BV373-4" xlink:to="findPrec_18" />
    <link:loc xlink:type="locator" xlink:href="../val/vr-bv374-4.xml#s2md_BV374-4" xlink:label="loc_s2md_BV374-4" />
    <gen:arc xlink:type="arc" xlink:arcrole="http://xbrl.org/arcrole/2008/variable-set-precondition" xlink:from="loc_s2md_BV374-4" xlink:to="findPrec_18" />
    <link:loc xlink:type="locator" xlink:href="../val/vr-bv375-4.xml#s2md_BV375-4" xlink:label="loc_s2md_BV375-4" />
    <gen:arc xlink:type="arc" xlink:arcrole="http://xbrl.org/arcrole/2008/variable-set-precondition" xlink:from="loc_s2md_BV375-4" xlink:to="findPrec_18" />
    <link:loc xlink:type="locator" xlink:href="../val/vr-bv376-4.xml#s2md_BV376-4" xlink:label="loc_s2md_BV376-4" />
    <gen:arc xlink:type="arc" xlink:arcrole="http://xbrl.org/arcrole/2008/variable-set-precondition" xlink:from="loc_s2md_BV376-4" xlink:to="findPrec_18" />
    <link:loc xlink:type="locator" xlink:href="../val/vr-bv377-4.xml#s2md_BV377-4" xlink:label="loc_s2md_BV377-4" />
    <gen:arc xlink:type="arc" xlink:arcrole="http://xbrl.org/arcrole/2008/variable-set-precondition" xlink:from="loc_s2md_BV377-4" xlink:to="findPrec_18" />
    <variable:precondition xlink:type="resource" xlink:label="findPrec_19" test="( $find:tS.08.01 and $find:tSE.02.01 )" />
    <link:loc xlink:type="locator" xlink:href="../val/vr-bv137-7.xml#s2md_BV137-7" xlink:label="loc_s2md_BV137-7" />
    <gen:arc xlink:type="arc" xlink:arcrole="http://xbrl.org/arcrole/2008/variable-set-precondition" xlink:from="loc_s2md_BV137-7" xlink:to="findPrec_19" />
    <variable:precondition xlink:type="resource" xlink:label="findPrec_20" test="( $find:tS.12.01 and $find:tS.17.01 and $find:tSE.02.01 )" />
    <link:loc xlink:type="locator" xlink:href="../val/vr-bv138-7.xml#s2md_BV138-7" xlink:label="loc_s2md_BV138-7" />
    <gen:arc xlink:type="arc" xlink:arcrole="http://xbrl.org/arcrole/2008/variable-set-precondition" xlink:from="loc_s2md_BV138-7" xlink:to="findPrec_20" />
    <variable:precondition xlink:type="resource" xlink:label="findPrec_21" test="( $find:tS.23.01 and $find:tSE.02.01 )" />
    <link:loc xlink:type="locator" xlink:href="../val/vr-bv139-5.xml#s2md_BV139-5" xlink:label="loc_s2md_BV139-5" />
    <gen:arc xlink:type="arc" xlink:arcrole="http://xbrl.org/arcrole/2008/variable-set-precondition" xlink:from="loc_s2md_BV139-5" xlink:to="findPrec_21" />
    <variable:precondition xlink:type="resource" xlink:label="findPrec_22" test="( $find:tS.01.02 and $find:tSE.01.01 )" />
    <link:loc xlink:type="locator" xlink:href="../val/vr-bv333-4.xml#s2md_BV333-4" xlink:label="loc_s2md_BV333-4" />
    <gen:arc xlink:type="arc" xlink:arcrole="http://xbrl.org/arcrole/2008/variable-set-precondition" xlink:from="loc_s2md_BV333-4" xlink:to="findPrec_22" />
    <variable:precondition xlink:type="resource" xlink:label="findPrec_23" test="( $find:tS.12.01 and $find:tSE.02.01 )" />
    <link:loc xlink:type="locator" xlink:href="../val/vr-bv379_1-7.xml#s2md_BV379_1-7" xlink:label="loc_s2md_BV379_1-7" />
    <gen:arc xlink:type="arc" xlink:arcrole="http://xbrl.org/arcrole/2008/variable-set-precondition" xlink:from="loc_s2md_BV379_1-7" xlink:to="findPrec_23" />
    <link:loc xlink:type="locator" xlink:href="../val/vr-bv382_1-7.xml#s2md_BV382_1-7" xlink:label="loc_s2md_BV382_1-7" />
    <gen:arc xlink:type="arc" xlink:arcrole="http://xbrl.org/arcrole/2008/variable-set-precondition" xlink:from="loc_s2md_BV382_1-7" xlink:to="findPrec_23" />
    <link:loc xlink:type="locator" xlink:href="../val/vr-bv384_1-7.xml#s2md_BV384_1-7" xlink:label="loc_s2md_BV384_1-7" />
    <gen:arc xlink:type="arc" xlink:arcrole="http://xbrl.org/arcrole/2008/variable-set-precondition" xlink:from="loc_s2md_BV384_1-7" xlink:to="findPrec_23" />
    <link:loc xlink:type="locator" xlink:href="../val/vr-bv389-4.xml#s2md_BV389-4" xlink:label="loc_s2md_BV389-4" />
    <gen:arc xlink:type="arc" xlink:arcrole="http://xbrl.org/arcrole/2008/variable-set-precondition" xlink:from="loc_s2md_BV389-4" xlink:to="findPrec_23" />
    <variable:precondition xlink:type="resource" xlink:label="findPrec_24" test="( $find:tS.17.01 and $find:tSE.02.01 )" />
    <link:loc xlink:type="locator" xlink:href="../val/vr-bv392_1-7.xml#s2md_BV392_1-7" xlink:label="loc_s2md_BV392_1-7" />
    <gen:arc xlink:type="arc" xlink:arcrole="http://xbrl.org/arcrole/2008/variable-set-precondition" xlink:from="loc_s2md_BV392_1-7" xlink:to="findPrec_24" />
    <link:loc xlink:type="locator" xlink:href="../val/vr-bv393_1-7.xml#s2md_BV393_1-7" xlink:label="loc_s2md_BV393_1-7" />
    <gen:arc xlink:type="arc" xlink:arcrole="http://xbrl.org/arcrole/2008/variable-set-precondition" xlink:from="loc_s2md_BV393_1-7" xlink:to="findPrec_24" />
    <link:loc xlink:type="locator" xlink:href="../val/vr-bv394_1-7.xml#s2md_BV394_1-7" xlink:label="loc_s2md_BV394_1-7" />
    <gen:arc xlink:type="arc" xlink:arcrole="http://xbrl.org/arcrole/2008/variable-set-precondition" xlink:from="loc_s2md_BV394_1-7" xlink:to="findPrec_24" />
    <variable:precondition xlink:type="resource" xlink:label="findPrec_25" test="( $find:tS.23.01 and $find:tSE.02.01 )" />
    <link:loc xlink:type="locator" xlink:href="../val/vr-bv395-5.xml#s2md_BV395-5" xlink:label="loc_s2md_BV395-5" />
    <gen:arc xlink:type="arc" xlink:arcrole="http://xbrl.org/arcrole/2008/variable-set-precondition" xlink:from="loc_s2md_BV395-5" xlink:to="findPrec_25" />
  </gen:link>
</link:linkbase>