<?xml version="1.0" encoding="UTF-8"?>
<!--(C) EIOPA - XBRL Solvency 2 Taxonomy-->
<?officialURI http://eiopa.europa.eu/eu/xbrl/s2md/fws/solvency/solvency2/2016-07-15/mod/qfg-find-prec.xml?>
<?taxonomy-version 2.1.0?>
<?taxonomy-date 2016-07-15?>
<link:linkbase xmlns:xsi="http://www.w3.org/2001/XMLSchema-instance" xmlns:xbrli="http://www.xbrl.org/2003/instance" xmlns:xlink="http://www.w3.org/1999/xlink" xmlns:link="http://www.xbrl.org/2003/linkbase" xmlns:gen="http://xbrl.org/2008/generic" xmlns:label="http://xbrl.org/2008/label" xmlns:find="http://www.eurofiling.info/xbrl/ext/filing-indicators" xmlns:variable="http://xbrl.org/2008/variable" xsi:schemaLocation="http://www.xbrl.org/2003/linkbase http://www.xbrl.org/2003/xbrl-linkbase-2003-12-31.xsd http://xbrl.org/2008/generic http://www.xbrl.org/2008/generic-link.xsd http://xbrl.org/2008/label http://www.xbrl.org/2008/generic-label.xsd http://www.eurofiling.info/xbrl/ext/filing-indicators http://www.eurofiling.info/eu/fr/xbrl/ext/filing-indicators.xsd http://xbrl.org/2008/variable http://www.xbrl.org/2008/variable.xsd">
  <link:arcroleRef arcroleURI="http://xbrl.org/arcrole/2008/variable-set-precondition" xlink:type="simple" xlink:href="http://www.xbrl.org/2008/variable.xsd#variable-set-precondition" />
  <gen:link xlink:type="extended" xlink:role="http://www.xbrl.org/2003/role/link">
    <variable:precondition xlink:type="resource" xlink:label="findPrec" test="$find:tS.02.01" />
    <link:loc xlink:type="locator" xlink:href="../val/vr-bv313_1-3.xml#s2md_BV313_1-3" xlink:label="loc_s2md_BV313_1-3" />
    <gen:arc xlink:type="arc" xlink:arcrole="http://xbrl.org/arcrole/2008/variable-set-precondition" xlink:from="loc_s2md_BV313_1-3" xlink:to="findPrec" />
    <link:loc xlink:type="locator" xlink:href="../val/vr-bv314_1-3.xml#s2md_BV314_1-3" xlink:label="loc_s2md_BV314_1-3" />
    <gen:arc xlink:type="arc" xlink:arcrole="http://xbrl.org/arcrole/2008/variable-set-precondition" xlink:from="loc_s2md_BV314_1-3" xlink:to="findPrec" />
    <link:loc xlink:type="locator" xlink:href="../val/vr-bv315_1-3.xml#s2md_BV315_1-3" xlink:label="loc_s2md_BV315_1-3" />
    <gen:arc xlink:type="arc" xlink:arcrole="http://xbrl.org/arcrole/2008/variable-set-precondition" xlink:from="loc_s2md_BV315_1-3" xlink:to="findPrec" />
    <link:loc xlink:type="locator" xlink:href="../val/vr-bv316_1-3.xml#s2md_BV316_1-3" xlink:label="loc_s2md_BV316_1-3" />
    <gen:arc xlink:type="arc" xlink:arcrole="http://xbrl.org/arcrole/2008/variable-set-precondition" xlink:from="loc_s2md_BV316_1-3" xlink:to="findPrec" />
    <link:loc xlink:type="locator" xlink:href="../val/vr-bv317_1-3.xml#s2md_BV317_1-3" xlink:label="loc_s2md_BV317_1-3" />
    <gen:arc xlink:type="arc" xlink:arcrole="http://xbrl.org/arcrole/2008/variable-set-precondition" xlink:from="loc_s2md_BV317_1-3" xlink:to="findPrec" />
    <link:loc xlink:type="locator" xlink:href="../val/vr-bv318_1-3.xml#s2md_BV318_1-3" xlink:label="loc_s2md_BV318_1-3" />
    <gen:arc xlink:type="arc" xlink:arcrole="http://xbrl.org/arcrole/2008/variable-set-precondition" xlink:from="loc_s2md_BV318_1-3" xlink:to="findPrec" />
    <link:loc xlink:type="locator" xlink:href="../val/vr-bv319_1-3.xml#s2md_BV319_1-3" xlink:label="loc_s2md_BV319_1-3" />
    <gen:arc xlink:type="arc" xlink:arcrole="http://xbrl.org/arcrole/2008/variable-set-precondition" xlink:from="loc_s2md_BV319_1-3" xlink:to="findPrec" />
    <link:loc xlink:type="locator" xlink:href="../val/vr-bv320_1-3.xml#s2md_BV320_1-3" xlink:label="loc_s2md_BV320_1-3" />
    <gen:arc xlink:type="arc" xlink:arcrole="http://xbrl.org/arcrole/2008/variable-set-precondition" xlink:from="loc_s2md_BV320_1-3" xlink:to="findPrec" />
    <link:loc xlink:type="locator" xlink:href="../val/vr-bv321_1-3.xml#s2md_BV321_1-3" xlink:label="loc_s2md_BV321_1-3" />
    <gen:arc xlink:type="arc" xlink:arcrole="http://xbrl.org/arcrole/2008/variable-set-precondition" xlink:from="loc_s2md_BV321_1-3" xlink:to="findPrec" />
    <link:loc xlink:type="locator" xlink:href="../val/vr-bv322_1-3.xml#s2md_BV322_1-3" xlink:label="loc_s2md_BV322_1-3" />
    <gen:arc xlink:type="arc" xlink:arcrole="http://xbrl.org/arcrole/2008/variable-set-precondition" xlink:from="loc_s2md_BV322_1-3" xlink:to="findPrec" />
    <link:loc xlink:type="locator" xlink:href="../val/vr-bv323_1-3.xml#s2md_BV323_1-3" xlink:label="loc_s2md_BV323_1-3" />
    <gen:arc xlink:type="arc" xlink:arcrole="http://xbrl.org/arcrole/2008/variable-set-precondition" xlink:from="loc_s2md_BV323_1-3" xlink:to="findPrec" />
    <link:loc xlink:type="locator" xlink:href="../val/vr-bv324_1-3.xml#s2md_BV324_1-3" xlink:label="loc_s2md_BV324_1-3" />
    <gen:arc xlink:type="arc" xlink:arcrole="http://xbrl.org/arcrole/2008/variable-set-precondition" xlink:from="loc_s2md_BV324_1-3" xlink:to="findPrec" />
    <link:loc xlink:type="locator" xlink:href="../val/vr-bv325_1-3.xml#s2md_BV325_1-3" xlink:label="loc_s2md_BV325_1-3" />
    <gen:arc xlink:type="arc" xlink:arcrole="http://xbrl.org/arcrole/2008/variable-set-precondition" xlink:from="loc_s2md_BV325_1-3" xlink:to="findPrec" />
    <link:loc xlink:type="locator" xlink:href="../val/vr-bv326_1-3.xml#s2md_BV326_1-3" xlink:label="loc_s2md_BV326_1-3" />
    <gen:arc xlink:type="arc" xlink:arcrole="http://xbrl.org/arcrole/2008/variable-set-precondition" xlink:from="loc_s2md_BV326_1-3" xlink:to="findPrec" />
    <link:loc xlink:type="locator" xlink:href="../val/vr-bv327_1-3.xml#s2md_BV327_1-3" xlink:label="loc_s2md_BV327_1-3" />
    <gen:arc xlink:type="arc" xlink:arcrole="http://xbrl.org/arcrole/2008/variable-set-precondition" xlink:from="loc_s2md_BV327_1-3" xlink:to="findPrec" />
    <link:loc xlink:type="locator" xlink:href="../val/vr-bv328_1-3.xml#s2md_BV328_1-3" xlink:label="loc_s2md_BV328_1-3" />
    <gen:arc xlink:type="arc" xlink:arcrole="http://xbrl.org/arcrole/2008/variable-set-precondition" xlink:from="loc_s2md_BV328_1-3" xlink:to="findPrec" />
    <link:loc xlink:type="locator" xlink:href="../val/vr-bv329_1-3.xml#s2md_BV329_1-3" xlink:label="loc_s2md_BV329_1-3" />
    <gen:arc xlink:type="arc" xlink:arcrole="http://xbrl.org/arcrole/2008/variable-set-precondition" xlink:from="loc_s2md_BV329_1-3" xlink:to="findPrec" />
    <link:loc xlink:type="locator" xlink:href="../val/vr-bv330_1-3.xml#s2md_BV330_1-3" xlink:label="loc_s2md_BV330_1-3" />
    <gen:arc xlink:type="arc" xlink:arcrole="http://xbrl.org/arcrole/2008/variable-set-precondition" xlink:from="loc_s2md_BV330_1-3" xlink:to="findPrec" />
    <variable:precondition xlink:type="resource" xlink:label="findPrec_1" test="$find:tS.06.02" />
    <link:loc xlink:type="locator" xlink:href="../val/vr-bv4-3.xml#s2md_BV4-3" xlink:label="loc_s2md_BV4-3" />
    <gen:arc xlink:type="arc" xlink:arcrole="http://xbrl.org/arcrole/2008/variable-set-precondition" xlink:from="loc_s2md_BV4-3" xlink:to="findPrec_1" />
    <link:loc xlink:type="locator" xlink:href="../val/vr-bv6-3.xml#s2md_BV6-3" xlink:label="loc_s2md_BV6-3" />
    <gen:arc xlink:type="arc" xlink:arcrole="http://xbrl.org/arcrole/2008/variable-set-precondition" xlink:from="loc_s2md_BV6-3" xlink:to="findPrec_1" />
    <link:loc xlink:type="locator" xlink:href="../val/vr-bv237-3.xml#s2md_BV237-3" xlink:label="loc_s2md_BV237-3" />
    <gen:arc xlink:type="arc" xlink:arcrole="http://xbrl.org/arcrole/2008/variable-set-precondition" xlink:from="loc_s2md_BV237-3" xlink:to="findPrec_1" />
    <variable:precondition xlink:type="resource" xlink:label="findPrec_2" test="$find:tS.06.02" />
    <link:loc xlink:type="locator" xlink:href="../val/vr-bv5-3.xml#s2md_BV5-3" xlink:label="loc_s2md_BV5-3" />
    <gen:arc xlink:type="arc" xlink:arcrole="http://xbrl.org/arcrole/2008/variable-set-precondition" xlink:from="loc_s2md_BV5-3" xlink:to="findPrec_2" />
    <variable:precondition xlink:type="resource" xlink:label="findPrec_3" test="$find:tS.01.02" />
    <link:loc xlink:type="locator" xlink:href="../val/vr-bv206-10-2.xml#s2md_BV206-10-2" xlink:label="loc_s2md_BV206-10-2" />
    <gen:arc xlink:type="arc" xlink:arcrole="http://xbrl.org/arcrole/2008/variable-set-precondition" xlink:from="loc_s2md_BV206-10-2" xlink:to="findPrec_3" />
    <link:loc xlink:type="locator" xlink:href="../val/vr-bv206-11-2.xml#s2md_BV206-11-2" xlink:label="loc_s2md_BV206-11-2" />
    <gen:arc xlink:type="arc" xlink:arcrole="http://xbrl.org/arcrole/2008/variable-set-precondition" xlink:from="loc_s2md_BV206-11-2" xlink:to="findPrec_3" />
    <link:loc xlink:type="locator" xlink:href="../val/vr-bv206-12-2.xml#s2md_BV206-12-2" xlink:label="loc_s2md_BV206-12-2" />
    <gen:arc xlink:type="arc" xlink:arcrole="http://xbrl.org/arcrole/2008/variable-set-precondition" xlink:from="loc_s2md_BV206-12-2" xlink:to="findPrec_3" />
    <link:loc xlink:type="locator" xlink:href="../val/vr-bv206-1-3.xml#s2md_BV206-1-3" xlink:label="loc_s2md_BV206-1-3" />
    <gen:arc xlink:type="arc" xlink:arcrole="http://xbrl.org/arcrole/2008/variable-set-precondition" xlink:from="loc_s2md_BV206-1-3" xlink:to="findPrec_3" />
    <link:loc xlink:type="locator" xlink:href="../val/vr-bv206-13-2.xml#s2md_BV206-13-2" xlink:label="loc_s2md_BV206-13-2" />
    <gen:arc xlink:type="arc" xlink:arcrole="http://xbrl.org/arcrole/2008/variable-set-precondition" xlink:from="loc_s2md_BV206-13-2" xlink:to="findPrec_3" />
    <link:loc xlink:type="locator" xlink:href="../val/vr-bv206-14-2.xml#s2md_BV206-14-2" xlink:label="loc_s2md_BV206-14-2" />
    <gen:arc xlink:type="arc" xlink:arcrole="http://xbrl.org/arcrole/2008/variable-set-precondition" xlink:from="loc_s2md_BV206-14-2" xlink:to="findPrec_3" />
    <link:loc xlink:type="locator" xlink:href="../val/vr-bv206-15-2.xml#s2md_BV206-15-2" xlink:label="loc_s2md_BV206-15-2" />
    <gen:arc xlink:type="arc" xlink:arcrole="http://xbrl.org/arcrole/2008/variable-set-precondition" xlink:from="loc_s2md_BV206-15-2" xlink:to="findPrec_3" />
    <link:loc xlink:type="locator" xlink:href="../val/vr-bv206-16-2.xml#s2md_BV206-16-2" xlink:label="loc_s2md_BV206-16-2" />
    <gen:arc xlink:type="arc" xlink:arcrole="http://xbrl.org/arcrole/2008/variable-set-precondition" xlink:from="loc_s2md_BV206-16-2" xlink:to="findPrec_3" />
    <link:loc xlink:type="locator" xlink:href="../val/vr-bv206-17-2.xml#s2md_BV206-17-2" xlink:label="loc_s2md_BV206-17-2" />
    <gen:arc xlink:type="arc" xlink:arcrole="http://xbrl.org/arcrole/2008/variable-set-precondition" xlink:from="loc_s2md_BV206-17-2" xlink:to="findPrec_3" />
    <link:loc xlink:type="locator" xlink:href="../val/vr-bv206-18-2.xml#s2md_BV206-18-2" xlink:label="loc_s2md_BV206-18-2" />
    <gen:arc xlink:type="arc" xlink:arcrole="http://xbrl.org/arcrole/2008/variable-set-precondition" xlink:from="loc_s2md_BV206-18-2" xlink:to="findPrec_3" />
    <link:loc xlink:type="locator" xlink:href="../val/vr-bv206-19-2.xml#s2md_BV206-19-2" xlink:label="loc_s2md_BV206-19-2" />
    <gen:arc xlink:type="arc" xlink:arcrole="http://xbrl.org/arcrole/2008/variable-set-precondition" xlink:from="loc_s2md_BV206-19-2" xlink:to="findPrec_3" />
    <link:loc xlink:type="locator" xlink:href="../val/vr-bv206-2-1.xml#s2md_BV206-2-1" xlink:label="loc_s2md_BV206-2-1" />
    <gen:arc xlink:type="arc" xlink:arcrole="http://xbrl.org/arcrole/2008/variable-set-precondition" xlink:from="loc_s2md_BV206-2-1" xlink:to="findPrec_3" />
    <link:loc xlink:type="locator" xlink:href="../val/vr-bv206-3-1.xml#s2md_BV206-3-1" xlink:label="loc_s2md_BV206-3-1" />
    <gen:arc xlink:type="arc" xlink:arcrole="http://xbrl.org/arcrole/2008/variable-set-precondition" xlink:from="loc_s2md_BV206-3-1" xlink:to="findPrec_3" />
    <link:loc xlink:type="locator" xlink:href="../val/vr-bv206-4-1.xml#s2md_BV206-4-1" xlink:label="loc_s2md_BV206-4-1" />
    <gen:arc xlink:type="arc" xlink:arcrole="http://xbrl.org/arcrole/2008/variable-set-precondition" xlink:from="loc_s2md_BV206-4-1" xlink:to="findPrec_3" />
    <link:loc xlink:type="locator" xlink:href="../val/vr-bv206-5-1.xml#s2md_BV206-5-1" xlink:label="loc_s2md_BV206-5-1" />
    <gen:arc xlink:type="arc" xlink:arcrole="http://xbrl.org/arcrole/2008/variable-set-precondition" xlink:from="loc_s2md_BV206-5-1" xlink:to="findPrec_3" />
    <link:loc xlink:type="locator" xlink:href="../val/vr-bv206-6-1.xml#s2md_BV206-6-1" xlink:label="loc_s2md_BV206-6-1" />
    <gen:arc xlink:type="arc" xlink:arcrole="http://xbrl.org/arcrole/2008/variable-set-precondition" xlink:from="loc_s2md_BV206-6-1" xlink:to="findPrec_3" />
    <link:loc xlink:type="locator" xlink:href="../val/vr-bv206-7-1.xml#s2md_BV206-7-1" xlink:label="loc_s2md_BV206-7-1" />
    <gen:arc xlink:type="arc" xlink:arcrole="http://xbrl.org/arcrole/2008/variable-set-precondition" xlink:from="loc_s2md_BV206-7-1" xlink:to="findPrec_3" />
    <link:loc xlink:type="locator" xlink:href="../val/vr-bv206-8-1.xml#s2md_BV206-8-1" xlink:label="loc_s2md_BV206-8-1" />
    <gen:arc xlink:type="arc" xlink:arcrole="http://xbrl.org/arcrole/2008/variable-set-precondition" xlink:from="loc_s2md_BV206-8-1" xlink:to="findPrec_3" />
    <link:loc xlink:type="locator" xlink:href="../val/vr-bv206-9-1.xml#s2md_BV206-9-1" xlink:label="loc_s2md_BV206-9-1" />
    <gen:arc xlink:type="arc" xlink:arcrole="http://xbrl.org/arcrole/2008/variable-set-precondition" xlink:from="loc_s2md_BV206-9-1" xlink:to="findPrec_3" />
    <variable:precondition xlink:type="resource" xlink:label="findPrec_4" test="$find:tS.01.01" />
    <link:loc xlink:type="locator" xlink:href="../val/vr-tv23-13-1-1.xml#s2md_TV23-13-1-1" xlink:label="loc_s2md_TV23-13-1-1" />
    <gen:arc xlink:type="arc" xlink:arcrole="http://xbrl.org/arcrole/2008/variable-set-precondition" xlink:from="loc_s2md_TV23-13-1-1" xlink:to="findPrec_4" />
    <link:loc xlink:type="locator" xlink:href="../val/vr-tv23-13-2-1.xml#s2md_TV23-13-2-1" xlink:label="loc_s2md_TV23-13-2-1" />
    <gen:arc xlink:type="arc" xlink:arcrole="http://xbrl.org/arcrole/2008/variable-set-precondition" xlink:from="loc_s2md_TV23-13-2-1" xlink:to="findPrec_4" />
    <link:loc xlink:type="locator" xlink:href="../val/vr-tv23-13-3-1.xml#s2md_TV23-13-3-1" xlink:label="loc_s2md_TV23-13-3-1" />
    <gen:arc xlink:type="arc" xlink:arcrole="http://xbrl.org/arcrole/2008/variable-set-precondition" xlink:from="loc_s2md_TV23-13-3-1" xlink:to="findPrec_4" />
    <link:loc xlink:type="locator" xlink:href="../val/vr-tv23-13-4-1.xml#s2md_TV23-13-4-1" xlink:label="loc_s2md_TV23-13-4-1" />
    <gen:arc xlink:type="arc" xlink:arcrole="http://xbrl.org/arcrole/2008/variable-set-precondition" xlink:from="loc_s2md_TV23-13-4-1" xlink:to="findPrec_4" />
    <link:loc xlink:type="locator" xlink:href="../val/vr-tv23-13-5-1.xml#s2md_TV23-13-5-1" xlink:label="loc_s2md_TV23-13-5-1" />
    <gen:arc xlink:type="arc" xlink:arcrole="http://xbrl.org/arcrole/2008/variable-set-precondition" xlink:from="loc_s2md_TV23-13-5-1" xlink:to="findPrec_4" />
    <link:loc xlink:type="locator" xlink:href="../val/vr-tv23-13-6-1.xml#s2md_TV23-13-6-1" xlink:label="loc_s2md_TV23-13-6-1" />
    <gen:arc xlink:type="arc" xlink:arcrole="http://xbrl.org/arcrole/2008/variable-set-precondition" xlink:from="loc_s2md_TV23-13-6-1" xlink:to="findPrec_4" />
    <link:loc xlink:type="locator" xlink:href="../val/vr-tv23-13-7-1.xml#s2md_TV23-13-7-1" xlink:label="loc_s2md_TV23-13-7-1" />
    <gen:arc xlink:type="arc" xlink:arcrole="http://xbrl.org/arcrole/2008/variable-set-precondition" xlink:from="loc_s2md_TV23-13-7-1" xlink:to="findPrec_4" />
    <link:loc xlink:type="locator" xlink:href="../val/vr-tv23-13-8-1.xml#s2md_TV23-13-8-1" xlink:label="loc_s2md_TV23-13-8-1" />
    <gen:arc xlink:type="arc" xlink:arcrole="http://xbrl.org/arcrole/2008/variable-set-precondition" xlink:from="loc_s2md_TV23-13-8-1" xlink:to="findPrec_4" />
    <variable:precondition xlink:type="resource" xlink:label="findPrec_5" test="$find:tS.05.01" />
    <link:loc xlink:type="locator" xlink:href="../val/vr-bv655-1.xml#s2md_BV655-1" xlink:label="loc_s2md_BV655-1" />
    <gen:arc xlink:type="arc" xlink:arcrole="http://xbrl.org/arcrole/2008/variable-set-precondition" xlink:from="loc_s2md_BV655-1" xlink:to="findPrec_5" />
    <link:loc xlink:type="locator" xlink:href="../val/vr-bv656-1.xml#s2md_BV656-1" xlink:label="loc_s2md_BV656-1" />
    <gen:arc xlink:type="arc" xlink:arcrole="http://xbrl.org/arcrole/2008/variable-set-precondition" xlink:from="loc_s2md_BV656-1" xlink:to="findPrec_5" />
    <variable:precondition xlink:type="resource" xlink:label="findPrec_6" test="$find:tS.05.01" />
    <link:loc xlink:type="locator" xlink:href="../val/vr-bv657-1.xml#s2md_BV657-1" xlink:label="loc_s2md_BV657-1" />
    <gen:arc xlink:type="arc" xlink:arcrole="http://xbrl.org/arcrole/2008/variable-set-precondition" xlink:from="loc_s2md_BV657-1" xlink:to="findPrec_6" />
    <link:loc xlink:type="locator" xlink:href="../val/vr-bv658-1.xml#s2md_BV658-1" xlink:label="loc_s2md_BV658-1" />
    <gen:arc xlink:type="arc" xlink:arcrole="http://xbrl.org/arcrole/2008/variable-set-precondition" xlink:from="loc_s2md_BV658-1" xlink:to="findPrec_6" />
    <variable:precondition xlink:type="resource" xlink:label="findPrec_7" test="( $find:tS.02.01 and $find:tS.23.01 )" />
    <link:loc xlink:type="locator" xlink:href="../val/vr-bv659-1.xml#s2md_BV659-1" xlink:label="loc_s2md_BV659-1" />
    <gen:arc xlink:type="arc" xlink:arcrole="http://xbrl.org/arcrole/2008/variable-set-precondition" xlink:from="loc_s2md_BV659-1" xlink:to="findPrec_7" />
    <variable:precondition xlink:type="resource" xlink:label="findPrec_8" test="$find:tS.23.01" />
    <link:loc xlink:type="locator" xlink:href="../val/vr-bv661-1.xml#s2md_BV661-1" xlink:label="loc_s2md_BV661-1" />
    <gen:arc xlink:type="arc" xlink:arcrole="http://xbrl.org/arcrole/2008/variable-set-precondition" xlink:from="loc_s2md_BV661-1" xlink:to="findPrec_8" />
  </gen:link>
</link:linkbase>