<?xml version="1.0" encoding="UTF-8"?>
<!--(C) EIOPA - XBRL Solvency 2 Taxonomy-->
<?officialURI http://eiopa.europa.eu/eu/xbrl/s2md/fws/solvency/solvency2/2016-07-15/mod/qrg-find-prec.xml?>
<?taxonomy-version 2.1.0?>
<?taxonomy-date 2016-07-15?>
<link:linkbase xmlns:xsi="http://www.w3.org/2001/XMLSchema-instance" xmlns:xbrli="http://www.xbrl.org/2003/instance" xmlns:xlink="http://www.w3.org/1999/xlink" xmlns:link="http://www.xbrl.org/2003/linkbase" xmlns:gen="http://xbrl.org/2008/generic" xmlns:label="http://xbrl.org/2008/label" xmlns:find="http://www.eurofiling.info/xbrl/ext/filing-indicators" xmlns:variable="http://xbrl.org/2008/variable" xsi:schemaLocation="http://www.xbrl.org/2003/linkbase http://www.xbrl.org/2003/xbrl-linkbase-2003-12-31.xsd http://xbrl.org/2008/generic http://www.xbrl.org/2008/generic-link.xsd http://xbrl.org/2008/label http://www.xbrl.org/2008/generic-label.xsd http://www.eurofiling.info/xbrl/ext/filing-indicators http://www.eurofiling.info/eu/fr/xbrl/ext/filing-indicators.xsd http://xbrl.org/2008/variable http://www.xbrl.org/2008/variable.xsd">
  <link:arcroleRef arcroleURI="http://xbrl.org/arcrole/2008/variable-set-precondition" xlink:type="simple" xlink:href="http://www.xbrl.org/2008/variable.xsd#variable-set-precondition" />
  <gen:link xlink:type="extended" xlink:role="http://www.xbrl.org/2003/role/link">
    <variable:precondition xlink:type="resource" xlink:label="findPrec" test="$find:tS.05.01" />
    <link:loc xlink:type="locator" xlink:href="../val/vr-bv204-2.xml#s2md_BV204-2" xlink:label="loc_s2md_BV204-2" />
    <gen:arc xlink:type="arc" xlink:arcrole="http://xbrl.org/arcrole/2008/variable-set-precondition" xlink:from="loc_s2md_BV204-2" xlink:to="findPrec" />
    <link:loc xlink:type="locator" xlink:href="../val/vr-bv205-2.xml#s2md_BV205-2" xlink:label="loc_s2md_BV205-2" />
    <gen:arc xlink:type="arc" xlink:arcrole="http://xbrl.org/arcrole/2008/variable-set-precondition" xlink:from="loc_s2md_BV205-2" xlink:to="findPrec" />
    <link:loc xlink:type="locator" xlink:href="../val/vr-bv207-2.xml#s2md_BV207-2" xlink:label="loc_s2md_BV207-2" />
    <gen:arc xlink:type="arc" xlink:arcrole="http://xbrl.org/arcrole/2008/variable-set-precondition" xlink:from="loc_s2md_BV207-2" xlink:to="findPrec" />
    <link:loc xlink:type="locator" xlink:href="../val/vr-bv208-2.xml#s2md_BV208-2" xlink:label="loc_s2md_BV208-2" />
    <gen:arc xlink:type="arc" xlink:arcrole="http://xbrl.org/arcrole/2008/variable-set-precondition" xlink:from="loc_s2md_BV208-2" xlink:to="findPrec" />
    <link:loc xlink:type="locator" xlink:href="../val/vr-bv209-2.xml#s2md_BV209-2" xlink:label="loc_s2md_BV209-2" />
    <gen:arc xlink:type="arc" xlink:arcrole="http://xbrl.org/arcrole/2008/variable-set-precondition" xlink:from="loc_s2md_BV209-2" xlink:to="findPrec" />
    <link:loc xlink:type="locator" xlink:href="../val/vr-bv210-2.xml#s2md_BV210-2" xlink:label="loc_s2md_BV210-2" />
    <gen:arc xlink:type="arc" xlink:arcrole="http://xbrl.org/arcrole/2008/variable-set-precondition" xlink:from="loc_s2md_BV210-2" xlink:to="findPrec" />
    <link:loc xlink:type="locator" xlink:href="../val/vr-bv214-2.xml#s2md_BV214-2" xlink:label="loc_s2md_BV214-2" />
    <gen:arc xlink:type="arc" xlink:arcrole="http://xbrl.org/arcrole/2008/variable-set-precondition" xlink:from="loc_s2md_BV214-2" xlink:to="findPrec" />
    <link:loc xlink:type="locator" xlink:href="../val/vr-bv405-2.xml#s2md_BV405-2" xlink:label="loc_s2md_BV405-2" />
    <gen:arc xlink:type="arc" xlink:arcrole="http://xbrl.org/arcrole/2008/variable-set-precondition" xlink:from="loc_s2md_BV405-2" xlink:to="findPrec" />
    <link:loc xlink:type="locator" xlink:href="../val/vr-bv406-2.xml#s2md_BV406-2" xlink:label="loc_s2md_BV406-2" />
    <gen:arc xlink:type="arc" xlink:arcrole="http://xbrl.org/arcrole/2008/variable-set-precondition" xlink:from="loc_s2md_BV406-2" xlink:to="findPrec" />
    <link:loc xlink:type="locator" xlink:href="../val/vr-bv407-2.xml#s2md_BV407-2" xlink:label="loc_s2md_BV407-2" />
    <gen:arc xlink:type="arc" xlink:arcrole="http://xbrl.org/arcrole/2008/variable-set-precondition" xlink:from="loc_s2md_BV407-2" xlink:to="findPrec" />
    <link:loc xlink:type="locator" xlink:href="../val/vr-bv408-2.xml#s2md_BV408-2" xlink:label="loc_s2md_BV408-2" />
    <gen:arc xlink:type="arc" xlink:arcrole="http://xbrl.org/arcrole/2008/variable-set-precondition" xlink:from="loc_s2md_BV408-2" xlink:to="findPrec" />
    <link:loc xlink:type="locator" xlink:href="../val/vr-bv409-2.xml#s2md_BV409-2" xlink:label="loc_s2md_BV409-2" />
    <gen:arc xlink:type="arc" xlink:arcrole="http://xbrl.org/arcrole/2008/variable-set-precondition" xlink:from="loc_s2md_BV409-2" xlink:to="findPrec" />
    <link:loc xlink:type="locator" xlink:href="../val/vr-bv410-2.xml#s2md_BV410-2" xlink:label="loc_s2md_BV410-2" />
    <gen:arc xlink:type="arc" xlink:arcrole="http://xbrl.org/arcrole/2008/variable-set-precondition" xlink:from="loc_s2md_BV410-2" xlink:to="findPrec" />
    <link:loc xlink:type="locator" xlink:href="../val/vr-bv411-2.xml#s2md_BV411-2" xlink:label="loc_s2md_BV411-2" />
    <gen:arc xlink:type="arc" xlink:arcrole="http://xbrl.org/arcrole/2008/variable-set-precondition" xlink:from="loc_s2md_BV411-2" xlink:to="findPrec" />
    <link:loc xlink:type="locator" xlink:href="../val/vr-bv412-2.xml#s2md_BV412-2" xlink:label="loc_s2md_BV412-2" />
    <gen:arc xlink:type="arc" xlink:arcrole="http://xbrl.org/arcrole/2008/variable-set-precondition" xlink:from="loc_s2md_BV412-2" xlink:to="findPrec" />
    <link:loc xlink:type="locator" xlink:href="../val/vr-bv413-2.xml#s2md_BV413-2" xlink:label="loc_s2md_BV413-2" />
    <gen:arc xlink:type="arc" xlink:arcrole="http://xbrl.org/arcrole/2008/variable-set-precondition" xlink:from="loc_s2md_BV413-2" xlink:to="findPrec" />
    <variable:precondition xlink:type="resource" xlink:label="findPrec_1" test="$find:tS.05.01" />
    <link:loc xlink:type="locator" xlink:href="../val/vr-bv215-2.xml#s2md_BV215-2" xlink:label="loc_s2md_BV215-2" />
    <gen:arc xlink:type="arc" xlink:arcrole="http://xbrl.org/arcrole/2008/variable-set-precondition" xlink:from="loc_s2md_BV215-2" xlink:to="findPrec_1" />
    <link:loc xlink:type="locator" xlink:href="../val/vr-bv216-2.xml#s2md_BV216-2" xlink:label="loc_s2md_BV216-2" />
    <gen:arc xlink:type="arc" xlink:arcrole="http://xbrl.org/arcrole/2008/variable-set-precondition" xlink:from="loc_s2md_BV216-2" xlink:to="findPrec_1" />
    <link:loc xlink:type="locator" xlink:href="../val/vr-bv225-2.xml#s2md_BV225-2" xlink:label="loc_s2md_BV225-2" />
    <gen:arc xlink:type="arc" xlink:arcrole="http://xbrl.org/arcrole/2008/variable-set-precondition" xlink:from="loc_s2md_BV225-2" xlink:to="findPrec_1" />
    <link:loc xlink:type="locator" xlink:href="../val/vr-bv428-2.xml#s2md_BV428-2" xlink:label="loc_s2md_BV428-2" />
    <gen:arc xlink:type="arc" xlink:arcrole="http://xbrl.org/arcrole/2008/variable-set-precondition" xlink:from="loc_s2md_BV428-2" xlink:to="findPrec_1" />
    <link:loc xlink:type="locator" xlink:href="../val/vr-bv429-2.xml#s2md_BV429-2" xlink:label="loc_s2md_BV429-2" />
    <gen:arc xlink:type="arc" xlink:arcrole="http://xbrl.org/arcrole/2008/variable-set-precondition" xlink:from="loc_s2md_BV429-2" xlink:to="findPrec_1" />
    <link:loc xlink:type="locator" xlink:href="../val/vr-bv430-2.xml#s2md_BV430-2" xlink:label="loc_s2md_BV430-2" />
    <gen:arc xlink:type="arc" xlink:arcrole="http://xbrl.org/arcrole/2008/variable-set-precondition" xlink:from="loc_s2md_BV430-2" xlink:to="findPrec_1" />
    <variable:precondition xlink:type="resource" xlink:label="findPrec_2" test="$find:tS.02.01" />
    <link:loc xlink:type="locator" xlink:href="../val/vr-bv313_1-3.xml#s2md_BV313_1-3" xlink:label="loc_s2md_BV313_1-3" />
    <gen:arc xlink:type="arc" xlink:arcrole="http://xbrl.org/arcrole/2008/variable-set-precondition" xlink:from="loc_s2md_BV313_1-3" xlink:to="findPrec_2" />
    <link:loc xlink:type="locator" xlink:href="../val/vr-bv314_1-3.xml#s2md_BV314_1-3" xlink:label="loc_s2md_BV314_1-3" />
    <gen:arc xlink:type="arc" xlink:arcrole="http://xbrl.org/arcrole/2008/variable-set-precondition" xlink:from="loc_s2md_BV314_1-3" xlink:to="findPrec_2" />
    <link:loc xlink:type="locator" xlink:href="../val/vr-bv315_1-3.xml#s2md_BV315_1-3" xlink:label="loc_s2md_BV315_1-3" />
    <gen:arc xlink:type="arc" xlink:arcrole="http://xbrl.org/arcrole/2008/variable-set-precondition" xlink:from="loc_s2md_BV315_1-3" xlink:to="findPrec_2" />
    <link:loc xlink:type="locator" xlink:href="../val/vr-bv316_1-3.xml#s2md_BV316_1-3" xlink:label="loc_s2md_BV316_1-3" />
    <gen:arc xlink:type="arc" xlink:arcrole="http://xbrl.org/arcrole/2008/variable-set-precondition" xlink:from="loc_s2md_BV316_1-3" xlink:to="findPrec_2" />
    <link:loc xlink:type="locator" xlink:href="../val/vr-bv317_1-3.xml#s2md_BV317_1-3" xlink:label="loc_s2md_BV317_1-3" />
    <gen:arc xlink:type="arc" xlink:arcrole="http://xbrl.org/arcrole/2008/variable-set-precondition" xlink:from="loc_s2md_BV317_1-3" xlink:to="findPrec_2" />
    <link:loc xlink:type="locator" xlink:href="../val/vr-bv318_1-3.xml#s2md_BV318_1-3" xlink:label="loc_s2md_BV318_1-3" />
    <gen:arc xlink:type="arc" xlink:arcrole="http://xbrl.org/arcrole/2008/variable-set-precondition" xlink:from="loc_s2md_BV318_1-3" xlink:to="findPrec_2" />
    <link:loc xlink:type="locator" xlink:href="../val/vr-bv319_1-3.xml#s2md_BV319_1-3" xlink:label="loc_s2md_BV319_1-3" />
    <gen:arc xlink:type="arc" xlink:arcrole="http://xbrl.org/arcrole/2008/variable-set-precondition" xlink:from="loc_s2md_BV319_1-3" xlink:to="findPrec_2" />
    <link:loc xlink:type="locator" xlink:href="../val/vr-bv320_1-3.xml#s2md_BV320_1-3" xlink:label="loc_s2md_BV320_1-3" />
    <gen:arc xlink:type="arc" xlink:arcrole="http://xbrl.org/arcrole/2008/variable-set-precondition" xlink:from="loc_s2md_BV320_1-3" xlink:to="findPrec_2" />
    <link:loc xlink:type="locator" xlink:href="../val/vr-bv321_1-3.xml#s2md_BV321_1-3" xlink:label="loc_s2md_BV321_1-3" />
    <gen:arc xlink:type="arc" xlink:arcrole="http://xbrl.org/arcrole/2008/variable-set-precondition" xlink:from="loc_s2md_BV321_1-3" xlink:to="findPrec_2" />
    <link:loc xlink:type="locator" xlink:href="../val/vr-bv322_1-3.xml#s2md_BV322_1-3" xlink:label="loc_s2md_BV322_1-3" />
    <gen:arc xlink:type="arc" xlink:arcrole="http://xbrl.org/arcrole/2008/variable-set-precondition" xlink:from="loc_s2md_BV322_1-3" xlink:to="findPrec_2" />
    <link:loc xlink:type="locator" xlink:href="../val/vr-bv323_1-3.xml#s2md_BV323_1-3" xlink:label="loc_s2md_BV323_1-3" />
    <gen:arc xlink:type="arc" xlink:arcrole="http://xbrl.org/arcrole/2008/variable-set-precondition" xlink:from="loc_s2md_BV323_1-3" xlink:to="findPrec_2" />
    <link:loc xlink:type="locator" xlink:href="../val/vr-bv324_1-3.xml#s2md_BV324_1-3" xlink:label="loc_s2md_BV324_1-3" />
    <gen:arc xlink:type="arc" xlink:arcrole="http://xbrl.org/arcrole/2008/variable-set-precondition" xlink:from="loc_s2md_BV324_1-3" xlink:to="findPrec_2" />
    <link:loc xlink:type="locator" xlink:href="../val/vr-bv325_1-3.xml#s2md_BV325_1-3" xlink:label="loc_s2md_BV325_1-3" />
    <gen:arc xlink:type="arc" xlink:arcrole="http://xbrl.org/arcrole/2008/variable-set-precondition" xlink:from="loc_s2md_BV325_1-3" xlink:to="findPrec_2" />
    <link:loc xlink:type="locator" xlink:href="../val/vr-bv326_1-3.xml#s2md_BV326_1-3" xlink:label="loc_s2md_BV326_1-3" />
    <gen:arc xlink:type="arc" xlink:arcrole="http://xbrl.org/arcrole/2008/variable-set-precondition" xlink:from="loc_s2md_BV326_1-3" xlink:to="findPrec_2" />
    <link:loc xlink:type="locator" xlink:href="../val/vr-bv327_1-3.xml#s2md_BV327_1-3" xlink:label="loc_s2md_BV327_1-3" />
    <gen:arc xlink:type="arc" xlink:arcrole="http://xbrl.org/arcrole/2008/variable-set-precondition" xlink:from="loc_s2md_BV327_1-3" xlink:to="findPrec_2" />
    <link:loc xlink:type="locator" xlink:href="../val/vr-bv328_1-3.xml#s2md_BV328_1-3" xlink:label="loc_s2md_BV328_1-3" />
    <gen:arc xlink:type="arc" xlink:arcrole="http://xbrl.org/arcrole/2008/variable-set-precondition" xlink:from="loc_s2md_BV328_1-3" xlink:to="findPrec_2" />
    <link:loc xlink:type="locator" xlink:href="../val/vr-bv329_1-3.xml#s2md_BV329_1-3" xlink:label="loc_s2md_BV329_1-3" />
    <gen:arc xlink:type="arc" xlink:arcrole="http://xbrl.org/arcrole/2008/variable-set-precondition" xlink:from="loc_s2md_BV329_1-3" xlink:to="findPrec_2" />
    <link:loc xlink:type="locator" xlink:href="../val/vr-bv330_1-3.xml#s2md_BV330_1-3" xlink:label="loc_s2md_BV330_1-3" />
    <gen:arc xlink:type="arc" xlink:arcrole="http://xbrl.org/arcrole/2008/variable-set-precondition" xlink:from="loc_s2md_BV330_1-3" xlink:to="findPrec_2" />
    <variable:precondition xlink:type="resource" xlink:label="findPrec_3" test="$find:tS.06.02" />
    <link:loc xlink:type="locator" xlink:href="../val/vr-bv4-3.xml#s2md_BV4-3" xlink:label="loc_s2md_BV4-3" />
    <gen:arc xlink:type="arc" xlink:arcrole="http://xbrl.org/arcrole/2008/variable-set-precondition" xlink:from="loc_s2md_BV4-3" xlink:to="findPrec_3" />
    <link:loc xlink:type="locator" xlink:href="../val/vr-bv6-3.xml#s2md_BV6-3" xlink:label="loc_s2md_BV6-3" />
    <gen:arc xlink:type="arc" xlink:arcrole="http://xbrl.org/arcrole/2008/variable-set-precondition" xlink:from="loc_s2md_BV6-3" xlink:to="findPrec_3" />
    <link:loc xlink:type="locator" xlink:href="../val/vr-bv237-3.xml#s2md_BV237-3" xlink:label="loc_s2md_BV237-3" />
    <gen:arc xlink:type="arc" xlink:arcrole="http://xbrl.org/arcrole/2008/variable-set-precondition" xlink:from="loc_s2md_BV237-3" xlink:to="findPrec_3" />
    <variable:precondition xlink:type="resource" xlink:label="findPrec_4" test="$find:tS.06.02" />
    <link:loc xlink:type="locator" xlink:href="../val/vr-bv5-3.xml#s2md_BV5-3" xlink:label="loc_s2md_BV5-3" />
    <gen:arc xlink:type="arc" xlink:arcrole="http://xbrl.org/arcrole/2008/variable-set-precondition" xlink:from="loc_s2md_BV5-3" xlink:to="findPrec_4" />
    <variable:precondition xlink:type="resource" xlink:label="findPrec_5" test="$find:tS.23.01" />
    <link:loc xlink:type="locator" xlink:href="../val/vr-bv74-2.xml#s2md_BV74-2" xlink:label="loc_s2md_BV74-2" />
    <gen:arc xlink:type="arc" xlink:arcrole="http://xbrl.org/arcrole/2008/variable-set-precondition" xlink:from="loc_s2md_BV74-2" xlink:to="findPrec_5" />
    <link:loc xlink:type="locator" xlink:href="../val/vr-bv80-2.xml#s2md_BV80-2" xlink:label="loc_s2md_BV80-2" />
    <gen:arc xlink:type="arc" xlink:arcrole="http://xbrl.org/arcrole/2008/variable-set-precondition" xlink:from="loc_s2md_BV80-2" xlink:to="findPrec_5" />
    <link:loc xlink:type="locator" xlink:href="../val/vr-bv81-2.xml#s2md_BV81-2" xlink:label="loc_s2md_BV81-2" />
    <gen:arc xlink:type="arc" xlink:arcrole="http://xbrl.org/arcrole/2008/variable-set-precondition" xlink:from="loc_s2md_BV81-2" xlink:to="findPrec_5" />
    <link:loc xlink:type="locator" xlink:href="../val/vr-bv89-1.xml#s2md_BV89-1" xlink:label="loc_s2md_BV89-1" />
    <gen:arc xlink:type="arc" xlink:arcrole="http://xbrl.org/arcrole/2008/variable-set-precondition" xlink:from="loc_s2md_BV89-1" xlink:to="findPrec_5" />
    <link:loc xlink:type="locator" xlink:href="../val/vr-bv90-1.xml#s2md_BV90-1" xlink:label="loc_s2md_BV90-1" />
    <gen:arc xlink:type="arc" xlink:arcrole="http://xbrl.org/arcrole/2008/variable-set-precondition" xlink:from="loc_s2md_BV90-1" xlink:to="findPrec_5" />
    <link:loc xlink:type="locator" xlink:href="../val/vr-bv91-1.xml#s2md_BV91-1" xlink:label="loc_s2md_BV91-1" />
    <gen:arc xlink:type="arc" xlink:arcrole="http://xbrl.org/arcrole/2008/variable-set-precondition" xlink:from="loc_s2md_BV91-1" xlink:to="findPrec_5" />
    <link:loc xlink:type="locator" xlink:href="../val/vr-bv92-1.xml#s2md_BV92-1" xlink:label="loc_s2md_BV92-1" />
    <gen:arc xlink:type="arc" xlink:arcrole="http://xbrl.org/arcrole/2008/variable-set-precondition" xlink:from="loc_s2md_BV92-1" xlink:to="findPrec_5" />
    <link:loc xlink:type="locator" xlink:href="../val/vr-bv94-1.xml#s2md_BV94-1" xlink:label="loc_s2md_BV94-1" />
    <gen:arc xlink:type="arc" xlink:arcrole="http://xbrl.org/arcrole/2008/variable-set-precondition" xlink:from="loc_s2md_BV94-1" xlink:to="findPrec_5" />
    <link:loc xlink:type="locator" xlink:href="../val/vr-bv95-1.xml#s2md_BV95-1" xlink:label="loc_s2md_BV95-1" />
    <gen:arc xlink:type="arc" xlink:arcrole="http://xbrl.org/arcrole/2008/variable-set-precondition" xlink:from="loc_s2md_BV95-1" xlink:to="findPrec_5" />
    <link:loc xlink:type="locator" xlink:href="../val/vr-bv96-1.xml#s2md_BV96-1" xlink:label="loc_s2md_BV96-1" />
    <gen:arc xlink:type="arc" xlink:arcrole="http://xbrl.org/arcrole/2008/variable-set-precondition" xlink:from="loc_s2md_BV96-1" xlink:to="findPrec_5" />
    <link:loc xlink:type="locator" xlink:href="../val/vr-bv97-1.xml#s2md_BV97-1" xlink:label="loc_s2md_BV97-1" />
    <gen:arc xlink:type="arc" xlink:arcrole="http://xbrl.org/arcrole/2008/variable-set-precondition" xlink:from="loc_s2md_BV97-1" xlink:to="findPrec_5" />
    <link:loc xlink:type="locator" xlink:href="../val/vr-bv98-1.xml#s2md_BV98-1" xlink:label="loc_s2md_BV98-1" />
    <gen:arc xlink:type="arc" xlink:arcrole="http://xbrl.org/arcrole/2008/variable-set-precondition" xlink:from="loc_s2md_BV98-1" xlink:to="findPrec_5" />
    <link:loc xlink:type="locator" xlink:href="../val/vr-bv99-1.xml#s2md_BV99-1" xlink:label="loc_s2md_BV99-1" />
    <gen:arc xlink:type="arc" xlink:arcrole="http://xbrl.org/arcrole/2008/variable-set-precondition" xlink:from="loc_s2md_BV99-1" xlink:to="findPrec_5" />
    <link:loc xlink:type="locator" xlink:href="../val/vr-bv100-1.xml#s2md_BV100-1" xlink:label="loc_s2md_BV100-1" />
    <gen:arc xlink:type="arc" xlink:arcrole="http://xbrl.org/arcrole/2008/variable-set-precondition" xlink:from="loc_s2md_BV100-1" xlink:to="findPrec_5" />
    <link:loc xlink:type="locator" xlink:href="../val/vr-bv101-1.xml#s2md_BV101-1" xlink:label="loc_s2md_BV101-1" />
    <gen:arc xlink:type="arc" xlink:arcrole="http://xbrl.org/arcrole/2008/variable-set-precondition" xlink:from="loc_s2md_BV101-1" xlink:to="findPrec_5" />
    <link:loc xlink:type="locator" xlink:href="../val/vr-bv102-1.xml#s2md_BV102-1" xlink:label="loc_s2md_BV102-1" />
    <gen:arc xlink:type="arc" xlink:arcrole="http://xbrl.org/arcrole/2008/variable-set-precondition" xlink:from="loc_s2md_BV102-1" xlink:to="findPrec_5" />
    <link:loc xlink:type="locator" xlink:href="../val/vr-bv506-1.xml#s2md_BV506-1" xlink:label="loc_s2md_BV506-1" />
    <gen:arc xlink:type="arc" xlink:arcrole="http://xbrl.org/arcrole/2008/variable-set-precondition" xlink:from="loc_s2md_BV506-1" xlink:to="findPrec_5" />
    <link:loc xlink:type="locator" xlink:href="../val/vr-bv525-1.xml#s2md_BV525-1" xlink:label="loc_s2md_BV525-1" />
    <gen:arc xlink:type="arc" xlink:arcrole="http://xbrl.org/arcrole/2008/variable-set-precondition" xlink:from="loc_s2md_BV525-1" xlink:to="findPrec_5" />
    <link:loc xlink:type="locator" xlink:href="../val/vr-bv527-1.xml#s2md_BV527-1" xlink:label="loc_s2md_BV527-1" />
    <gen:arc xlink:type="arc" xlink:arcrole="http://xbrl.org/arcrole/2008/variable-set-precondition" xlink:from="loc_s2md_BV527-1" xlink:to="findPrec_5" />
    <link:loc xlink:type="locator" xlink:href="../val/vr-bv529-1.xml#s2md_BV529-1" xlink:label="loc_s2md_BV529-1" />
    <gen:arc xlink:type="arc" xlink:arcrole="http://xbrl.org/arcrole/2008/variable-set-precondition" xlink:from="loc_s2md_BV529-1" xlink:to="findPrec_5" />
    <link:loc xlink:type="locator" xlink:href="../val/vr-bv531-1.xml#s2md_BV531-1" xlink:label="loc_s2md_BV531-1" />
    <gen:arc xlink:type="arc" xlink:arcrole="http://xbrl.org/arcrole/2008/variable-set-precondition" xlink:from="loc_s2md_BV531-1" xlink:to="findPrec_5" />
    <link:loc xlink:type="locator" xlink:href="../val/vr-bv535-1.xml#s2md_BV535-1" xlink:label="loc_s2md_BV535-1" />
    <gen:arc xlink:type="arc" xlink:arcrole="http://xbrl.org/arcrole/2008/variable-set-precondition" xlink:from="loc_s2md_BV535-1" xlink:to="findPrec_5" />
    <link:loc xlink:type="locator" xlink:href="../val/vr-bv538-1.xml#s2md_BV538-1" xlink:label="loc_s2md_BV538-1" />
    <gen:arc xlink:type="arc" xlink:arcrole="http://xbrl.org/arcrole/2008/variable-set-precondition" xlink:from="loc_s2md_BV538-1" xlink:to="findPrec_5" />
    <link:loc xlink:type="locator" xlink:href="../val/vr-bv541-1.xml#s2md_BV541-1" xlink:label="loc_s2md_BV541-1" />
    <gen:arc xlink:type="arc" xlink:arcrole="http://xbrl.org/arcrole/2008/variable-set-precondition" xlink:from="loc_s2md_BV541-1" xlink:to="findPrec_5" />
    <link:loc xlink:type="locator" xlink:href="../val/vr-bv543-1-2.xml#s2md_BV543-1-2" xlink:label="loc_s2md_BV543-1-2" />
    <gen:arc xlink:type="arc" xlink:arcrole="http://xbrl.org/arcrole/2008/variable-set-precondition" xlink:from="loc_s2md_BV543-1-2" xlink:to="findPrec_5" />
    <link:loc xlink:type="locator" xlink:href="../val/vr-bv543-2-1.xml#s2md_BV543-2-1" xlink:label="loc_s2md_BV543-2-1" />
    <gen:arc xlink:type="arc" xlink:arcrole="http://xbrl.org/arcrole/2008/variable-set-precondition" xlink:from="loc_s2md_BV543-2-1" xlink:to="findPrec_5" />
    <variable:precondition xlink:type="resource" xlink:label="findPrec_6" test="$find:tS.01.02" />
    <link:loc xlink:type="locator" xlink:href="../val/vr-bv206-10-2.xml#s2md_BV206-10-2" xlink:label="loc_s2md_BV206-10-2" />
    <gen:arc xlink:type="arc" xlink:arcrole="http://xbrl.org/arcrole/2008/variable-set-precondition" xlink:from="loc_s2md_BV206-10-2" xlink:to="findPrec_6" />
    <link:loc xlink:type="locator" xlink:href="../val/vr-bv206-11-2.xml#s2md_BV206-11-2" xlink:label="loc_s2md_BV206-11-2" />
    <gen:arc xlink:type="arc" xlink:arcrole="http://xbrl.org/arcrole/2008/variable-set-precondition" xlink:from="loc_s2md_BV206-11-2" xlink:to="findPrec_6" />
    <link:loc xlink:type="locator" xlink:href="../val/vr-bv206-12-2.xml#s2md_BV206-12-2" xlink:label="loc_s2md_BV206-12-2" />
    <gen:arc xlink:type="arc" xlink:arcrole="http://xbrl.org/arcrole/2008/variable-set-precondition" xlink:from="loc_s2md_BV206-12-2" xlink:to="findPrec_6" />
    <link:loc xlink:type="locator" xlink:href="../val/vr-bv206-1-3.xml#s2md_BV206-1-3" xlink:label="loc_s2md_BV206-1-3" />
    <gen:arc xlink:type="arc" xlink:arcrole="http://xbrl.org/arcrole/2008/variable-set-precondition" xlink:from="loc_s2md_BV206-1-3" xlink:to="findPrec_6" />
    <link:loc xlink:type="locator" xlink:href="../val/vr-bv206-13-2.xml#s2md_BV206-13-2" xlink:label="loc_s2md_BV206-13-2" />
    <gen:arc xlink:type="arc" xlink:arcrole="http://xbrl.org/arcrole/2008/variable-set-precondition" xlink:from="loc_s2md_BV206-13-2" xlink:to="findPrec_6" />
    <link:loc xlink:type="locator" xlink:href="../val/vr-bv206-14-2.xml#s2md_BV206-14-2" xlink:label="loc_s2md_BV206-14-2" />
    <gen:arc xlink:type="arc" xlink:arcrole="http://xbrl.org/arcrole/2008/variable-set-precondition" xlink:from="loc_s2md_BV206-14-2" xlink:to="findPrec_6" />
    <link:loc xlink:type="locator" xlink:href="../val/vr-bv206-15-2.xml#s2md_BV206-15-2" xlink:label="loc_s2md_BV206-15-2" />
    <gen:arc xlink:type="arc" xlink:arcrole="http://xbrl.org/arcrole/2008/variable-set-precondition" xlink:from="loc_s2md_BV206-15-2" xlink:to="findPrec_6" />
    <link:loc xlink:type="locator" xlink:href="../val/vr-bv206-16-2.xml#s2md_BV206-16-2" xlink:label="loc_s2md_BV206-16-2" />
    <gen:arc xlink:type="arc" xlink:arcrole="http://xbrl.org/arcrole/2008/variable-set-precondition" xlink:from="loc_s2md_BV206-16-2" xlink:to="findPrec_6" />
    <link:loc xlink:type="locator" xlink:href="../val/vr-bv206-17-2.xml#s2md_BV206-17-2" xlink:label="loc_s2md_BV206-17-2" />
    <gen:arc xlink:type="arc" xlink:arcrole="http://xbrl.org/arcrole/2008/variable-set-precondition" xlink:from="loc_s2md_BV206-17-2" xlink:to="findPrec_6" />
    <link:loc xlink:type="locator" xlink:href="../val/vr-bv206-18-2.xml#s2md_BV206-18-2" xlink:label="loc_s2md_BV206-18-2" />
    <gen:arc xlink:type="arc" xlink:arcrole="http://xbrl.org/arcrole/2008/variable-set-precondition" xlink:from="loc_s2md_BV206-18-2" xlink:to="findPrec_6" />
    <link:loc xlink:type="locator" xlink:href="../val/vr-bv206-19-2.xml#s2md_BV206-19-2" xlink:label="loc_s2md_BV206-19-2" />
    <gen:arc xlink:type="arc" xlink:arcrole="http://xbrl.org/arcrole/2008/variable-set-precondition" xlink:from="loc_s2md_BV206-19-2" xlink:to="findPrec_6" />
    <link:loc xlink:type="locator" xlink:href="../val/vr-bv206-2-1.xml#s2md_BV206-2-1" xlink:label="loc_s2md_BV206-2-1" />
    <gen:arc xlink:type="arc" xlink:arcrole="http://xbrl.org/arcrole/2008/variable-set-precondition" xlink:from="loc_s2md_BV206-2-1" xlink:to="findPrec_6" />
    <link:loc xlink:type="locator" xlink:href="../val/vr-bv206-3-1.xml#s2md_BV206-3-1" xlink:label="loc_s2md_BV206-3-1" />
    <gen:arc xlink:type="arc" xlink:arcrole="http://xbrl.org/arcrole/2008/variable-set-precondition" xlink:from="loc_s2md_BV206-3-1" xlink:to="findPrec_6" />
    <link:loc xlink:type="locator" xlink:href="../val/vr-bv206-4-1.xml#s2md_BV206-4-1" xlink:label="loc_s2md_BV206-4-1" />
    <gen:arc xlink:type="arc" xlink:arcrole="http://xbrl.org/arcrole/2008/variable-set-precondition" xlink:from="loc_s2md_BV206-4-1" xlink:to="findPrec_6" />
    <link:loc xlink:type="locator" xlink:href="../val/vr-bv206-5-1.xml#s2md_BV206-5-1" xlink:label="loc_s2md_BV206-5-1" />
    <gen:arc xlink:type="arc" xlink:arcrole="http://xbrl.org/arcrole/2008/variable-set-precondition" xlink:from="loc_s2md_BV206-5-1" xlink:to="findPrec_6" />
    <link:loc xlink:type="locator" xlink:href="../val/vr-bv206-6-1.xml#s2md_BV206-6-1" xlink:label="loc_s2md_BV206-6-1" />
    <gen:arc xlink:type="arc" xlink:arcrole="http://xbrl.org/arcrole/2008/variable-set-precondition" xlink:from="loc_s2md_BV206-6-1" xlink:to="findPrec_6" />
    <link:loc xlink:type="locator" xlink:href="../val/vr-bv206-7-1.xml#s2md_BV206-7-1" xlink:label="loc_s2md_BV206-7-1" />
    <gen:arc xlink:type="arc" xlink:arcrole="http://xbrl.org/arcrole/2008/variable-set-precondition" xlink:from="loc_s2md_BV206-7-1" xlink:to="findPrec_6" />
    <link:loc xlink:type="locator" xlink:href="../val/vr-bv206-8-1.xml#s2md_BV206-8-1" xlink:label="loc_s2md_BV206-8-1" />
    <gen:arc xlink:type="arc" xlink:arcrole="http://xbrl.org/arcrole/2008/variable-set-precondition" xlink:from="loc_s2md_BV206-8-1" xlink:to="findPrec_6" />
    <link:loc xlink:type="locator" xlink:href="../val/vr-bv206-9-1.xml#s2md_BV206-9-1" xlink:label="loc_s2md_BV206-9-1" />
    <gen:arc xlink:type="arc" xlink:arcrole="http://xbrl.org/arcrole/2008/variable-set-precondition" xlink:from="loc_s2md_BV206-9-1" xlink:to="findPrec_6" />
    <variable:precondition xlink:type="resource" xlink:label="findPrec_7" test="( $find:tS.06.02 and $find:tS.06.03 )" />
    <link:loc xlink:type="locator" xlink:href="../val/vr-bv433-2.xml#s2md_BV433-2" xlink:label="loc_s2md_BV433-2" />
    <gen:arc xlink:type="arc" xlink:arcrole="http://xbrl.org/arcrole/2008/variable-set-precondition" xlink:from="loc_s2md_BV433-2" xlink:to="findPrec_7" />
    <link:loc xlink:type="locator" xlink:href="../val/vr-bv434-2.xml#s2md_BV434-2" xlink:label="loc_s2md_BV434-2" />
    <gen:arc xlink:type="arc" xlink:arcrole="http://xbrl.org/arcrole/2008/variable-set-precondition" xlink:from="loc_s2md_BV434-2" xlink:to="findPrec_7" />
    <variable:precondition xlink:type="resource" xlink:label="findPrec_8" test="$find:tS.23.01" />
    <link:loc xlink:type="locator" xlink:href="../val/vr-bv549-1.xml#s2md_BV549-1" xlink:label="loc_s2md_BV549-1" />
    <gen:arc xlink:type="arc" xlink:arcrole="http://xbrl.org/arcrole/2008/variable-set-precondition" xlink:from="loc_s2md_BV549-1" xlink:to="findPrec_8" />
    <variable:precondition xlink:type="resource" xlink:label="findPrec_9" test="$find:tS.23.01" />
    <link:loc xlink:type="locator" xlink:href="../val/vr-bv550-2.xml#s2md_BV550-2" xlink:label="loc_s2md_BV550-2" />
    <gen:arc xlink:type="arc" xlink:arcrole="http://xbrl.org/arcrole/2008/variable-set-precondition" xlink:from="loc_s2md_BV550-2" xlink:to="findPrec_9" />
    <variable:precondition xlink:type="resource" xlink:label="findPrec_10" test="$find:tS.01.01" />
    <link:loc xlink:type="locator" xlink:href="../val/vr-tv23-5-1-1.xml#s2md_TV23-5-1-1" xlink:label="loc_s2md_TV23-5-1-1" />
    <gen:arc xlink:type="arc" xlink:arcrole="http://xbrl.org/arcrole/2008/variable-set-precondition" xlink:from="loc_s2md_TV23-5-1-1" xlink:to="findPrec_10" />
    <link:loc xlink:type="locator" xlink:href="../val/vr-tv23-5-2-1.xml#s2md_TV23-5-2-1" xlink:label="loc_s2md_TV23-5-2-1" />
    <gen:arc xlink:type="arc" xlink:arcrole="http://xbrl.org/arcrole/2008/variable-set-precondition" xlink:from="loc_s2md_TV23-5-2-1" xlink:to="findPrec_10" />
    <link:loc xlink:type="locator" xlink:href="../val/vr-tv23-5-3-1.xml#s2md_TV23-5-3-1" xlink:label="loc_s2md_TV23-5-3-1" />
    <gen:arc xlink:type="arc" xlink:arcrole="http://xbrl.org/arcrole/2008/variable-set-precondition" xlink:from="loc_s2md_TV23-5-3-1" xlink:to="findPrec_10" />
    <link:loc xlink:type="locator" xlink:href="../val/vr-tv23-5-4-1.xml#s2md_TV23-5-4-1" xlink:label="loc_s2md_TV23-5-4-1" />
    <gen:arc xlink:type="arc" xlink:arcrole="http://xbrl.org/arcrole/2008/variable-set-precondition" xlink:from="loc_s2md_TV23-5-4-1" xlink:to="findPrec_10" />
    <link:loc xlink:type="locator" xlink:href="../val/vr-tv23-5-5-1.xml#s2md_TV23-5-5-1" xlink:label="loc_s2md_TV23-5-5-1" />
    <gen:arc xlink:type="arc" xlink:arcrole="http://xbrl.org/arcrole/2008/variable-set-precondition" xlink:from="loc_s2md_TV23-5-5-1" xlink:to="findPrec_10" />
    <link:loc xlink:type="locator" xlink:href="../val/vr-tv23-5-6-1.xml#s2md_TV23-5-6-1" xlink:label="loc_s2md_TV23-5-6-1" />
    <gen:arc xlink:type="arc" xlink:arcrole="http://xbrl.org/arcrole/2008/variable-set-precondition" xlink:from="loc_s2md_TV23-5-6-1" xlink:to="findPrec_10" />
    <link:loc xlink:type="locator" xlink:href="../val/vr-tv23-5-7-1.xml#s2md_TV23-5-7-1" xlink:label="loc_s2md_TV23-5-7-1" />
    <gen:arc xlink:type="arc" xlink:arcrole="http://xbrl.org/arcrole/2008/variable-set-precondition" xlink:from="loc_s2md_TV23-5-7-1" xlink:to="findPrec_10" />
    <link:loc xlink:type="locator" xlink:href="../val/vr-tv23-5-8-1.xml#s2md_TV23-5-8-1" xlink:label="loc_s2md_TV23-5-8-1" />
    <gen:arc xlink:type="arc" xlink:arcrole="http://xbrl.org/arcrole/2008/variable-set-precondition" xlink:from="loc_s2md_TV23-5-8-1" xlink:to="findPrec_10" />
    <variable:precondition xlink:type="resource" xlink:label="findPrec_11" test="( $find:tS.02.01 and $find:tS.23.01 )" />
    <link:loc xlink:type="locator" xlink:href="../val/vr-bv139-4.xml#s2md_BV139-4" xlink:label="loc_s2md_BV139-4" />
    <gen:arc xlink:type="arc" xlink:arcrole="http://xbrl.org/arcrole/2008/variable-set-precondition" xlink:from="loc_s2md_BV139-4" xlink:to="findPrec_11" />
    <variable:precondition xlink:type="resource" xlink:label="findPrec_12" test="( $find:tS.02.01 and $find:tS.23.01 )" />
    <link:loc xlink:type="locator" xlink:href="../val/vr-bv395-4.xml#s2md_BV395-4" xlink:label="loc_s2md_BV395-4" />
    <gen:arc xlink:type="arc" xlink:arcrole="http://xbrl.org/arcrole/2008/variable-set-precondition" xlink:from="loc_s2md_BV395-4" xlink:to="findPrec_12" />
  </gen:link>
</link:linkbase>