<?xml version="1.0" encoding="UTF-8"?>
<!--(C) EIOPA - XBRL Solvency 2 Taxonomy-->
<?officialURI http://eiopa.europa.eu/eu/xbrl/s2c/dict/dom/ga/hier-lab-en.xml?>
<?taxonomy-version 2.1.0?>
<?taxonomy-date 2016-07-15?>
<link:linkbase xmlns:xsi="http://www.w3.org/2001/XMLSchema-instance" xmlns:xlink="http://www.w3.org/1999/xlink" xmlns:link="http://www.xbrl.org/2003/linkbase" xmlns:gen="http://xbrl.org/2008/generic" xmlns:label="http://xbrl.org/2008/label" xsi:schemaLocation="http://www.xbrl.org/2003/linkbase http://www.xbrl.org/2003/xbrl-linkbase-2003-12-31.xsd http://xbrl.org/2008/generic http://www.xbrl.org/2008/generic-link.xsd http://xbrl.org/2008/label http://www.xbrl.org/2008/generic-label.xsd">
  <link:arcroleRef arcroleURI="http://xbrl.org/arcrole/2008/element-label" xlink:type="simple" xlink:href="http://www.xbrl.org/2008/generic-label.xsd#element-label" />
  <link:roleRef roleURI="http://www.xbrl.org/2008/role/label" xlink:type="simple" xlink:href="http://www.xbrl.org/2008/generic-label.xsd#standard-label" />
  <link:roleRef roleURI="http://www.xbrl.org/2008/role/verboseLabel" xlink:type="simple" xlink:href="http://www.xbrl.org/2008/generic-label.xsd#verbose-label" />
  <gen:link xlink:type="extended" xlink:role="http://www.xbrl.org/2003/role/link">
    <link:loc xlink:type="locator" xlink:href="hier.xsd#s2c_1" xlink:label="loc_s2c_GA_1." />
    <label:label xlink:type="resource" xlink:label="label_s2c_GA_1." xml:lang="en" xlink:role="http://www.xbrl.org/2008/role/label">Countries</label:label>
    <gen:arc xlink:type="arc" xlink:arcrole="http://xbrl.org/arcrole/2008/element-label" xlink:from="loc_s2c_GA_1." xlink:to="label_s2c_GA_1." />
    <label:label xlink:type="resource" xlink:label="label_s2c_GA_1._1" xml:lang="en" xlink:role="http://www.xbrl.org/2008/role/verboseLabel">LA, LX</label:label>
    <gen:arc xlink:type="arc" xlink:arcrole="http://xbrl.org/arcrole/2008/element-label" xlink:from="loc_s2c_GA_1." xlink:to="label_s2c_GA_1._1" />
    <link:loc xlink:type="locator" xlink:href="hier.xsd#s2c_2" xlink:label="loc_s2c_GA_2." />
    <label:label xlink:type="resource" xlink:label="label_s2c_GA_2." xml:lang="en" xlink:role="http://www.xbrl.org/2008/role/label">EEA or not EEA</label:label>
    <gen:arc xlink:type="arc" xlink:arcrole="http://xbrl.org/arcrole/2008/element-label" xlink:from="loc_s2c_GA_2." xlink:to="label_s2c_GA_2." />
    <label:label xlink:type="resource" xlink:label="label_s2c_GA_2._1" xml:lang="en" xlink:role="http://www.xbrl.org/2008/role/verboseLabel">EE, LA, LR</label:label>
    <gen:arc xlink:type="arc" xlink:arcrole="http://xbrl.org/arcrole/2008/element-label" xlink:from="loc_s2c_GA_2." xlink:to="label_s2c_GA_2._1" />
    <link:loc xlink:type="locator" xlink:href="hier.xsd#s2c_3" xlink:label="loc_s2c_GA_3." />
    <label:label xlink:type="resource" xlink:label="label_s2c_GA_3." xml:lang="en" xlink:role="http://www.xbrl.org/2008/role/label">Countries by amount of gross premiums written</label:label>
    <gen:arc xlink:type="arc" xlink:arcrole="http://xbrl.org/arcrole/2008/element-label" xlink:from="loc_s2c_GA_3." xlink:to="label_s2c_GA_3." />
    <label:label xlink:type="resource" xlink:label="label_s2c_GA_3._1" xml:lang="en" xlink:role="http://www.xbrl.org/2008/role/verboseLabel">BI</label:label>
    <gen:arc xlink:type="arc" xlink:arcrole="http://xbrl.org/arcrole/2008/element-label" xlink:from="loc_s2c_GA_3." xlink:to="label_s2c_GA_3._1" />
    <link:loc xlink:type="locator" xlink:href="hier.xsd#s2c_4" xlink:label="loc_s2c_GA_4." />
    <label:label xlink:type="resource" xlink:label="label_s2c_GA_4." xml:lang="en" xlink:role="http://www.xbrl.org/2008/role/label">Issuer country/country of residence</label:label>
    <gen:arc xlink:type="arc" xlink:arcrole="http://xbrl.org/arcrole/2008/element-label" xlink:from="loc_s2c_GA_4." xlink:to="label_s2c_GA_4." />
    <label:label xlink:type="resource" xlink:label="label_s2c_GA_4._1" xml:lang="en" xlink:role="http://www.xbrl.org/2008/role/verboseLabel">CY</label:label>
    <gen:arc xlink:type="arc" xlink:arcrole="http://xbrl.org/arcrole/2008/element-label" xlink:from="loc_s2c_GA_4." xlink:to="label_s2c_GA_4._1" />
    <link:loc xlink:type="locator" xlink:href="hier.xsd#s2c_5" xlink:label="loc_s2c_GA_5." />
    <label:label xlink:type="resource" xlink:label="label_s2c_GA_5." xml:lang="en" xlink:role="http://www.xbrl.org/2008/role/label">Country of authorisation</label:label>
    <gen:arc xlink:type="arc" xlink:arcrole="http://xbrl.org/arcrole/2008/element-label" xlink:from="loc_s2c_GA_5." xlink:to="label_s2c_GA_5." />
    <label:label xlink:type="resource" xlink:label="label_s2c_GA_5._1" xml:lang="en" xlink:role="http://www.xbrl.org/2008/role/verboseLabel">N/A</label:label>
    <gen:arc xlink:type="arc" xlink:arcrole="http://xbrl.org/arcrole/2008/element-label" xlink:from="loc_s2c_GA_5." xlink:to="label_s2c_GA_5._1" />
    <link:loc xlink:type="locator" xlink:href="hier.xsd#s2c_6" xlink:label="loc_s2c_GA_6." />
    <label:label xlink:type="resource" xlink:label="label_s2c_GA_6." xml:lang="en" xlink:role="http://www.xbrl.org/2008/role/label">Issuer country/country of residence</label:label>
    <gen:arc xlink:type="arc" xlink:arcrole="http://xbrl.org/arcrole/2008/element-label" xlink:from="loc_s2c_GA_6." xlink:to="label_s2c_GA_6." />
    <label:label xlink:type="resource" xlink:label="label_s2c_GA_6._1" xml:lang="en" xlink:role="http://www.xbrl.org/2008/role/verboseLabel">CY</label:label>
    <gen:arc xlink:type="arc" xlink:arcrole="http://xbrl.org/arcrole/2008/element-label" xlink:from="loc_s2c_GA_6." xlink:to="label_s2c_GA_6._1" />
    <link:loc xlink:type="locator" xlink:href="hier.xsd#s2c_7" xlink:label="loc_s2c_GA_7." />
    <label:label xlink:type="resource" xlink:label="label_s2c_GA_7." xml:lang="en" xlink:role="http://www.xbrl.org/2008/role/label">Regions [natural catastrophe - windstorm]</label:label>
    <gen:arc xlink:type="arc" xlink:arcrole="http://xbrl.org/arcrole/2008/element-label" xlink:from="loc_s2c_GA_7." xlink:to="label_s2c_GA_7." />
    <label:label xlink:type="resource" xlink:label="label_s2c_GA_7._1" xml:lang="en" xlink:role="http://www.xbrl.org/2008/role/verboseLabel">LX</label:label>
    <gen:arc xlink:type="arc" xlink:arcrole="http://xbrl.org/arcrole/2008/element-label" xlink:from="loc_s2c_GA_7." xlink:to="label_s2c_GA_7._1" />
    <link:loc xlink:type="locator" xlink:href="hier.xsd#s2c_8" xlink:label="loc_s2c_GA_8." />
    <label:label xlink:type="resource" xlink:label="label_s2c_GA_8." xml:lang="en" xlink:role="http://www.xbrl.org/2008/role/label">Regions [natural catastrophe - earthquake]</label:label>
    <gen:arc xlink:type="arc" xlink:arcrole="http://xbrl.org/arcrole/2008/element-label" xlink:from="loc_s2c_GA_8." xlink:to="label_s2c_GA_8." />
    <label:label xlink:type="resource" xlink:label="label_s2c_GA_8._1" xml:lang="en" xlink:role="http://www.xbrl.org/2008/role/verboseLabel">LX</label:label>
    <gen:arc xlink:type="arc" xlink:arcrole="http://xbrl.org/arcrole/2008/element-label" xlink:from="loc_s2c_GA_8." xlink:to="label_s2c_GA_8._1" />
    <link:loc xlink:type="locator" xlink:href="hier.xsd#s2c_9" xlink:label="loc_s2c_GA_9." />
    <label:label xlink:type="resource" xlink:label="label_s2c_GA_9." xml:lang="en" xlink:role="http://www.xbrl.org/2008/role/label">Regions [natural catastrophe - flood]</label:label>
    <gen:arc xlink:type="arc" xlink:arcrole="http://xbrl.org/arcrole/2008/element-label" xlink:from="loc_s2c_GA_9." xlink:to="label_s2c_GA_9." />
    <label:label xlink:type="resource" xlink:label="label_s2c_GA_9._1" xml:lang="en" xlink:role="http://www.xbrl.org/2008/role/verboseLabel">LX</label:label>
    <gen:arc xlink:type="arc" xlink:arcrole="http://xbrl.org/arcrole/2008/element-label" xlink:from="loc_s2c_GA_9." xlink:to="label_s2c_GA_9._1" />
    <link:loc xlink:type="locator" xlink:href="hier.xsd#s2c_10" xlink:label="loc_s2c_GA_10." />
    <label:label xlink:type="resource" xlink:label="label_s2c_GA_10." xml:lang="en" xlink:role="http://www.xbrl.org/2008/role/label">Regions [natural catastrophe - hail]</label:label>
    <gen:arc xlink:type="arc" xlink:arcrole="http://xbrl.org/arcrole/2008/element-label" xlink:from="loc_s2c_GA_10." xlink:to="label_s2c_GA_10." />
    <label:label xlink:type="resource" xlink:label="label_s2c_GA_10._1" xml:lang="en" xlink:role="http://www.xbrl.org/2008/role/verboseLabel">LX</label:label>
    <gen:arc xlink:type="arc" xlink:arcrole="http://xbrl.org/arcrole/2008/element-label" xlink:from="loc_s2c_GA_10." xlink:to="label_s2c_GA_10._1" />
    <link:loc xlink:type="locator" xlink:href="hier.xsd#s2c_11" xlink:label="loc_s2c_GA_11." />
    <label:label xlink:type="resource" xlink:label="label_s2c_GA_11." xml:lang="en" xlink:role="http://www.xbrl.org/2008/role/label">Localization of activity [based on place of underwriting]</label:label>
    <gen:arc xlink:type="arc" xlink:arcrole="http://xbrl.org/arcrole/2008/element-label" xlink:from="loc_s2c_GA_11." xlink:to="label_s2c_GA_11." />
    <label:label xlink:type="resource" xlink:label="label_s2c_GA_11._1" xml:lang="en" xlink:role="http://www.xbrl.org/2008/role/verboseLabel">LA, LX</label:label>
    <gen:arc xlink:type="arc" xlink:arcrole="http://xbrl.org/arcrole/2008/element-label" xlink:from="loc_s2c_GA_11." xlink:to="label_s2c_GA_11._1" />
    <link:loc xlink:type="locator" xlink:href="hier.xsd#s2c_12" xlink:label="loc_s2c_GA_12." />
    <label:label xlink:type="resource" xlink:label="label_s2c_GA_12." xml:lang="en" xlink:role="http://www.xbrl.org/2008/role/label">Issuer country/country of residence</label:label>
    <gen:arc xlink:type="arc" xlink:arcrole="http://xbrl.org/arcrole/2008/element-label" xlink:from="loc_s2c_GA_12." xlink:to="label_s2c_GA_12." />
    <label:label xlink:type="resource" xlink:label="label_s2c_GA_12._1" xml:lang="en" xlink:role="http://www.xbrl.org/2008/role/verboseLabel">CY</label:label>
    <gen:arc xlink:type="arc" xlink:arcrole="http://xbrl.org/arcrole/2008/element-label" xlink:from="loc_s2c_GA_12." xlink:to="label_s2c_GA_12._1" />
    <link:loc xlink:type="locator" xlink:href="hier.xsd#s2c_13" xlink:label="loc_s2c_GA_13." />
    <label:label xlink:type="resource" xlink:label="label_s2c_GA_13." xml:lang="en" xlink:role="http://www.xbrl.org/2008/role/label">Home/Reporting Country [in EEA]</label:label>
    <gen:arc xlink:type="arc" xlink:arcrole="http://xbrl.org/arcrole/2008/element-label" xlink:from="loc_s2c_GA_13." xlink:to="label_s2c_GA_13." />
    <label:label xlink:type="resource" xlink:label="label_s2c_GA_13._1" xml:lang="en" xlink:role="http://www.xbrl.org/2008/role/verboseLabel">LG, LR, LA</label:label>
    <gen:arc xlink:type="arc" xlink:arcrole="http://xbrl.org/arcrole/2008/element-label" xlink:from="loc_s2c_GA_13." xlink:to="label_s2c_GA_13._1" />
    <link:loc xlink:type="locator" xlink:href="hier.xsd#s2c_14" xlink:label="loc_s2c_GA_14." />
    <label:label xlink:type="resource" xlink:label="label_s2c_GA_14." xml:lang="en" xlink:role="http://www.xbrl.org/2008/role/label">Non-EEA country</label:label>
    <gen:arc xlink:type="arc" xlink:arcrole="http://xbrl.org/arcrole/2008/element-label" xlink:from="loc_s2c_GA_14." xlink:to="label_s2c_GA_14." />
    <label:label xlink:type="resource" xlink:label="label_s2c_GA_14._1" xml:lang="en" xlink:role="http://www.xbrl.org/2008/role/verboseLabel">CY, LR</label:label>
    <gen:arc xlink:type="arc" xlink:arcrole="http://xbrl.org/arcrole/2008/element-label" xlink:from="loc_s2c_GA_14." xlink:to="label_s2c_GA_14._1" />
    <link:loc xlink:type="locator" xlink:href="hier.xsd#s2c_15" xlink:label="loc_s2c_GA_15." />
    <label:label xlink:type="resource" xlink:label="label_s2c_GA_15." xml:lang="en" xlink:role="http://www.xbrl.org/2008/role/label">Countries by amount of gross premiums written</label:label>
    <gen:arc xlink:type="arc" xlink:arcrole="http://xbrl.org/arcrole/2008/element-label" xlink:from="loc_s2c_GA_15." xlink:to="label_s2c_GA_15." />
    <label:label xlink:type="resource" xlink:label="label_s2c_GA_15._1" xml:lang="en" xlink:role="http://www.xbrl.org/2008/role/verboseLabel">BI</label:label>
    <gen:arc xlink:type="arc" xlink:arcrole="http://xbrl.org/arcrole/2008/element-label" xlink:from="loc_s2c_GA_15." xlink:to="label_s2c_GA_15._1" />
    <link:loc xlink:type="locator" xlink:href="hier.xsd#s2c_16" xlink:label="loc_s2c_GA_16." />
    <label:label xlink:type="resource" xlink:label="label_s2c_GA_16." xml:lang="en" xlink:role="http://www.xbrl.org/2008/role/label">Home country</label:label>
    <gen:arc xlink:type="arc" xlink:arcrole="http://xbrl.org/arcrole/2008/element-label" xlink:from="loc_s2c_GA_16." xlink:to="label_s2c_GA_16." />
    <label:label xlink:type="resource" xlink:label="label_s2c_GA_16._1" xml:lang="en" xlink:role="http://www.xbrl.org/2008/role/verboseLabel">EE</label:label>
    <gen:arc xlink:type="arc" xlink:arcrole="http://xbrl.org/arcrole/2008/element-label" xlink:from="loc_s2c_GA_16." xlink:to="label_s2c_GA_16._1" />
    <link:loc xlink:type="locator" xlink:href="hier.xsd#s2c_17" xlink:label="loc_s2c_GA_17." />
    <label:label xlink:type="resource" xlink:label="label_s2c_GA_17." xml:lang="en" xlink:role="http://www.xbrl.org/2008/role/label">Localization of activity</label:label>
    <gen:arc xlink:type="arc" xlink:arcrole="http://xbrl.org/arcrole/2008/element-label" xlink:from="loc_s2c_GA_17." xlink:to="label_s2c_GA_17." />
    <label:label xlink:type="resource" xlink:label="label_s2c_GA_17._1" xml:lang="en" xlink:role="http://www.xbrl.org/2008/role/verboseLabel">LA</label:label>
    <gen:arc xlink:type="arc" xlink:arcrole="http://xbrl.org/arcrole/2008/element-label" xlink:from="loc_s2c_GA_17." xlink:to="label_s2c_GA_17._1" />
    <link:loc xlink:type="locator" xlink:href="hier.xsd#s2c_18" xlink:label="loc_s2c_GA_18." />
    <label:label xlink:type="resource" xlink:label="label_s2c_GA_18." xml:lang="en" xlink:role="http://www.xbrl.org/2008/role/label">Countries</label:label>
    <gen:arc xlink:type="arc" xlink:arcrole="http://xbrl.org/arcrole/2008/element-label" xlink:from="loc_s2c_GA_18." xlink:to="label_s2c_GA_18." />
    <label:label xlink:type="resource" xlink:label="label_s2c_GA_18._1" xml:lang="en" xlink:role="http://www.xbrl.org/2008/role/verboseLabel">LA, LG, LX</label:label>
    <gen:arc xlink:type="arc" xlink:arcrole="http://xbrl.org/arcrole/2008/element-label" xlink:from="loc_s2c_GA_18." xlink:to="label_s2c_GA_18._1" />
    <link:loc xlink:type="locator" xlink:href="hier.xsd#s2c_19" xlink:label="loc_s2c_GA_19." />
    <label:label xlink:type="resource" xlink:label="label_s2c_GA_19." xml:lang="en" xlink:role="http://www.xbrl.org/2008/role/label">Issuer country/country of residence</label:label>
    <gen:arc xlink:type="arc" xlink:arcrole="http://xbrl.org/arcrole/2008/element-label" xlink:from="loc_s2c_GA_19." xlink:to="label_s2c_GA_19." />
    <label:label xlink:type="resource" xlink:label="label_s2c_GA_19._1" xml:lang="en" xlink:role="http://www.xbrl.org/2008/role/verboseLabel">CY</label:label>
    <gen:arc xlink:type="arc" xlink:arcrole="http://xbrl.org/arcrole/2008/element-label" xlink:from="loc_s2c_GA_19." xlink:to="label_s2c_GA_19._1" />
    <link:loc xlink:type="locator" xlink:href="hier.xsd#s2c_20" xlink:label="loc_s2c_GA_20." />
    <label:label xlink:type="resource" xlink:label="label_s2c_GA_20." xml:lang="en" xlink:role="http://www.xbrl.org/2008/role/label">Localization of activity</label:label>
    <gen:arc xlink:type="arc" xlink:arcrole="http://xbrl.org/arcrole/2008/element-label" xlink:from="loc_s2c_GA_20." xlink:to="label_s2c_GA_20." />
    <label:label xlink:type="resource" xlink:label="label_s2c_GA_20._1" xml:lang="en" xlink:role="http://www.xbrl.org/2008/role/verboseLabel">LA, CY</label:label>
    <gen:arc xlink:type="arc" xlink:arcrole="http://xbrl.org/arcrole/2008/element-label" xlink:from="loc_s2c_GA_20." xlink:to="label_s2c_GA_20._1" />
    <link:loc xlink:type="locator" xlink:href="hier.xsd#s2c_21" xlink:label="loc_s2c_GA_21." />
    <label:label xlink:type="resource" xlink:label="label_s2c_GA_21." xml:lang="en" xlink:role="http://www.xbrl.org/2008/role/label">Localization of activity [based on place of underwriting] (Full scope)</label:label>
    <gen:arc xlink:type="arc" xlink:arcrole="http://xbrl.org/arcrole/2008/element-label" xlink:from="loc_s2c_GA_21." xlink:to="label_s2c_GA_21." />
    <label:label xlink:type="resource" xlink:label="label_s2c_GA_21._1" xml:lang="en" xlink:role="http://www.xbrl.org/2008/role/verboseLabel">LX</label:label>
    <gen:arc xlink:type="arc" xlink:arcrole="http://xbrl.org/arcrole/2008/element-label" xlink:from="loc_s2c_GA_21." xlink:to="label_s2c_GA_21._1" />
    <link:loc xlink:type="locator" xlink:href="hier.xsd#s2c_22" xlink:label="loc_s2c_GA_22." />
    <label:label xlink:type="resource" xlink:label="label_s2c_GA_22." xml:lang="en" xlink:role="http://www.xbrl.org/2008/role/label">Regions (Full scope)</label:label>
    <gen:arc xlink:type="arc" xlink:arcrole="http://xbrl.org/arcrole/2008/element-label" xlink:from="loc_s2c_GA_22." xlink:to="label_s2c_GA_22." />
    <label:label xlink:type="resource" xlink:label="label_s2c_GA_22._1" xml:lang="en" xlink:role="http://www.xbrl.org/2008/role/verboseLabel">LX</label:label>
    <gen:arc xlink:type="arc" xlink:arcrole="http://xbrl.org/arcrole/2008/element-label" xlink:from="loc_s2c_GA_22." xlink:to="label_s2c_GA_22._1" />
    <link:loc xlink:type="locator" xlink:href="hier.xsd#s2c_23" xlink:label="loc_s2c_GA_23." />
    <label:label xlink:type="resource" xlink:label="label_s2c_GA_23." xml:lang="en" xlink:role="http://www.xbrl.org/2008/role/label">Countries</label:label>
    <gen:arc xlink:type="arc" xlink:arcrole="http://xbrl.org/arcrole/2008/element-label" xlink:from="loc_s2c_GA_23." xlink:to="label_s2c_GA_23." />
    <label:label xlink:type="resource" xlink:label="label_s2c_GA_23._1" xml:lang="en" xlink:role="http://www.xbrl.org/2008/role/verboseLabel">CY</label:label>
    <gen:arc xlink:type="arc" xlink:arcrole="http://xbrl.org/arcrole/2008/element-label" xlink:from="loc_s2c_GA_23." xlink:to="label_s2c_GA_23._1" />
    <link:loc xlink:type="locator" xlink:href="hier.xsd#s2c_24" xlink:label="loc_s2c_GA_24." />
    <label:label xlink:type="resource" xlink:label="label_s2c_GA_24." xml:lang="en" xlink:role="http://www.xbrl.org/2008/role/label">Regions</label:label>
    <gen:arc xlink:type="arc" xlink:arcrole="http://xbrl.org/arcrole/2008/element-label" xlink:from="loc_s2c_GA_24." xlink:to="label_s2c_GA_24." />
    <label:label xlink:type="resource" xlink:label="label_s2c_GA_24._1" xml:lang="en" xlink:role="http://www.xbrl.org/2008/role/verboseLabel">LX</label:label>
    <gen:arc xlink:type="arc" xlink:arcrole="http://xbrl.org/arcrole/2008/element-label" xlink:from="loc_s2c_GA_24." xlink:to="label_s2c_GA_24._1" />
    <link:loc xlink:type="locator" xlink:href="hier.xsd#s2c_25" xlink:label="loc_s2c_GA_25." />
    <label:label xlink:type="resource" xlink:label="label_s2c_GA_25." xml:lang="en" xlink:role="http://www.xbrl.org/2008/role/label">Countries</label:label>
    <gen:arc xlink:type="arc" xlink:arcrole="http://xbrl.org/arcrole/2008/element-label" xlink:from="loc_s2c_GA_25." xlink:to="label_s2c_GA_25." />
    <label:label xlink:type="resource" xlink:label="label_s2c_GA_25._1" xml:lang="en" xlink:role="http://www.xbrl.org/2008/role/verboseLabel">LX</label:label>
    <gen:arc xlink:type="arc" xlink:arcrole="http://xbrl.org/arcrole/2008/element-label" xlink:from="loc_s2c_GA_25." xlink:to="label_s2c_GA_25._1" />
    <link:loc xlink:type="locator" xlink:href="hier.xsd#s2c_26" xlink:label="loc_s2c_GA_26." />
    <label:label xlink:type="resource" xlink:label="label_s2c_GA_26." xml:lang="en" xlink:role="http://www.xbrl.org/2008/role/label">Issuer country/country of residence</label:label>
    <gen:arc xlink:type="arc" xlink:arcrole="http://xbrl.org/arcrole/2008/element-label" xlink:from="loc_s2c_GA_26." xlink:to="label_s2c_GA_26." />
    <label:label xlink:type="resource" xlink:label="label_s2c_GA_26._1" xml:lang="en" xlink:role="http://www.xbrl.org/2008/role/verboseLabel">CY</label:label>
    <gen:arc xlink:type="arc" xlink:arcrole="http://xbrl.org/arcrole/2008/element-label" xlink:from="loc_s2c_GA_26." xlink:to="label_s2c_GA_26._1" />
    <link:loc xlink:type="locator" xlink:href="hier.xsd#s2c_27" xlink:label="loc_s2c_GA_27." />
    <label:label xlink:type="resource" xlink:label="label_s2c_GA_27." xml:lang="en" xlink:role="http://www.xbrl.org/2008/role/label">Natural Catastrophe risk - Windstorm</label:label>
    <gen:arc xlink:type="arc" xlink:arcrole="http://xbrl.org/arcrole/2008/element-label" xlink:from="loc_s2c_GA_27." xlink:to="label_s2c_GA_27." />
    <label:label xlink:type="resource" xlink:label="label_s2c_GA_27._1" xml:lang="en" xlink:role="http://www.xbrl.org/2008/role/verboseLabel">LX</label:label>
    <gen:arc xlink:type="arc" xlink:arcrole="http://xbrl.org/arcrole/2008/element-label" xlink:from="loc_s2c_GA_27." xlink:to="label_s2c_GA_27._1" />
    <link:loc xlink:type="locator" xlink:href="hier.xsd#s2c_28" xlink:label="loc_s2c_GA_28." />
    <label:label xlink:type="resource" xlink:label="label_s2c_GA_28." xml:lang="en" xlink:role="http://www.xbrl.org/2008/role/label">Natural Catastrophe risk - Earthquake</label:label>
    <gen:arc xlink:type="arc" xlink:arcrole="http://xbrl.org/arcrole/2008/element-label" xlink:from="loc_s2c_GA_28." xlink:to="label_s2c_GA_28." />
    <label:label xlink:type="resource" xlink:label="label_s2c_GA_28._1" xml:lang="en" xlink:role="http://www.xbrl.org/2008/role/verboseLabel">LX</label:label>
    <gen:arc xlink:type="arc" xlink:arcrole="http://xbrl.org/arcrole/2008/element-label" xlink:from="loc_s2c_GA_28." xlink:to="label_s2c_GA_28._1" />
    <link:loc xlink:type="locator" xlink:href="hier.xsd#s2c_29" xlink:label="loc_s2c_GA_29." />
    <label:label xlink:type="resource" xlink:label="label_s2c_GA_29." xml:lang="en" xlink:role="http://www.xbrl.org/2008/role/label">Natural Catastrophe risk - Flood</label:label>
    <gen:arc xlink:type="arc" xlink:arcrole="http://xbrl.org/arcrole/2008/element-label" xlink:from="loc_s2c_GA_29." xlink:to="label_s2c_GA_29." />
    <label:label xlink:type="resource" xlink:label="label_s2c_GA_29._1" xml:lang="en" xlink:role="http://www.xbrl.org/2008/role/verboseLabel">LX</label:label>
    <gen:arc xlink:type="arc" xlink:arcrole="http://xbrl.org/arcrole/2008/element-label" xlink:from="loc_s2c_GA_29." xlink:to="label_s2c_GA_29._1" />
    <link:loc xlink:type="locator" xlink:href="hier.xsd#s2c_30" xlink:label="loc_s2c_GA_30." />
    <label:label xlink:type="resource" xlink:label="label_s2c_GA_30." xml:lang="en" xlink:role="http://www.xbrl.org/2008/role/label">Natural Catastrophe risk - Hail</label:label>
    <gen:arc xlink:type="arc" xlink:arcrole="http://xbrl.org/arcrole/2008/element-label" xlink:from="loc_s2c_GA_30." xlink:to="label_s2c_GA_30." />
    <label:label xlink:type="resource" xlink:label="label_s2c_GA_30._1" xml:lang="en" xlink:role="http://www.xbrl.org/2008/role/verboseLabel">LX</label:label>
    <gen:arc xlink:type="arc" xlink:arcrole="http://xbrl.org/arcrole/2008/element-label" xlink:from="loc_s2c_GA_30." xlink:to="label_s2c_GA_30._1" />
  </gen:link>
</link:linkbase>