<?xml version="1.0" encoding="UTF-8"?>
<!--(C) EIOPA - XBRL Solvency 2 Taxonomy-->
<?officialURI http://eiopa.europa.eu/eu/xbrl/s2c/dict/dom/cg/hier-lab-mem-en.xml?>
<?taxonomy-version 2.1.0?>
<?taxonomy-date 2016-07-15?>
<link:linkbase xmlns:xsi="http://www.w3.org/2001/XMLSchema-instance" xmlns:xlink="http://www.w3.org/1999/xlink" xmlns:link="http://www.xbrl.org/2003/linkbase" xsi:schemaLocation="http://www.xbrl.org/2003/linkbase http://www.xbrl.org/2003/xbrl-linkbase-2003-12-31.xsd">
  <link:roleRef roleURI="http://eiopa.europa.eu/xbrl/s2c/role/dict/dom/CG/1" xlink:type="simple" xlink:href="hier.xsd#s2c_1" />
  <link:labelLink xlink:type="extended" xlink:role="http://eiopa.europa.eu/xbrl/s2c/role/dict/dom/CG/1">
    <link:loc xlink:type="locator" xlink:href="mem.xsd#s2c_x0" xlink:label="loc_s2c_x0" />
    <link:label xlink:type="resource" xlink:label="label_s2c_x0" xml:lang="en" xlink:role="http://www.xbrl.org/2003/role/label">Total/NA</link:label>
    <link:labelArc xlink:type="arc" xlink:arcrole="http://www.xbrl.org/2003/arcrole/concept-label" xlink:from="loc_s2c_x0" xlink:to="label_s2c_x0" />
    <link:loc xlink:type="locator" xlink:href="mem.xsd#s2c_x5" xlink:label="loc_s2c_x5" />
    <link:label xlink:type="resource" xlink:label="label_s2c_x5" xml:lang="en" xlink:role="http://www.xbrl.org/2003/role/label">Collateralised</link:label>
    <link:labelArc xlink:type="arc" xlink:arcrole="http://www.xbrl.org/2003/arcrole/concept-label" xlink:from="loc_s2c_x5" xlink:to="label_s2c_x5" />
    <link:loc xlink:type="locator" xlink:href="mem.xsd#s2c_x6" xlink:label="loc_s2c_x6" />
    <link:label xlink:type="resource" xlink:label="label_s2c_x6" xml:lang="en" xlink:role="http://www.xbrl.org/2003/role/label">Collateralised/guaranteed</link:label>
    <link:labelArc xlink:type="arc" xlink:arcrole="http://www.xbrl.org/2003/arcrole/concept-label" xlink:from="loc_s2c_x6" xlink:to="label_s2c_x6" />
    <link:loc xlink:type="locator" xlink:href="mem.xsd#s2c_x8" xlink:label="loc_s2c_x8" />
    <link:label xlink:type="resource" xlink:label="label_s2c_x8" xml:lang="en" xlink:role="http://www.xbrl.org/2003/role/label">Guaranteed</link:label>
    <link:labelArc xlink:type="arc" xlink:arcrole="http://www.xbrl.org/2003/arcrole/concept-label" xlink:from="loc_s2c_x8" xlink:to="label_s2c_x8" />
    <link:loc xlink:type="locator" xlink:href="mem.xsd#s2c_x16" xlink:label="loc_s2c_x16" />
    <link:label xlink:type="resource" xlink:label="label_s2c_x16" xml:lang="en" xlink:role="http://www.xbrl.org/2003/role/label">Not collateralised/guaranteed</link:label>
    <link:labelArc xlink:type="arc" xlink:arcrole="http://www.xbrl.org/2003/arcrole/concept-label" xlink:from="loc_s2c_x16" xlink:to="label_s2c_x16" />
  </link:labelLink>
  <link:roleRef roleURI="http://eiopa.europa.eu/xbrl/s2c/role/dict/dom/CG/2" xlink:type="simple" xlink:href="hier.xsd#s2c_2" />
  <link:labelLink xlink:type="extended" xlink:role="http://eiopa.europa.eu/xbrl/s2c/role/dict/dom/CG/2">
    <link:loc xlink:type="locator" xlink:href="mem.xsd#s2c_x2" xlink:label="loc_s2c_x2" />
    <link:label xlink:type="resource" xlink:label="label_s2c_x2" xml:lang="en" xlink:role="http://www.xbrl.org/2003/role/label">2 - Collateral for reinsurance accepted</link:label>
    <link:labelArc xlink:type="arc" xlink:arcrole="http://www.xbrl.org/2003/arcrole/concept-label" xlink:from="loc_s2c_x2" xlink:to="label_s2c_x2" />
    <link:loc xlink:type="locator" xlink:href="mem.xsd#s2c_x3" xlink:label="loc_s2c_x3" />
    <link:label xlink:type="resource" xlink:label="label_s2c_x3" xml:lang="en" xlink:role="http://www.xbrl.org/2003/role/label">3 - Collateral for securities borrowed</link:label>
    <link:labelArc xlink:type="arc" xlink:arcrole="http://www.xbrl.org/2003/arcrole/concept-label" xlink:from="loc_s2c_x3" xlink:to="label_s2c_x3" />
    <link:loc xlink:type="locator" xlink:href="mem.xsd#s2c_x4" xlink:label="loc_s2c_x4" />
    <link:label xlink:type="resource" xlink:label="label_s2c_x4" xml:lang="en" xlink:role="http://www.xbrl.org/2003/role/label">1 - Assets in the balance sheet that are collateral pledged</link:label>
    <link:labelArc xlink:type="arc" xlink:arcrole="http://www.xbrl.org/2003/arcrole/concept-label" xlink:from="loc_s2c_x4" xlink:to="label_s2c_x4" />
    <link:loc xlink:type="locator" xlink:href="mem.xsd#s2c_x15" xlink:label="loc_s2c_x15" />
    <link:label xlink:type="resource" xlink:label="label_s2c_x15" xml:lang="en" xlink:role="http://www.xbrl.org/2003/role/label">9 - Not collateral</link:label>
    <link:labelArc xlink:type="arc" xlink:arcrole="http://www.xbrl.org/2003/arcrole/concept-label" xlink:from="loc_s2c_x15" xlink:to="label_s2c_x15" />
    <link:loc xlink:type="locator" xlink:href="mem.xsd#s2c_x22" xlink:label="loc_s2c_x22" />
    <link:label xlink:type="resource" xlink:label="label_s2c_x22" xml:lang="en" xlink:role="http://www.xbrl.org/2003/role/label">4 - Repos</link:label>
    <link:labelArc xlink:type="arc" xlink:arcrole="http://www.xbrl.org/2003/arcrole/concept-label" xlink:from="loc_s2c_x22" xlink:to="label_s2c_x22" />
  </link:labelLink>
  <link:roleRef roleURI="http://eiopa.europa.eu/xbrl/s2c/role/dict/dom/CG/3" xlink:type="simple" xlink:href="hier.xsd#s2c_3" />
  <link:labelLink xlink:type="extended" xlink:role="http://eiopa.europa.eu/xbrl/s2c/role/dict/dom/CG/3">
    <link:loc xlink:type="locator" xlink:href="mem.xsd#s2c_x0" xlink:label="loc_s2c_x0" />
    <link:label xlink:type="resource" xlink:label="label_s2c_x0" xml:lang="en" xlink:role="http://www.xbrl.org/2003/role/label">Total/NA</link:label>
    <link:labelArc xlink:type="arc" xlink:arcrole="http://www.xbrl.org/2003/arcrole/concept-label" xlink:from="loc_s2c_x0" xlink:to="label_s2c_x0" />
    <link:loc xlink:type="locator" xlink:href="mem.xsd#s2c_x18" xlink:label="loc_s2c_x18" />
    <link:label xlink:type="resource" xlink:label="label_s2c_x18" xml:lang="en" xlink:role="http://www.xbrl.org/2003/role/label">On policies</link:label>
    <link:labelArc xlink:type="arc" xlink:arcrole="http://www.xbrl.org/2003/arcrole/concept-label" xlink:from="loc_s2c_x18" xlink:to="label_s2c_x18" />
    <link:loc xlink:type="locator" xlink:href="mem.xsd#s2c_x19" xlink:label="loc_s2c_x19" />
    <link:label xlink:type="resource" xlink:label="label_s2c_x19" xml:lang="en" xlink:role="http://www.xbrl.org/2003/role/label">Other than on policies and not collateralised</link:label>
    <link:labelArc xlink:type="arc" xlink:arcrole="http://www.xbrl.org/2003/arcrole/concept-label" xlink:from="loc_s2c_x19" xlink:to="label_s2c_x19" />
  </link:labelLink>
  <link:roleRef roleURI="http://eiopa.europa.eu/xbrl/s2c/role/dict/dom/CG/4" xlink:type="simple" xlink:href="hier.xsd#s2c_4" />
  <link:labelLink xlink:type="extended" xlink:role="http://eiopa.europa.eu/xbrl/s2c/role/dict/dom/CG/4">
    <link:loc xlink:type="locator" xlink:href="mem.xsd#s2c_x23" xlink:label="loc_s2c_x23" />
    <link:label xlink:type="resource" xlink:label="label_s2c_x23" xml:lang="en" xlink:role="http://www.xbrl.org/2003/role/label">SPV not sufficiently collateralised</link:label>
    <link:labelArc xlink:type="arc" xlink:arcrole="http://www.xbrl.org/2003/arcrole/concept-label" xlink:from="loc_s2c_x23" xlink:to="label_s2c_x23" />
    <link:loc xlink:type="locator" xlink:href="mem.xsd#s2c_x24" xlink:label="loc_s2c_x24" />
    <link:label xlink:type="resource" xlink:label="label_s2c_x24" xml:lang="en" xlink:role="http://www.xbrl.org/2003/role/label">SPV sufficiently collateralised</link:label>
    <link:labelArc xlink:type="arc" xlink:arcrole="http://www.xbrl.org/2003/arcrole/concept-label" xlink:from="loc_s2c_x24" xlink:to="label_s2c_x24" />
  </link:labelLink>
  <link:roleRef roleURI="http://eiopa.europa.eu/xbrl/s2c/role/dict/dom/CG/5" xlink:type="simple" xlink:href="hier.xsd#s2c_5" />
  <link:labelLink xlink:type="extended" xlink:role="http://eiopa.europa.eu/xbrl/s2c/role/dict/dom/CG/5">
    <link:loc xlink:type="locator" xlink:href="mem.xsd#s2c_x7" xlink:label="loc_s2c_x7" />
    <link:label xlink:type="resource" xlink:label="label_s2c_x7" xml:lang="en" xlink:role="http://www.xbrl.org/2003/role/label">1 - Full capital protection</link:label>
    <link:labelArc xlink:type="arc" xlink:arcrole="http://www.xbrl.org/2003/arcrole/concept-label" xlink:from="loc_s2c_x7" xlink:to="label_s2c_x7" />
    <link:loc xlink:type="locator" xlink:href="mem.xsd#s2c_x14" xlink:label="loc_s2c_x14" />
    <link:label xlink:type="resource" xlink:label="label_s2c_x14" xml:lang="en" xlink:role="http://www.xbrl.org/2003/role/label">3 - No capital protection</link:label>
    <link:labelArc xlink:type="arc" xlink:arcrole="http://www.xbrl.org/2003/arcrole/concept-label" xlink:from="loc_s2c_x14" xlink:to="label_s2c_x14" />
    <link:loc xlink:type="locator" xlink:href="mem.xsd#s2c_x21" xlink:label="loc_s2c_x21" />
    <link:label xlink:type="resource" xlink:label="label_s2c_x21" xml:lang="en" xlink:role="http://www.xbrl.org/2003/role/label">2 - Partial capital protection</link:label>
    <link:labelArc xlink:type="arc" xlink:arcrole="http://www.xbrl.org/2003/arcrole/concept-label" xlink:from="loc_s2c_x21" xlink:to="label_s2c_x21" />
  </link:labelLink>
  <link:roleRef roleURI="http://eiopa.europa.eu/xbrl/s2c/role/dict/dom/CG/6" xlink:type="simple" xlink:href="hier.xsd#s2c_6" />
  <link:labelLink xlink:type="extended" xlink:role="http://eiopa.europa.eu/xbrl/s2c/role/dict/dom/CG/6">
    <link:loc xlink:type="locator" xlink:href="mem.xsd#s2c_x0" xlink:label="loc_s2c_x0" />
    <link:label xlink:type="resource" xlink:label="label_s2c_x0" xml:lang="en" xlink:role="http://www.xbrl.org/2003/role/label">Total/NA</link:label>
    <link:labelArc xlink:type="arc" xlink:arcrole="http://www.xbrl.org/2003/arcrole/concept-label" xlink:from="loc_s2c_x0" xlink:to="label_s2c_x0" />
    <link:loc xlink:type="locator" xlink:href="mem.xsd#s2c_x9" xlink:label="loc_s2c_x9" />
    <link:label xlink:type="resource" xlink:label="label_s2c_x9" xml:lang="en" xlink:role="http://www.xbrl.org/2003/role/label">Guaranteed minimum accumulation benefit [GMAB]</link:label>
    <link:labelArc xlink:type="arc" xlink:arcrole="http://www.xbrl.org/2003/arcrole/concept-label" xlink:from="loc_s2c_x9" xlink:to="label_s2c_x9" />
    <link:loc xlink:type="locator" xlink:href="mem.xsd#s2c_x10" xlink:label="loc_s2c_x10" />
    <link:label xlink:type="resource" xlink:label="label_s2c_x10" xml:lang="en" xlink:role="http://www.xbrl.org/2003/role/label">Guaranteed minimum death benefit [GMDB]</link:label>
    <link:labelArc xlink:type="arc" xlink:arcrole="http://www.xbrl.org/2003/arcrole/concept-label" xlink:from="loc_s2c_x10" xlink:to="label_s2c_x10" />
    <link:loc xlink:type="locator" xlink:href="mem.xsd#s2c_x11" xlink:label="loc_s2c_x11" />
    <link:label xlink:type="resource" xlink:label="label_s2c_x11" xml:lang="en" xlink:role="http://www.xbrl.org/2003/role/label">Guaranteed minimum income benefit [GMIB]</link:label>
    <link:labelArc xlink:type="arc" xlink:arcrole="http://www.xbrl.org/2003/arcrole/concept-label" xlink:from="loc_s2c_x11" xlink:to="label_s2c_x11" />
    <link:loc xlink:type="locator" xlink:href="mem.xsd#s2c_x12" xlink:label="loc_s2c_x12" />
    <link:label xlink:type="resource" xlink:label="label_s2c_x12" xml:lang="en" xlink:role="http://www.xbrl.org/2003/role/label">Guaranteed minimum withdrawal benefits [GMWB]</link:label>
    <link:labelArc xlink:type="arc" xlink:arcrole="http://www.xbrl.org/2003/arcrole/concept-label" xlink:from="loc_s2c_x12" xlink:to="label_s2c_x12" />
  </link:labelLink>
  <link:roleRef roleURI="http://eiopa.europa.eu/xbrl/s2c/role/dict/dom/CG/7" xlink:type="simple" xlink:href="hier.xsd#s2c_7" />
  <link:labelLink xlink:type="extended" xlink:role="http://eiopa.europa.eu/xbrl/s2c/role/dict/dom/CG/7">
    <link:loc xlink:type="locator" xlink:href="mem.xsd#s2c_x13" xlink:label="loc_s2c_x13" />
    <link:label xlink:type="resource" xlink:label="label_s2c_x13" xml:lang="en" xlink:role="http://www.xbrl.org/2003/role/label">2 – Not hedged</link:label>
    <link:labelArc xlink:type="arc" xlink:arcrole="http://www.xbrl.org/2003/arcrole/concept-label" xlink:from="loc_s2c_x13" xlink:to="label_s2c_x13" />
    <link:loc xlink:type="locator" xlink:href="mem.xsd#s2c_x17" xlink:label="loc_s2c_x17" />
    <link:label xlink:type="resource" xlink:label="label_s2c_x17" xml:lang="en" xlink:role="http://www.xbrl.org/2003/role/label">4 – Guarantee not sensitive to</link:label>
    <link:labelArc xlink:type="arc" xlink:arcrole="http://www.xbrl.org/2003/arcrole/concept-label" xlink:from="loc_s2c_x17" xlink:to="label_s2c_x17" />
    <link:loc xlink:type="locator" xlink:href="mem.xsd#s2c_x20" xlink:label="loc_s2c_x20" />
    <link:label xlink:type="resource" xlink:label="label_s2c_x20" xml:lang="en" xlink:role="http://www.xbrl.org/2003/role/label">3 – Partially hedged</link:label>
    <link:labelArc xlink:type="arc" xlink:arcrole="http://www.xbrl.org/2003/arcrole/concept-label" xlink:from="loc_s2c_x20" xlink:to="label_s2c_x20" />
    <link:loc xlink:type="locator" xlink:href="mem.xsd#s2c_x25" xlink:label="loc_s2c_x25" />
    <link:label xlink:type="resource" xlink:label="label_s2c_x25" xml:lang="en" xlink:role="http://www.xbrl.org/2003/role/label">1 – Hedged</link:label>
    <link:labelArc xlink:type="arc" xlink:arcrole="http://www.xbrl.org/2003/arcrole/concept-label" xlink:from="loc_s2c_x25" xlink:to="label_s2c_x25" />
  </link:labelLink>
  <link:roleRef roleURI="http://eiopa.europa.eu/xbrl/s2c/role/dict/dom/CG/8" xlink:type="simple" xlink:href="hier.xsd#s2c_8" />
  <link:labelLink xlink:type="extended" xlink:role="http://eiopa.europa.eu/xbrl/s2c/role/dict/dom/CG/8">
    <link:loc xlink:type="locator" xlink:href="mem.xsd#s2c_x26" xlink:label="loc_s2c_x26" />
    <link:label xlink:type="resource" xlink:label="label_s2c_x26" xml:lang="en" xlink:role="http://www.xbrl.org/2003/role/label">Collateralisation performed on a portfolio basis</link:label>
    <link:labelArc xlink:type="arc" xlink:arcrole="http://www.xbrl.org/2003/arcrole/concept-label" xlink:from="loc_s2c_x26" xlink:to="label_s2c_x26" />
    <link:loc xlink:type="locator" xlink:href="mem.xsd#s2c_x27" xlink:label="loc_s2c_x27" />
    <link:label xlink:type="resource" xlink:label="label_s2c_x27" xml:lang="en" xlink:role="http://www.xbrl.org/2003/role/label">Collateralisation performed on a single contract basis</link:label>
    <link:labelArc xlink:type="arc" xlink:arcrole="http://www.xbrl.org/2003/arcrole/concept-label" xlink:from="loc_s2c_x27" xlink:to="label_s2c_x27" />
  </link:labelLink>
  <link:roleRef roleURI="http://eiopa.europa.eu/xbrl/s2c/role/dict/dom/CG/9" xlink:type="simple" xlink:href="hier.xsd#s2c_9" />
  <link:labelLink xlink:type="extended" xlink:role="http://eiopa.europa.eu/xbrl/s2c/role/dict/dom/CG/9">
    <link:loc xlink:type="locator" xlink:href="mem.xsd#s2c_x9" xlink:label="loc_s2c_x9" />
    <link:label xlink:type="resource" xlink:label="label_s2c_x9" xml:lang="en" xlink:role="http://www.xbrl.org/2003/role/label">2 - Guaranteed minimum accumulation benefit</link:label>
    <link:labelArc xlink:type="arc" xlink:arcrole="http://www.xbrl.org/2003/arcrole/concept-label" xlink:from="loc_s2c_x9" xlink:to="label_s2c_x9" />
    <link:loc xlink:type="locator" xlink:href="mem.xsd#s2c_x10" xlink:label="loc_s2c_x10" />
    <link:label xlink:type="resource" xlink:label="label_s2c_x10" xml:lang="en" xlink:role="http://www.xbrl.org/2003/role/label">1 - Guaranteed minimum death benefit</link:label>
    <link:labelArc xlink:type="arc" xlink:arcrole="http://www.xbrl.org/2003/arcrole/concept-label" xlink:from="loc_s2c_x10" xlink:to="label_s2c_x10" />
    <link:loc xlink:type="locator" xlink:href="mem.xsd#s2c_x11" xlink:label="loc_s2c_x11" />
    <link:label xlink:type="resource" xlink:label="label_s2c_x11" xml:lang="en" xlink:role="http://www.xbrl.org/2003/role/label">3 - Guaranteed minimum income benefit</link:label>
    <link:labelArc xlink:type="arc" xlink:arcrole="http://www.xbrl.org/2003/arcrole/concept-label" xlink:from="loc_s2c_x11" xlink:to="label_s2c_x11" />
    <link:loc xlink:type="locator" xlink:href="mem.xsd#s2c_x12" xlink:label="loc_s2c_x12" />
    <link:label xlink:type="resource" xlink:label="label_s2c_x12" xml:lang="en" xlink:role="http://www.xbrl.org/2003/role/label">4 - Guaranteed minimum withdrawal benefits</link:label>
    <link:labelArc xlink:type="arc" xlink:arcrole="http://www.xbrl.org/2003/arcrole/concept-label" xlink:from="loc_s2c_x12" xlink:to="label_s2c_x12" />
    <link:loc xlink:type="locator" xlink:href="mem.xsd#s2c_x28" xlink:label="loc_s2c_x28" />
    <link:label xlink:type="resource" xlink:label="label_s2c_x28" xml:lang="en" xlink:role="http://www.xbrl.org/2003/role/label">9 - Other</link:label>
    <link:labelArc xlink:type="arc" xlink:arcrole="http://www.xbrl.org/2003/arcrole/concept-label" xlink:from="loc_s2c_x28" xlink:to="label_s2c_x28" />
  </link:labelLink>
  <link:roleRef roleURI="http://eiopa.europa.eu/xbrl/s2c/role/dict/dom/CG/10" xlink:type="simple" xlink:href="hier.xsd#s2c_10" />
  <link:labelLink xlink:type="extended" xlink:role="http://eiopa.europa.eu/xbrl/s2c/role/dict/dom/CG/10">
    <link:loc xlink:type="locator" xlink:href="mem.xsd#s2c_x29" xlink:label="loc_s2c_x29" />
    <link:label xlink:type="resource" xlink:label="label_s2c_x29" xml:lang="en" xlink:role="http://www.xbrl.org/2003/role/label">Encumbered</link:label>
    <link:labelArc xlink:type="arc" xlink:arcrole="http://www.xbrl.org/2003/arcrole/concept-label" xlink:from="loc_s2c_x29" xlink:to="label_s2c_x29" />
    <link:loc xlink:type="locator" xlink:href="mem.xsd#s2c_x30" xlink:label="loc_s2c_x30" />
    <link:label xlink:type="resource" xlink:label="label_s2c_x30" xml:lang="en" xlink:role="http://www.xbrl.org/2003/role/label">Unencumbered</link:label>
    <link:labelArc xlink:type="arc" xlink:arcrole="http://www.xbrl.org/2003/arcrole/concept-label" xlink:from="loc_s2c_x30" xlink:to="label_s2c_x30" />
  </link:labelLink>
  <link:roleRef roleURI="http://eiopa.europa.eu/xbrl/s2c/role/dict/dom/CG/11" xlink:type="simple" xlink:href="hier.xsd#s2c_11" />
  <link:labelLink xlink:type="extended" xlink:role="http://eiopa.europa.eu/xbrl/s2c/role/dict/dom/CG/11">
    <link:loc xlink:type="locator" xlink:href="mem.xsd#s2c_x26" xlink:label="loc_s2c_x26" />
    <link:label xlink:type="resource" xlink:label="label_s2c_x26" xml:lang="en" xlink:role="http://www.xbrl.org/2003/role/label">1 - Collateral calculated on the basis of net positions resulting from a set of contracts</link:label>
    <link:labelArc xlink:type="arc" xlink:arcrole="http://www.xbrl.org/2003/arcrole/concept-label" xlink:from="loc_s2c_x26" xlink:to="label_s2c_x26" />
    <link:loc xlink:type="locator" xlink:href="mem.xsd#s2c_x27" xlink:label="loc_s2c_x27" />
    <link:label xlink:type="resource" xlink:label="label_s2c_x27" xml:lang="en" xlink:role="http://www.xbrl.org/2003/role/label">2 - Collateral calculated on the basis of a single contract</link:label>
    <link:labelArc xlink:type="arc" xlink:arcrole="http://www.xbrl.org/2003/arcrole/concept-label" xlink:from="loc_s2c_x27" xlink:to="label_s2c_x27" />
    <link:loc xlink:type="locator" xlink:href="mem.xsd#s2c_x31" xlink:label="loc_s2c_x31" />
    <link:label xlink:type="resource" xlink:label="label_s2c_x31" xml:lang="en" xlink:role="http://www.xbrl.org/2003/role/label">10 – No collateral</link:label>
    <link:labelArc xlink:type="arc" xlink:arcrole="http://www.xbrl.org/2003/arcrole/concept-label" xlink:from="loc_s2c_x31" xlink:to="label_s2c_x31" />
  </link:labelLink>
</link:linkbase>