<?xml version="1.0" encoding="UTF-8"?>
<!--(C) EIOPA - XBRL Solvency 2 Taxonomy-->
<?officialURI http://eiopa.europa.eu/eu/xbrl/s2md/fws/solvency/solvency2/2016-07-15/tab/s.02.01.02.01/s.02.01.02.01-rend.xml?>
<?taxonomy-version 2.1.0?>
<?taxonomy-date 2016-07-15?>
<link:linkbase xmlns:xsi="http://www.w3.org/2001/XMLSchema-instance" xmlns:xlink="http://www.w3.org/1999/xlink" xmlns:link="http://www.xbrl.org/2003/linkbase" xmlns:gen="http://xbrl.org/2008/generic" xmlns:label="http://xbrl.org/2008/label" xmlns:formula="http://xbrl.org/2008/formula" xmlns:df="http://xbrl.org/2008/filter/dimension" xmlns:table="http://xbrl.org/2014/table" xmlns:model="http://www.eurofiling.info/xbrl/ext/model" xmlns:s2c_dim="http://eiopa.europa.eu/xbrl/s2c/dict/dim" xmlns:s2c_AM="http://eiopa.europa.eu/xbrl/s2c/dict/dom/AM" xmlns:s2md_met="http://eiopa.europa.eu/xbrl/s2md/dict/met" xmlns:s2c_LB="http://eiopa.europa.eu/xbrl/s2c/dict/dom/LB" xmlns:s2c_VM="http://eiopa.europa.eu/xbrl/s2c/dict/dom/VM" xsi:schemaLocation="http://www.xbrl.org/2003/linkbase http://www.xbrl.org/2003/xbrl-linkbase-2003-12-31.xsd http://xbrl.org/2008/generic http://www.xbrl.org/2008/generic-link.xsd http://xbrl.org/2008/label http://www.xbrl.org/2008/generic-label.xsd http://xbrl.org/2008/formula http://www.xbrl.org/2008/formula.xsd http://xbrl.org/2008/filter/dimension http://www.xbrl.org/2008/dimension-filter.xsd http://xbrl.org/2014/table http://www.xbrl.org/2014/table.xsd http://www.eurofiling.info/xbrl/ext/model http://www.eurofiling.info/eu/fr/xbrl/ext/model.xsd">
  <link:arcroleRef arcroleURI="http://xbrl.org/arcrole/2014/breakdown-tree" xlink:type="simple" xlink:href="http://www.xbrl.org/2014/table.xsd#breakdown-tree" />
  <link:arcroleRef arcroleURI="http://xbrl.org/arcrole/2014/definition-node-subtree" xlink:type="simple" xlink:href="http://www.xbrl.org/2014/table.xsd#definition-node-subtree" />
  <link:arcroleRef arcroleURI="http://xbrl.org/arcrole/2014/table-breakdown" xlink:type="simple" xlink:href="http://www.xbrl.org/2014/table.xsd#table-breakdown" />
  <link:roleRef roleURI="http://eiopa.europa.eu/xbrl/s2md/role/fws/solvency/solvency2/2016-07-15/tab/S.02.01.02.01" xlink:type="simple" xlink:href="s.02.01.02.01.xsd#role" />
  <gen:link xlink:type="extended" xlink:role="http://eiopa.europa.eu/xbrl/s2md/role/fws/solvency/solvency2/2016-07-15/tab/S.02.01.02.01">
    <table:table xlink:type="resource" xlink:label="s2md_tS.02.01.02.01" id="s2md_tS.02.01.02.01" />
    <table:breakdown xlink:type="resource" xlink:label="s2md_a1" parentChildOrder="parent-first" id="s2md_a1" />
    <table:ruleNode xlink:type="resource" xlink:label="s2md_a1.root" abstract="true" merge="true" id="s2md_a1.root">
      <formula:explicitDimension dimension="s2c_dim:VG">
        <formula:member>
          <formula:qname>s2c_AM:x80</formula:qname>
        </formula:member>
      </formula:explicitDimension>
    </table:ruleNode>
    <table:breakdownTreeArc xlink:type="arc" xlink:arcrole="http://xbrl.org/arcrole/2014/breakdown-tree" xlink:from="s2md_a1" xlink:to="s2md_a1.root" order="0" />
    <table:ruleNode xlink:type="resource" xlink:label="s2md_c670" id="s2md_c670" />
    <table:definitionNodeSubtreeArc xlink:type="arc" xlink:arcrole="http://xbrl.org/arcrole/2014/definition-node-subtree" xlink:from="s2md_a1.root" xlink:to="s2md_c670" order="1" />
    <table:tableBreakdownArc xlink:type="arc" xlink:arcrole="http://xbrl.org/arcrole/2014/table-breakdown" xlink:from="s2md_tS.02.01.02.01" xlink:to="s2md_a1" axis="x" order="1" />
    <table:breakdown xlink:type="resource" xlink:label="s2md_a2" parentChildOrder="parent-first" id="s2md_a2" />
    <table:ruleNode xlink:type="resource" xlink:label="s2md_a2.root" abstract="true" merge="true" id="s2md_a2.root" />
    <table:breakdownTreeArc xlink:type="arc" xlink:arcrole="http://xbrl.org/arcrole/2014/breakdown-tree" xlink:from="s2md_a2" xlink:to="s2md_a2.root" order="0" />
    <table:ruleNode xlink:type="resource" xlink:label="s2md_c671" abstract="true" id="s2md_c671" />
    <table:ruleNode xlink:type="resource" xlink:label="s2md_c672" id="s2md_c672">
      <formula:concept>
        <formula:qname>s2md_met:mi250</formula:qname>
      </formula:concept>
    </table:ruleNode>
    <table:definitionNodeSubtreeArc xlink:type="arc" xlink:arcrole="http://xbrl.org/arcrole/2014/definition-node-subtree" xlink:from="s2md_c671" xlink:to="s2md_c672" order="1" />
    <table:ruleNode xlink:type="resource" xlink:label="s2md_c673" id="s2md_c673">
      <formula:concept>
        <formula:qname>s2md_met:mi221</formula:qname>
      </formula:concept>
    </table:ruleNode>
    <table:definitionNodeSubtreeArc xlink:type="arc" xlink:arcrole="http://xbrl.org/arcrole/2014/definition-node-subtree" xlink:from="s2md_c671" xlink:to="s2md_c673" order="2" />
    <table:ruleNode xlink:type="resource" xlink:label="s2md_c674" id="s2md_c674">
      <formula:concept>
        <formula:qname>s2md_met:mi251</formula:qname>
      </formula:concept>
    </table:ruleNode>
    <table:definitionNodeSubtreeArc xlink:type="arc" xlink:arcrole="http://xbrl.org/arcrole/2014/definition-node-subtree" xlink:from="s2md_c671" xlink:to="s2md_c674" order="3" />
    <table:ruleNode xlink:type="resource" xlink:label="s2md_c675" id="s2md_c675">
      <formula:concept>
        <formula:qname>s2md_met:mi222</formula:qname>
      </formula:concept>
    </table:ruleNode>
    <table:definitionNodeSubtreeArc xlink:type="arc" xlink:arcrole="http://xbrl.org/arcrole/2014/definition-node-subtree" xlink:from="s2md_c671" xlink:to="s2md_c675" order="4" />
    <table:ruleNode xlink:type="resource" xlink:label="s2md_c676" id="s2md_c676">
      <formula:concept>
        <formula:qname>s2md_met:mi256</formula:qname>
      </formula:concept>
    </table:ruleNode>
    <table:definitionNodeSubtreeArc xlink:type="arc" xlink:arcrole="http://xbrl.org/arcrole/2014/definition-node-subtree" xlink:from="s2md_c671" xlink:to="s2md_c676" order="5" />
    <table:ruleNode xlink:type="resource" xlink:label="s2md_c677" id="s2md_c677">
      <formula:concept>
        <formula:qname>s2md_met:mi266</formula:qname>
      </formula:concept>
    </table:ruleNode>
    <table:definitionNodeSubtreeArc xlink:type="arc" xlink:arcrole="http://xbrl.org/arcrole/2014/definition-node-subtree" xlink:from="s2md_c671" xlink:to="s2md_c677" order="6" />
    <table:ruleNode xlink:type="resource" xlink:label="s2md_c678" id="s2md_c678">
      <formula:concept>
        <formula:qname>s2md_met:mi263</formula:qname>
      </formula:concept>
      <formula:explicitDimension dimension="s2c_dim:BL">
        <formula:member>
          <formula:qname>s2c_LB:x91</formula:qname>
        </formula:member>
      </formula:explicitDimension>
    </table:ruleNode>
    <table:ruleNode xlink:type="resource" xlink:label="s2md_c679" id="s2md_c679">
      <formula:concept>
        <formula:qname>s2md_met:mi265</formula:qname>
      </formula:concept>
    </table:ruleNode>
    <table:definitionNodeSubtreeArc xlink:type="arc" xlink:arcrole="http://xbrl.org/arcrole/2014/definition-node-subtree" xlink:from="s2md_c678" xlink:to="s2md_c679" order="1" />
    <table:ruleNode xlink:type="resource" xlink:label="s2md_c680" id="s2md_c680">
      <formula:concept>
        <formula:qname>s2md_met:mi243</formula:qname>
      </formula:concept>
    </table:ruleNode>
    <table:definitionNodeSubtreeArc xlink:type="arc" xlink:arcrole="http://xbrl.org/arcrole/2014/definition-node-subtree" xlink:from="s2md_c678" xlink:to="s2md_c680" order="2" />
    <table:ruleNode xlink:type="resource" xlink:label="s2md_c681" id="s2md_c681">
      <formula:concept>
        <formula:qname>s2md_met:mi238</formula:qname>
      </formula:concept>
    </table:ruleNode>
    <table:ruleNode xlink:type="resource" xlink:label="s2md_c682" id="s2md_c682">
      <formula:concept>
        <formula:qname>s2md_met:mi226</formula:qname>
      </formula:concept>
    </table:ruleNode>
    <table:definitionNodeSubtreeArc xlink:type="arc" xlink:arcrole="http://xbrl.org/arcrole/2014/definition-node-subtree" xlink:from="s2md_c681" xlink:to="s2md_c682" order="1" />
    <table:ruleNode xlink:type="resource" xlink:label="s2md_c683" id="s2md_c683">
      <formula:concept>
        <formula:qname>s2md_met:mi227</formula:qname>
      </formula:concept>
    </table:ruleNode>
    <table:definitionNodeSubtreeArc xlink:type="arc" xlink:arcrole="http://xbrl.org/arcrole/2014/definition-node-subtree" xlink:from="s2md_c681" xlink:to="s2md_c683" order="2" />
    <table:definitionNodeSubtreeArc xlink:type="arc" xlink:arcrole="http://xbrl.org/arcrole/2014/definition-node-subtree" xlink:from="s2md_c678" xlink:to="s2md_c681" order="3" />
    <table:ruleNode xlink:type="resource" xlink:label="s2md_c684" id="s2md_c684">
      <formula:concept>
        <formula:qname>s2md_met:mi213</formula:qname>
      </formula:concept>
    </table:ruleNode>
    <table:ruleNode xlink:type="resource" xlink:label="s2md_c685" id="s2md_c685">
      <formula:concept>
        <formula:qname>s2md_met:mi212</formula:qname>
      </formula:concept>
    </table:ruleNode>
    <table:definitionNodeSubtreeArc xlink:type="arc" xlink:arcrole="http://xbrl.org/arcrole/2014/definition-node-subtree" xlink:from="s2md_c684" xlink:to="s2md_c685" order="1" />
    <table:ruleNode xlink:type="resource" xlink:label="s2md_c686" id="s2md_c686">
      <formula:concept>
        <formula:qname>s2md_met:mi211</formula:qname>
      </formula:concept>
    </table:ruleNode>
    <table:definitionNodeSubtreeArc xlink:type="arc" xlink:arcrole="http://xbrl.org/arcrole/2014/definition-node-subtree" xlink:from="s2md_c684" xlink:to="s2md_c686" order="2" />
    <table:ruleNode xlink:type="resource" xlink:label="s2md_c687" id="s2md_c687">
      <formula:concept>
        <formula:qname>s2md_met:mi280</formula:qname>
      </formula:concept>
    </table:ruleNode>
    <table:definitionNodeSubtreeArc xlink:type="arc" xlink:arcrole="http://xbrl.org/arcrole/2014/definition-node-subtree" xlink:from="s2md_c684" xlink:to="s2md_c687" order="3" />
    <table:ruleNode xlink:type="resource" xlink:label="s2md_c688" id="s2md_c688">
      <formula:concept>
        <formula:qname>s2md_met:mi220</formula:qname>
      </formula:concept>
    </table:ruleNode>
    <table:definitionNodeSubtreeArc xlink:type="arc" xlink:arcrole="http://xbrl.org/arcrole/2014/definition-node-subtree" xlink:from="s2md_c684" xlink:to="s2md_c688" order="4" />
    <table:definitionNodeSubtreeArc xlink:type="arc" xlink:arcrole="http://xbrl.org/arcrole/2014/definition-node-subtree" xlink:from="s2md_c678" xlink:to="s2md_c684" order="4" />
    <table:ruleNode xlink:type="resource" xlink:label="s2md_c689" id="s2md_c689">
      <formula:concept>
        <formula:qname>s2md_met:mi1964</formula:qname>
      </formula:concept>
    </table:ruleNode>
    <table:definitionNodeSubtreeArc xlink:type="arc" xlink:arcrole="http://xbrl.org/arcrole/2014/definition-node-subtree" xlink:from="s2md_c678" xlink:to="s2md_c689" order="5" />
    <table:ruleNode xlink:type="resource" xlink:label="s2md_c690" id="s2md_c690">
      <formula:concept>
        <formula:qname>s2md_met:mi224</formula:qname>
      </formula:concept>
    </table:ruleNode>
    <table:definitionNodeSubtreeArc xlink:type="arc" xlink:arcrole="http://xbrl.org/arcrole/2014/definition-node-subtree" xlink:from="s2md_c678" xlink:to="s2md_c690" order="6" />
    <table:ruleNode xlink:type="resource" xlink:label="s2md_c691" id="s2md_c691">
      <formula:concept>
        <formula:qname>s2md_met:mi223</formula:qname>
      </formula:concept>
    </table:ruleNode>
    <table:definitionNodeSubtreeArc xlink:type="arc" xlink:arcrole="http://xbrl.org/arcrole/2014/definition-node-subtree" xlink:from="s2md_c678" xlink:to="s2md_c691" order="7" />
    <table:ruleNode xlink:type="resource" xlink:label="s2md_c692" id="s2md_c692">
      <formula:concept>
        <formula:qname>s2md_met:mi1965</formula:qname>
      </formula:concept>
    </table:ruleNode>
    <table:definitionNodeSubtreeArc xlink:type="arc" xlink:arcrole="http://xbrl.org/arcrole/2014/definition-node-subtree" xlink:from="s2md_c678" xlink:to="s2md_c692" order="8" />
    <table:definitionNodeSubtreeArc xlink:type="arc" xlink:arcrole="http://xbrl.org/arcrole/2014/definition-node-subtree" xlink:from="s2md_c671" xlink:to="s2md_c678" order="7" />
    <table:ruleNode xlink:type="resource" xlink:label="s2md_c693" id="s2md_c693">
      <formula:concept>
        <formula:qname>s2md_met:mi263</formula:qname>
      </formula:concept>
      <formula:explicitDimension dimension="s2c_dim:BL">
        <formula:member>
          <formula:qname>s2c_LB:x119</formula:qname>
        </formula:member>
      </formula:explicitDimension>
    </table:ruleNode>
    <table:definitionNodeSubtreeArc xlink:type="arc" xlink:arcrole="http://xbrl.org/arcrole/2014/definition-node-subtree" xlink:from="s2md_c671" xlink:to="s2md_c693" order="8" />
    <table:ruleNode xlink:type="resource" xlink:label="s2md_c694" id="s2md_c694">
      <formula:concept>
        <formula:qname>s2md_met:mi252</formula:qname>
      </formula:concept>
      <formula:explicitDimension dimension="s2c_dim:BL">
        <formula:member>
          <formula:qname>s2c_LB:x91</formula:qname>
        </formula:member>
      </formula:explicitDimension>
    </table:ruleNode>
    <table:ruleNode xlink:type="resource" xlink:label="s2md_c695" id="s2md_c695">
      <formula:concept>
        <formula:qname>s2md_met:mi202</formula:qname>
      </formula:concept>
    </table:ruleNode>
    <table:definitionNodeSubtreeArc xlink:type="arc" xlink:arcrole="http://xbrl.org/arcrole/2014/definition-node-subtree" xlink:from="s2md_c694" xlink:to="s2md_c695" order="1" />
    <table:ruleNode xlink:type="resource" xlink:label="s2md_c696" id="s2md_c696">
      <formula:concept>
        <formula:qname>s2md_met:mi203</formula:qname>
      </formula:concept>
    </table:ruleNode>
    <table:definitionNodeSubtreeArc xlink:type="arc" xlink:arcrole="http://xbrl.org/arcrole/2014/definition-node-subtree" xlink:from="s2md_c694" xlink:to="s2md_c696" order="2" />
    <table:ruleNode xlink:type="resource" xlink:label="s2md_c697" id="s2md_c697">
      <formula:concept>
        <formula:qname>s2md_met:mi204</formula:qname>
      </formula:concept>
    </table:ruleNode>
    <table:definitionNodeSubtreeArc xlink:type="arc" xlink:arcrole="http://xbrl.org/arcrole/2014/definition-node-subtree" xlink:from="s2md_c694" xlink:to="s2md_c697" order="3" />
    <table:definitionNodeSubtreeArc xlink:type="arc" xlink:arcrole="http://xbrl.org/arcrole/2014/definition-node-subtree" xlink:from="s2md_c671" xlink:to="s2md_c694" order="9" />
    <table:ruleNode xlink:type="resource" xlink:label="s2md_c698" id="s2md_c698">
      <formula:concept>
        <formula:qname>s2md_met:mi276</formula:qname>
      </formula:concept>
    </table:ruleNode>
    <table:ruleNode xlink:type="resource" xlink:label="s2md_c699" id="s2md_c699">
      <formula:concept>
        <formula:qname>s2md_met:mi276</formula:qname>
      </formula:concept>
      <formula:explicitDimension dimension="s2c_dim:BL">
        <formula:member>
          <formula:qname>s2c_LB:x79</formula:qname>
        </formula:member>
      </formula:explicitDimension>
    </table:ruleNode>
    <table:ruleNode xlink:type="resource" xlink:label="s2md_c700" id="s2md_c700">
      <formula:concept>
        <formula:qname>s2md_met:mi276</formula:qname>
      </formula:concept>
      <formula:explicitDimension dimension="s2c_dim:BL">
        <formula:member>
          <formula:qname>s2c_LB:x75</formula:qname>
        </formula:member>
      </formula:explicitDimension>
    </table:ruleNode>
    <table:definitionNodeSubtreeArc xlink:type="arc" xlink:arcrole="http://xbrl.org/arcrole/2014/definition-node-subtree" xlink:from="s2md_c699" xlink:to="s2md_c700" order="1" />
    <table:ruleNode xlink:type="resource" xlink:label="s2md_c701" id="s2md_c701">
      <formula:concept>
        <formula:qname>s2md_met:mi276</formula:qname>
      </formula:concept>
      <formula:explicitDimension dimension="s2c_dim:BL">
        <formula:member>
          <formula:qname>s2c_LB:x43</formula:qname>
        </formula:member>
      </formula:explicitDimension>
    </table:ruleNode>
    <table:definitionNodeSubtreeArc xlink:type="arc" xlink:arcrole="http://xbrl.org/arcrole/2014/definition-node-subtree" xlink:from="s2md_c699" xlink:to="s2md_c701" order="2" />
    <table:definitionNodeSubtreeArc xlink:type="arc" xlink:arcrole="http://xbrl.org/arcrole/2014/definition-node-subtree" xlink:from="s2md_c698" xlink:to="s2md_c699" order="1" />
    <table:ruleNode xlink:type="resource" xlink:label="s2md_c702" id="s2md_c702">
      <formula:concept>
        <formula:qname>s2md_met:mi276</formula:qname>
      </formula:concept>
      <formula:explicitDimension dimension="s2c_dim:BL">
        <formula:member>
          <formula:qname>s2c_LB:x64</formula:qname>
        </formula:member>
      </formula:explicitDimension>
    </table:ruleNode>
    <table:ruleNode xlink:type="resource" xlink:label="s2md_c703" id="s2md_c703">
      <formula:concept>
        <formula:qname>s2md_met:mi276</formula:qname>
      </formula:concept>
      <formula:explicitDimension dimension="s2c_dim:BL">
        <formula:member>
          <formula:qname>s2c_LB:x45</formula:qname>
        </formula:member>
      </formula:explicitDimension>
    </table:ruleNode>
    <table:definitionNodeSubtreeArc xlink:type="arc" xlink:arcrole="http://xbrl.org/arcrole/2014/definition-node-subtree" xlink:from="s2md_c702" xlink:to="s2md_c703" order="1" />
    <table:ruleNode xlink:type="resource" xlink:label="s2md_c704" id="s2md_c704">
      <formula:concept>
        <formula:qname>s2md_met:mi276</formula:qname>
      </formula:concept>
      <formula:explicitDimension dimension="s2c_dim:BL">
        <formula:member>
          <formula:qname>s2c_LB:x63</formula:qname>
        </formula:member>
      </formula:explicitDimension>
    </table:ruleNode>
    <table:definitionNodeSubtreeArc xlink:type="arc" xlink:arcrole="http://xbrl.org/arcrole/2014/definition-node-subtree" xlink:from="s2md_c702" xlink:to="s2md_c704" order="2" />
    <table:definitionNodeSubtreeArc xlink:type="arc" xlink:arcrole="http://xbrl.org/arcrole/2014/definition-node-subtree" xlink:from="s2md_c698" xlink:to="s2md_c702" order="2" />
    <table:ruleNode xlink:type="resource" xlink:label="s2md_c705" id="s2md_c705">
      <formula:concept>
        <formula:qname>s2md_met:mi276</formula:qname>
      </formula:concept>
      <formula:explicitDimension dimension="s2c_dim:BL">
        <formula:member>
          <formula:qname>s2c_LB:x119</formula:qname>
        </formula:member>
      </formula:explicitDimension>
    </table:ruleNode>
    <table:definitionNodeSubtreeArc xlink:type="arc" xlink:arcrole="http://xbrl.org/arcrole/2014/definition-node-subtree" xlink:from="s2md_c698" xlink:to="s2md_c705" order="3" />
    <table:definitionNodeSubtreeArc xlink:type="arc" xlink:arcrole="http://xbrl.org/arcrole/2014/definition-node-subtree" xlink:from="s2md_c671" xlink:to="s2md_c698" order="10" />
    <table:ruleNode xlink:type="resource" xlink:label="s2md_c706" id="s2md_c706">
      <formula:concept>
        <formula:qname>s2md_met:mi278</formula:qname>
      </formula:concept>
      <formula:explicitDimension dimension="s2c_dim:TB">
        <formula:member>
          <formula:qname>s2c_LB:x109</formula:qname>
        </formula:member>
      </formula:explicitDimension>
    </table:ruleNode>
    <table:definitionNodeSubtreeArc xlink:type="arc" xlink:arcrole="http://xbrl.org/arcrole/2014/definition-node-subtree" xlink:from="s2md_c671" xlink:to="s2md_c706" order="11" />
    <table:ruleNode xlink:type="resource" xlink:label="s2md_c707" id="s2md_c707">
      <formula:concept>
        <formula:qname>s2md_met:mi267</formula:qname>
      </formula:concept>
    </table:ruleNode>
    <table:definitionNodeSubtreeArc xlink:type="arc" xlink:arcrole="http://xbrl.org/arcrole/2014/definition-node-subtree" xlink:from="s2md_c671" xlink:to="s2md_c707" order="12" />
    <table:ruleNode xlink:type="resource" xlink:label="s2md_c708" id="s2md_c708">
      <formula:concept>
        <formula:qname>s2md_met:mi268</formula:qname>
      </formula:concept>
    </table:ruleNode>
    <table:definitionNodeSubtreeArc xlink:type="arc" xlink:arcrole="http://xbrl.org/arcrole/2014/definition-node-subtree" xlink:from="s2md_c671" xlink:to="s2md_c708" order="13" />
    <table:ruleNode xlink:type="resource" xlink:label="s2md_c709" id="s2md_c709">
      <formula:concept>
        <formula:qname>s2md_met:mi269</formula:qname>
      </formula:concept>
    </table:ruleNode>
    <table:definitionNodeSubtreeArc xlink:type="arc" xlink:arcrole="http://xbrl.org/arcrole/2014/definition-node-subtree" xlink:from="s2md_c671" xlink:to="s2md_c709" order="14" />
    <table:ruleNode xlink:type="resource" xlink:label="s2md_c710" id="s2md_c710">
      <formula:concept>
        <formula:qname>s2md_met:mi279</formula:qname>
      </formula:concept>
    </table:ruleNode>
    <table:definitionNodeSubtreeArc xlink:type="arc" xlink:arcrole="http://xbrl.org/arcrole/2014/definition-node-subtree" xlink:from="s2md_c671" xlink:to="s2md_c710" order="15" />
    <table:ruleNode xlink:type="resource" xlink:label="s2md_c711" id="s2md_c711">
      <formula:concept>
        <formula:qname>s2md_met:mi225</formula:qname>
      </formula:concept>
    </table:ruleNode>
    <table:definitionNodeSubtreeArc xlink:type="arc" xlink:arcrole="http://xbrl.org/arcrole/2014/definition-node-subtree" xlink:from="s2md_c671" xlink:to="s2md_c711" order="16" />
    <table:ruleNode xlink:type="resource" xlink:label="s2md_c712" id="s2md_c712">
      <formula:concept>
        <formula:qname>s2md_met:mi239</formula:qname>
      </formula:concept>
    </table:ruleNode>
    <table:definitionNodeSubtreeArc xlink:type="arc" xlink:arcrole="http://xbrl.org/arcrole/2014/definition-node-subtree" xlink:from="s2md_c671" xlink:to="s2md_c712" order="17" />
    <table:ruleNode xlink:type="resource" xlink:label="s2md_c713" id="s2md_c713">
      <formula:concept>
        <formula:qname>s2md_met:mi2301</formula:qname>
      </formula:concept>
    </table:ruleNode>
    <table:definitionNodeSubtreeArc xlink:type="arc" xlink:arcrole="http://xbrl.org/arcrole/2014/definition-node-subtree" xlink:from="s2md_c671" xlink:to="s2md_c713" order="18" />
    <table:ruleNode xlink:type="resource" xlink:label="s2md_c714" id="s2md_c714">
      <formula:concept>
        <formula:qname>s2md_met:mi201</formula:qname>
      </formula:concept>
    </table:ruleNode>
    <table:definitionNodeSubtreeArc xlink:type="arc" xlink:arcrole="http://xbrl.org/arcrole/2014/definition-node-subtree" xlink:from="s2md_c671" xlink:to="s2md_c714" order="19" />
    <table:definitionNodeSubtreeArc xlink:type="arc" xlink:arcrole="http://xbrl.org/arcrole/2014/definition-node-subtree" xlink:from="s2md_a2.root" xlink:to="s2md_c671" order="1" />
    <table:ruleNode xlink:type="resource" xlink:label="s2md_c715" abstract="true" id="s2md_c715" />
    <table:ruleNode xlink:type="resource" xlink:label="s2md_c716" id="s2md_c716">
      <formula:concept>
        <formula:qname>s2md_met:mi363</formula:qname>
      </formula:concept>
      <formula:explicitDimension dimension="s2c_dim:BL">
        <formula:member>
          <formula:qname>s2c_LB:x79</formula:qname>
        </formula:member>
      </formula:explicitDimension>
    </table:ruleNode>
    <table:ruleNode xlink:type="resource" xlink:label="s2md_c717" id="s2md_c717">
      <formula:concept>
        <formula:qname>s2md_met:mi363</formula:qname>
      </formula:concept>
      <formula:explicitDimension dimension="s2c_dim:BL">
        <formula:member>
          <formula:qname>s2c_LB:x75</formula:qname>
        </formula:member>
      </formula:explicitDimension>
    </table:ruleNode>
    <table:ruleNode xlink:type="resource" xlink:label="s2md_c718" id="s2md_c718">
      <formula:concept>
        <formula:qname>s2md_met:mi363</formula:qname>
      </formula:concept>
      <formula:explicitDimension dimension="s2c_dim:VL">
        <formula:member>
          <formula:qname>s2c_VM:x8</formula:qname>
        </formula:member>
      </formula:explicitDimension>
    </table:ruleNode>
    <table:definitionNodeSubtreeArc xlink:type="arc" xlink:arcrole="http://xbrl.org/arcrole/2014/definition-node-subtree" xlink:from="s2md_c717" xlink:to="s2md_c718" order="1" />
    <table:ruleNode xlink:type="resource" xlink:label="s2md_c719" id="s2md_c719">
      <formula:concept>
        <formula:qname>s2md_met:mi363</formula:qname>
      </formula:concept>
      <formula:explicitDimension dimension="s2c_dim:VL">
        <formula:member>
          <formula:qname>s2c_VM:x5</formula:qname>
        </formula:member>
      </formula:explicitDimension>
    </table:ruleNode>
    <table:definitionNodeSubtreeArc xlink:type="arc" xlink:arcrole="http://xbrl.org/arcrole/2014/definition-node-subtree" xlink:from="s2md_c717" xlink:to="s2md_c719" order="2" />
    <table:ruleNode xlink:type="resource" xlink:label="s2md_c720" id="s2md_c720">
      <formula:concept>
        <formula:qname>s2md_met:mi363</formula:qname>
      </formula:concept>
      <formula:explicitDimension dimension="s2c_dim:VL">
        <formula:member>
          <formula:qname>s2c_VM:x47</formula:qname>
        </formula:member>
      </formula:explicitDimension>
    </table:ruleNode>
    <table:definitionNodeSubtreeArc xlink:type="arc" xlink:arcrole="http://xbrl.org/arcrole/2014/definition-node-subtree" xlink:from="s2md_c717" xlink:to="s2md_c720" order="3" />
    <table:definitionNodeSubtreeArc xlink:type="arc" xlink:arcrole="http://xbrl.org/arcrole/2014/definition-node-subtree" xlink:from="s2md_c716" xlink:to="s2md_c717" order="1" />
    <table:ruleNode xlink:type="resource" xlink:label="s2md_c721" id="s2md_c721">
      <formula:concept>
        <formula:qname>s2md_met:mi363</formula:qname>
      </formula:concept>
      <formula:explicitDimension dimension="s2c_dim:BL">
        <formula:member>
          <formula:qname>s2c_LB:x43</formula:qname>
        </formula:member>
      </formula:explicitDimension>
    </table:ruleNode>
    <table:ruleNode xlink:type="resource" xlink:label="s2md_c722" id="s2md_c722">
      <formula:concept>
        <formula:qname>s2md_met:mi363</formula:qname>
      </formula:concept>
      <formula:explicitDimension dimension="s2c_dim:VL">
        <formula:member>
          <formula:qname>s2c_VM:x8</formula:qname>
        </formula:member>
      </formula:explicitDimension>
    </table:ruleNode>
    <table:definitionNodeSubtreeArc xlink:type="arc" xlink:arcrole="http://xbrl.org/arcrole/2014/definition-node-subtree" xlink:from="s2md_c721" xlink:to="s2md_c722" order="1" />
    <table:ruleNode xlink:type="resource" xlink:label="s2md_c723" id="s2md_c723">
      <formula:concept>
        <formula:qname>s2md_met:mi363</formula:qname>
      </formula:concept>
      <formula:explicitDimension dimension="s2c_dim:VL">
        <formula:member>
          <formula:qname>s2c_VM:x5</formula:qname>
        </formula:member>
      </formula:explicitDimension>
    </table:ruleNode>
    <table:definitionNodeSubtreeArc xlink:type="arc" xlink:arcrole="http://xbrl.org/arcrole/2014/definition-node-subtree" xlink:from="s2md_c721" xlink:to="s2md_c723" order="2" />
    <table:ruleNode xlink:type="resource" xlink:label="s2md_c724" id="s2md_c724">
      <formula:concept>
        <formula:qname>s2md_met:mi363</formula:qname>
      </formula:concept>
      <formula:explicitDimension dimension="s2c_dim:VL">
        <formula:member>
          <formula:qname>s2c_VM:x47</formula:qname>
        </formula:member>
      </formula:explicitDimension>
    </table:ruleNode>
    <table:definitionNodeSubtreeArc xlink:type="arc" xlink:arcrole="http://xbrl.org/arcrole/2014/definition-node-subtree" xlink:from="s2md_c721" xlink:to="s2md_c724" order="3" />
    <table:definitionNodeSubtreeArc xlink:type="arc" xlink:arcrole="http://xbrl.org/arcrole/2014/definition-node-subtree" xlink:from="s2md_c716" xlink:to="s2md_c721" order="2" />
    <table:definitionNodeSubtreeArc xlink:type="arc" xlink:arcrole="http://xbrl.org/arcrole/2014/definition-node-subtree" xlink:from="s2md_c715" xlink:to="s2md_c716" order="1" />
    <table:ruleNode xlink:type="resource" xlink:label="s2md_c725" id="s2md_c725">
      <formula:concept>
        <formula:qname>s2md_met:mi363</formula:qname>
      </formula:concept>
      <formula:explicitDimension dimension="s2c_dim:BL">
        <formula:member>
          <formula:qname>s2c_LB:x176</formula:qname>
        </formula:member>
      </formula:explicitDimension>
    </table:ruleNode>
    <table:ruleNode xlink:type="resource" xlink:label="s2md_c726" id="s2md_c726">
      <formula:concept>
        <formula:qname>s2md_met:mi363</formula:qname>
      </formula:concept>
      <formula:explicitDimension dimension="s2c_dim:BL">
        <formula:member>
          <formula:qname>s2c_LB:x46</formula:qname>
        </formula:member>
      </formula:explicitDimension>
    </table:ruleNode>
    <table:ruleNode xlink:type="resource" xlink:label="s2md_c727" id="s2md_c727">
      <formula:concept>
        <formula:qname>s2md_met:mi363</formula:qname>
      </formula:concept>
      <formula:explicitDimension dimension="s2c_dim:VL">
        <formula:member>
          <formula:qname>s2c_VM:x8</formula:qname>
        </formula:member>
      </formula:explicitDimension>
    </table:ruleNode>
    <table:definitionNodeSubtreeArc xlink:type="arc" xlink:arcrole="http://xbrl.org/arcrole/2014/definition-node-subtree" xlink:from="s2md_c726" xlink:to="s2md_c727" order="1" />
    <table:ruleNode xlink:type="resource" xlink:label="s2md_c728" id="s2md_c728">
      <formula:concept>
        <formula:qname>s2md_met:mi363</formula:qname>
      </formula:concept>
      <formula:explicitDimension dimension="s2c_dim:VL">
        <formula:member>
          <formula:qname>s2c_VM:x5</formula:qname>
        </formula:member>
      </formula:explicitDimension>
    </table:ruleNode>
    <table:definitionNodeSubtreeArc xlink:type="arc" xlink:arcrole="http://xbrl.org/arcrole/2014/definition-node-subtree" xlink:from="s2md_c726" xlink:to="s2md_c728" order="2" />
    <table:ruleNode xlink:type="resource" xlink:label="s2md_c729" id="s2md_c729">
      <formula:concept>
        <formula:qname>s2md_met:mi363</formula:qname>
      </formula:concept>
      <formula:explicitDimension dimension="s2c_dim:VL">
        <formula:member>
          <formula:qname>s2c_VM:x47</formula:qname>
        </formula:member>
      </formula:explicitDimension>
    </table:ruleNode>
    <table:definitionNodeSubtreeArc xlink:type="arc" xlink:arcrole="http://xbrl.org/arcrole/2014/definition-node-subtree" xlink:from="s2md_c726" xlink:to="s2md_c729" order="3" />
    <table:definitionNodeSubtreeArc xlink:type="arc" xlink:arcrole="http://xbrl.org/arcrole/2014/definition-node-subtree" xlink:from="s2md_c725" xlink:to="s2md_c726" order="1" />
    <table:ruleNode xlink:type="resource" xlink:label="s2md_c730" id="s2md_c730">
      <formula:concept>
        <formula:qname>s2md_met:mi363</formula:qname>
      </formula:concept>
      <formula:explicitDimension dimension="s2c_dim:BL">
        <formula:member>
          <formula:qname>s2c_LB:x173</formula:qname>
        </formula:member>
      </formula:explicitDimension>
    </table:ruleNode>
    <table:ruleNode xlink:type="resource" xlink:label="s2md_c731" id="s2md_c731">
      <formula:concept>
        <formula:qname>s2md_met:mi363</formula:qname>
      </formula:concept>
      <formula:explicitDimension dimension="s2c_dim:VL">
        <formula:member>
          <formula:qname>s2c_VM:x8</formula:qname>
        </formula:member>
      </formula:explicitDimension>
    </table:ruleNode>
    <table:definitionNodeSubtreeArc xlink:type="arc" xlink:arcrole="http://xbrl.org/arcrole/2014/definition-node-subtree" xlink:from="s2md_c730" xlink:to="s2md_c731" order="1" />
    <table:ruleNode xlink:type="resource" xlink:label="s2md_c732" id="s2md_c732">
      <formula:concept>
        <formula:qname>s2md_met:mi363</formula:qname>
      </formula:concept>
      <formula:explicitDimension dimension="s2c_dim:VL">
        <formula:member>
          <formula:qname>s2c_VM:x5</formula:qname>
        </formula:member>
      </formula:explicitDimension>
    </table:ruleNode>
    <table:definitionNodeSubtreeArc xlink:type="arc" xlink:arcrole="http://xbrl.org/arcrole/2014/definition-node-subtree" xlink:from="s2md_c730" xlink:to="s2md_c732" order="2" />
    <table:ruleNode xlink:type="resource" xlink:label="s2md_c733" id="s2md_c733">
      <formula:concept>
        <formula:qname>s2md_met:mi363</formula:qname>
      </formula:concept>
      <formula:explicitDimension dimension="s2c_dim:VL">
        <formula:member>
          <formula:qname>s2c_VM:x47</formula:qname>
        </formula:member>
      </formula:explicitDimension>
    </table:ruleNode>
    <table:definitionNodeSubtreeArc xlink:type="arc" xlink:arcrole="http://xbrl.org/arcrole/2014/definition-node-subtree" xlink:from="s2md_c730" xlink:to="s2md_c733" order="3" />
    <table:definitionNodeSubtreeArc xlink:type="arc" xlink:arcrole="http://xbrl.org/arcrole/2014/definition-node-subtree" xlink:from="s2md_c725" xlink:to="s2md_c730" order="2" />
    <table:definitionNodeSubtreeArc xlink:type="arc" xlink:arcrole="http://xbrl.org/arcrole/2014/definition-node-subtree" xlink:from="s2md_c715" xlink:to="s2md_c725" order="2" />
    <table:ruleNode xlink:type="resource" xlink:label="s2md_c734" id="s2md_c734">
      <formula:concept>
        <formula:qname>s2md_met:mi363</formula:qname>
      </formula:concept>
      <formula:explicitDimension dimension="s2c_dim:BL">
        <formula:member>
          <formula:qname>s2c_LB:x119</formula:qname>
        </formula:member>
      </formula:explicitDimension>
    </table:ruleNode>
    <table:ruleNode xlink:type="resource" xlink:label="s2md_c735" id="s2md_c735">
      <formula:concept>
        <formula:qname>s2md_met:mi363</formula:qname>
      </formula:concept>
      <formula:explicitDimension dimension="s2c_dim:VL">
        <formula:member>
          <formula:qname>s2c_VM:x8</formula:qname>
        </formula:member>
      </formula:explicitDimension>
    </table:ruleNode>
    <table:definitionNodeSubtreeArc xlink:type="arc" xlink:arcrole="http://xbrl.org/arcrole/2014/definition-node-subtree" xlink:from="s2md_c734" xlink:to="s2md_c735" order="1" />
    <table:ruleNode xlink:type="resource" xlink:label="s2md_c736" id="s2md_c736">
      <formula:concept>
        <formula:qname>s2md_met:mi363</formula:qname>
      </formula:concept>
      <formula:explicitDimension dimension="s2c_dim:VL">
        <formula:member>
          <formula:qname>s2c_VM:x5</formula:qname>
        </formula:member>
      </formula:explicitDimension>
    </table:ruleNode>
    <table:definitionNodeSubtreeArc xlink:type="arc" xlink:arcrole="http://xbrl.org/arcrole/2014/definition-node-subtree" xlink:from="s2md_c734" xlink:to="s2md_c736" order="2" />
    <table:ruleNode xlink:type="resource" xlink:label="s2md_c737" id="s2md_c737">
      <formula:concept>
        <formula:qname>s2md_met:mi363</formula:qname>
      </formula:concept>
      <formula:explicitDimension dimension="s2c_dim:VL">
        <formula:member>
          <formula:qname>s2c_VM:x47</formula:qname>
        </formula:member>
      </formula:explicitDimension>
    </table:ruleNode>
    <table:definitionNodeSubtreeArc xlink:type="arc" xlink:arcrole="http://xbrl.org/arcrole/2014/definition-node-subtree" xlink:from="s2md_c734" xlink:to="s2md_c737" order="3" />
    <table:definitionNodeSubtreeArc xlink:type="arc" xlink:arcrole="http://xbrl.org/arcrole/2014/definition-node-subtree" xlink:from="s2md_c715" xlink:to="s2md_c734" order="3" />
    <table:ruleNode xlink:type="resource" xlink:label="s2md_c738" id="s2md_c738">
      <formula:concept>
        <formula:qname>s2md_met:mi362</formula:qname>
      </formula:concept>
    </table:ruleNode>
    <table:definitionNodeSubtreeArc xlink:type="arc" xlink:arcrole="http://xbrl.org/arcrole/2014/definition-node-subtree" xlink:from="s2md_c715" xlink:to="s2md_c738" order="4" />
    <table:ruleNode xlink:type="resource" xlink:label="s2md_c739" id="s2md_c739">
      <formula:concept>
        <formula:qname>s2md_met:mi355</formula:qname>
      </formula:concept>
    </table:ruleNode>
    <table:definitionNodeSubtreeArc xlink:type="arc" xlink:arcrole="http://xbrl.org/arcrole/2014/definition-node-subtree" xlink:from="s2md_c715" xlink:to="s2md_c739" order="5" />
    <table:ruleNode xlink:type="resource" xlink:label="s2md_c740" id="s2md_c740">
      <formula:concept>
        <formula:qname>s2md_met:mi372</formula:qname>
      </formula:concept>
    </table:ruleNode>
    <table:definitionNodeSubtreeArc xlink:type="arc" xlink:arcrole="http://xbrl.org/arcrole/2014/definition-node-subtree" xlink:from="s2md_c715" xlink:to="s2md_c740" order="6" />
    <table:ruleNode xlink:type="resource" xlink:label="s2md_c741" id="s2md_c741">
      <formula:concept>
        <formula:qname>s2md_met:mi369</formula:qname>
      </formula:concept>
    </table:ruleNode>
    <table:definitionNodeSubtreeArc xlink:type="arc" xlink:arcrole="http://xbrl.org/arcrole/2014/definition-node-subtree" xlink:from="s2md_c715" xlink:to="s2md_c741" order="7" />
    <table:ruleNode xlink:type="resource" xlink:label="s2md_c742" id="s2md_c742">
      <formula:concept>
        <formula:qname>s2md_met:mi377</formula:qname>
      </formula:concept>
    </table:ruleNode>
    <table:definitionNodeSubtreeArc xlink:type="arc" xlink:arcrole="http://xbrl.org/arcrole/2014/definition-node-subtree" xlink:from="s2md_c715" xlink:to="s2md_c742" order="8" />
    <table:ruleNode xlink:type="resource" xlink:label="s2md_c743" id="s2md_c743">
      <formula:concept>
        <formula:qname>s2md_met:mi359</formula:qname>
      </formula:concept>
    </table:ruleNode>
    <table:definitionNodeSubtreeArc xlink:type="arc" xlink:arcrole="http://xbrl.org/arcrole/2014/definition-node-subtree" xlink:from="s2md_c715" xlink:to="s2md_c743" order="9" />
    <table:ruleNode xlink:type="resource" xlink:label="s2md_c744" id="s2md_c744">
      <formula:concept>
        <formula:qname>s2md_met:mi360</formula:qname>
      </formula:concept>
    </table:ruleNode>
    <table:definitionNodeSubtreeArc xlink:type="arc" xlink:arcrole="http://xbrl.org/arcrole/2014/definition-node-subtree" xlink:from="s2md_c715" xlink:to="s2md_c744" order="10" />
    <table:ruleNode xlink:type="resource" xlink:label="s2md_c745" id="s2md_c745">
      <formula:concept>
        <formula:qname>s2md_met:mi357</formula:qname>
      </formula:concept>
    </table:ruleNode>
    <table:definitionNodeSubtreeArc xlink:type="arc" xlink:arcrole="http://xbrl.org/arcrole/2014/definition-node-subtree" xlink:from="s2md_c715" xlink:to="s2md_c745" order="11" />
    <table:ruleNode xlink:type="resource" xlink:label="s2md_c746" id="s2md_c746">
      <formula:concept>
        <formula:qname>s2md_met:mi358</formula:qname>
      </formula:concept>
    </table:ruleNode>
    <table:definitionNodeSubtreeArc xlink:type="arc" xlink:arcrole="http://xbrl.org/arcrole/2014/definition-node-subtree" xlink:from="s2md_c715" xlink:to="s2md_c746" order="12" />
    <table:ruleNode xlink:type="resource" xlink:label="s2md_c747" id="s2md_c747">
      <formula:concept>
        <formula:qname>s2md_met:mi373</formula:qname>
      </formula:concept>
    </table:ruleNode>
    <table:definitionNodeSubtreeArc xlink:type="arc" xlink:arcrole="http://xbrl.org/arcrole/2014/definition-node-subtree" xlink:from="s2md_c715" xlink:to="s2md_c747" order="13" />
    <table:ruleNode xlink:type="resource" xlink:label="s2md_c748" id="s2md_c748">
      <formula:concept>
        <formula:qname>s2md_met:mi374</formula:qname>
      </formula:concept>
    </table:ruleNode>
    <table:definitionNodeSubtreeArc xlink:type="arc" xlink:arcrole="http://xbrl.org/arcrole/2014/definition-node-subtree" xlink:from="s2md_c715" xlink:to="s2md_c748" order="14" />
    <table:ruleNode xlink:type="resource" xlink:label="s2md_c749" id="s2md_c749">
      <formula:concept>
        <formula:qname>s2md_met:mi375</formula:qname>
      </formula:concept>
    </table:ruleNode>
    <table:definitionNodeSubtreeArc xlink:type="arc" xlink:arcrole="http://xbrl.org/arcrole/2014/definition-node-subtree" xlink:from="s2md_c715" xlink:to="s2md_c749" order="15" />
    <table:ruleNode xlink:type="resource" xlink:label="s2md_c750" id="s2md_c750">
      <formula:concept>
        <formula:qname>s2md_met:mi378</formula:qname>
      </formula:concept>
    </table:ruleNode>
    <table:ruleNode xlink:type="resource" xlink:label="s2md_c751" id="s2md_c751">
      <formula:concept>
        <formula:qname>s2md_met:mi348</formula:qname>
      </formula:concept>
    </table:ruleNode>
    <table:definitionNodeSubtreeArc xlink:type="arc" xlink:arcrole="http://xbrl.org/arcrole/2014/definition-node-subtree" xlink:from="s2md_c750" xlink:to="s2md_c751" order="1" />
    <table:ruleNode xlink:type="resource" xlink:label="s2md_c752" id="s2md_c752">
      <formula:concept>
        <formula:qname>s2md_met:mi347</formula:qname>
      </formula:concept>
    </table:ruleNode>
    <table:definitionNodeSubtreeArc xlink:type="arc" xlink:arcrole="http://xbrl.org/arcrole/2014/definition-node-subtree" xlink:from="s2md_c750" xlink:to="s2md_c752" order="2" />
    <table:definitionNodeSubtreeArc xlink:type="arc" xlink:arcrole="http://xbrl.org/arcrole/2014/definition-node-subtree" xlink:from="s2md_c715" xlink:to="s2md_c750" order="16" />
    <table:ruleNode xlink:type="resource" xlink:label="s2md_c753" id="s2md_c753">
      <formula:concept>
        <formula:qname>s2md_met:mi367</formula:qname>
      </formula:concept>
    </table:ruleNode>
    <table:definitionNodeSubtreeArc xlink:type="arc" xlink:arcrole="http://xbrl.org/arcrole/2014/definition-node-subtree" xlink:from="s2md_c715" xlink:to="s2md_c753" order="17" />
    <table:ruleNode xlink:type="resource" xlink:label="s2md_c754" id="s2md_c754">
      <formula:concept>
        <formula:qname>s2md_met:mi346</formula:qname>
      </formula:concept>
    </table:ruleNode>
    <table:definitionNodeSubtreeArc xlink:type="arc" xlink:arcrole="http://xbrl.org/arcrole/2014/definition-node-subtree" xlink:from="s2md_c715" xlink:to="s2md_c754" order="18" />
    <table:definitionNodeSubtreeArc xlink:type="arc" xlink:arcrole="http://xbrl.org/arcrole/2014/definition-node-subtree" xlink:from="s2md_a2.root" xlink:to="s2md_c715" order="2" />
    <table:ruleNode xlink:type="resource" xlink:label="s2md_c755" id="s2md_c755">
      <formula:concept>
        <formula:qname>s2md_met:mi294</formula:qname>
      </formula:concept>
    </table:ruleNode>
    <table:definitionNodeSubtreeArc xlink:type="arc" xlink:arcrole="http://xbrl.org/arcrole/2014/definition-node-subtree" xlink:from="s2md_a2.root" xlink:to="s2md_c755" order="3" />
    <table:tableBreakdownArc xlink:type="arc" xlink:arcrole="http://xbrl.org/arcrole/2014/table-breakdown" xlink:from="s2md_tS.02.01.02.01" xlink:to="s2md_a2" axis="y" order="2" />
  </gen:link>
</link:linkbase>