<?xml version="1.0" encoding="UTF-8"?>
<!--(C) EIOPA - XBRL Solvency 2 Taxonomy-->
<?officialURI http://eiopa.europa.eu/eu/xbrl/s2md/fws/solvency/solvency2/2016-07-15/tab/s.01.02.07.03/s.01.02.07.03-def.xml?>
<?taxonomy-version 2.1.0?>
<?taxonomy-date 2016-07-15?>
<link:linkbase xmlns:xsi="http://www.w3.org/2001/XMLSchema-instance" xmlns:xlink="http://www.w3.org/1999/xlink" xmlns:link="http://www.xbrl.org/2003/linkbase" xmlns:xbrldt="http://xbrl.org/2005/xbrldt" xsi:schemaLocation="http://www.xbrl.org/2003/linkbase http://www.xbrl.org/2003/xbrl-linkbase-2003-12-31.xsd http://xbrl.org/2005/xbrldt http://www.xbrl.org/2005/xbrldt-2005.xsd">
  <link:arcroleRef arcroleURI="http://xbrl.org/int/dim/arcrole/all" xlink:type="simple" xlink:href="http://www.xbrl.org/2005/xbrldt-2005.xsd#all" />
  <link:arcroleRef arcroleURI="http://xbrl.org/int/dim/arcrole/dimension-domain" xlink:type="simple" xlink:href="http://www.xbrl.org/2005/xbrldt-2005.xsd#dimension-domain" />
  <link:arcroleRef arcroleURI="http://xbrl.org/int/dim/arcrole/domain-member" xlink:type="simple" xlink:href="http://www.xbrl.org/2005/xbrldt-2005.xsd#domain-member" />
  <link:arcroleRef arcroleURI="http://xbrl.org/int/dim/arcrole/hypercube-dimension" xlink:type="simple" xlink:href="http://www.xbrl.org/2005/xbrldt-2005.xsd#hypercube-dimension" />
  <link:roleRef roleURI="http://eiopa.europa.eu/xbrl/s2md/role/fws/solvency/solvency2/2016-07-15/tab/S.01.02.07.03/1" xlink:type="simple" xlink:href="s.01.02.07.03.xsd#role1" />
  <link:definitionLink xlink:type="extended" xlink:role="http://eiopa.europa.eu/xbrl/s2md/role/fws/solvency/solvency2/2016-07-15/tab/S.01.02.07.03/1">
    <link:loc xlink:type="locator" xlink:href="../../../../../../dict/met/met.xsd#s2md_si2131" xlink:label="loc_s2md_si2131" />
    <link:loc xlink:type="locator" xlink:href="http://www.eurofiling.info/eu/fr/xbrl/ext/model.xsd#hyp" xlink:label="loc_hyp" />
    <link:definitionArc xlink:type="arc" xlink:arcrole="http://xbrl.org/int/dim/arcrole/all" xlink:from="loc_s2md_si2131" xlink:to="loc_hyp" xbrldt:closed="true" xbrldt:contextElement="scenario" order="1" />
    <link:loc xlink:type="locator" xlink:href="../../../../../../../s2c/dict/dim/dim.xsd#s2c_LG" xlink:label="loc_s2c_LG" />
    <link:definitionArc xlink:type="arc" xlink:arcrole="http://xbrl.org/int/dim/arcrole/hypercube-dimension" xlink:from="loc_hyp" xlink:to="loc_s2c_LG" order="1" />
    <link:loc xlink:type="locator" xlink:href="../../../../../../../s2c/dict/dom/exp.xsd#s2c_GA" xlink:label="loc_s2c_GA" />
    <link:definitionArc xlink:type="arc" xlink:arcrole="http://xbrl.org/int/dim/arcrole/dimension-domain" xlink:from="loc_s2c_LG" xlink:to="loc_s2c_GA" xbrldt:usable="false" order="1" />
    <link:loc xlink:type="locator" xlink:href="../../../../../../../s2c/dict/dom/ga/mem.xsd#s2c_AF" xlink:label="loc_s2c_AF" />
    <link:definitionArc xlink:type="arc" xlink:arcrole="http://xbrl.org/int/dim/arcrole/domain-member" xlink:from="loc_s2c_GA" xlink:to="loc_s2c_AF" order="1" />
    <link:loc xlink:type="locator" xlink:href="../../../../../../../s2c/dict/dom/ga/mem.xsd#s2c_AX" xlink:label="loc_s2c_AX" />
    <link:definitionArc xlink:type="arc" xlink:arcrole="http://xbrl.org/int/dim/arcrole/domain-member" xlink:from="loc_s2c_GA" xlink:to="loc_s2c_AX" order="2" />
    <link:loc xlink:type="locator" xlink:href="../../../../../../../s2c/dict/dom/ga/mem.xsd#s2c_AL" xlink:label="loc_s2c_AL" />
    <link:definitionArc xlink:type="arc" xlink:arcrole="http://xbrl.org/int/dim/arcrole/domain-member" xlink:from="loc_s2c_GA" xlink:to="loc_s2c_AL" order="3" />
    <link:loc xlink:type="locator" xlink:href="../../../../../../../s2c/dict/dom/ga/mem.xsd#s2c_DZ" xlink:label="loc_s2c_DZ" />
    <link:definitionArc xlink:type="arc" xlink:arcrole="http://xbrl.org/int/dim/arcrole/domain-member" xlink:from="loc_s2c_GA" xlink:to="loc_s2c_DZ" order="4" />
    <link:loc xlink:type="locator" xlink:href="../../../../../../../s2c/dict/dom/ga/mem.xsd#s2c_AS" xlink:label="loc_s2c_AS" />
    <link:definitionArc xlink:type="arc" xlink:arcrole="http://xbrl.org/int/dim/arcrole/domain-member" xlink:from="loc_s2c_GA" xlink:to="loc_s2c_AS" order="5" />
    <link:loc xlink:type="locator" xlink:href="../../../../../../../s2c/dict/dom/ga/mem.xsd#s2c_AD" xlink:label="loc_s2c_AD" />
    <link:definitionArc xlink:type="arc" xlink:arcrole="http://xbrl.org/int/dim/arcrole/domain-member" xlink:from="loc_s2c_GA" xlink:to="loc_s2c_AD" order="6" />
    <link:loc xlink:type="locator" xlink:href="../../../../../../../s2c/dict/dom/ga/mem.xsd#s2c_AO" xlink:label="loc_s2c_AO" />
    <link:definitionArc xlink:type="arc" xlink:arcrole="http://xbrl.org/int/dim/arcrole/domain-member" xlink:from="loc_s2c_GA" xlink:to="loc_s2c_AO" order="7" />
    <link:loc xlink:type="locator" xlink:href="../../../../../../../s2c/dict/dom/ga/mem.xsd#s2c_AI" xlink:label="loc_s2c_AI" />
    <link:definitionArc xlink:type="arc" xlink:arcrole="http://xbrl.org/int/dim/arcrole/domain-member" xlink:from="loc_s2c_GA" xlink:to="loc_s2c_AI" order="8" />
    <link:loc xlink:type="locator" xlink:href="../../../../../../../s2c/dict/dom/ga/mem.xsd#s2c_AQ" xlink:label="loc_s2c_AQ" />
    <link:definitionArc xlink:type="arc" xlink:arcrole="http://xbrl.org/int/dim/arcrole/domain-member" xlink:from="loc_s2c_GA" xlink:to="loc_s2c_AQ" order="9" />
    <link:loc xlink:type="locator" xlink:href="../../../../../../../s2c/dict/dom/ga/mem.xsd#s2c_AG" xlink:label="loc_s2c_AG" />
    <link:definitionArc xlink:type="arc" xlink:arcrole="http://xbrl.org/int/dim/arcrole/domain-member" xlink:from="loc_s2c_GA" xlink:to="loc_s2c_AG" order="10" />
    <link:loc xlink:type="locator" xlink:href="../../../../../../../s2c/dict/dom/ga/mem.xsd#s2c_AR" xlink:label="loc_s2c_AR" />
    <link:definitionArc xlink:type="arc" xlink:arcrole="http://xbrl.org/int/dim/arcrole/domain-member" xlink:from="loc_s2c_GA" xlink:to="loc_s2c_AR" order="11" />
    <link:loc xlink:type="locator" xlink:href="../../../../../../../s2c/dict/dom/ga/mem.xsd#s2c_AM" xlink:label="loc_s2c_AM" />
    <link:definitionArc xlink:type="arc" xlink:arcrole="http://xbrl.org/int/dim/arcrole/domain-member" xlink:from="loc_s2c_GA" xlink:to="loc_s2c_AM" order="12" />
    <link:loc xlink:type="locator" xlink:href="../../../../../../../s2c/dict/dom/ga/mem.xsd#s2c_AW" xlink:label="loc_s2c_AW" />
    <link:definitionArc xlink:type="arc" xlink:arcrole="http://xbrl.org/int/dim/arcrole/domain-member" xlink:from="loc_s2c_GA" xlink:to="loc_s2c_AW" order="13" />
    <link:loc xlink:type="locator" xlink:href="../../../../../../../s2c/dict/dom/ga/mem.xsd#s2c_AU" xlink:label="loc_s2c_AU" />
    <link:definitionArc xlink:type="arc" xlink:arcrole="http://xbrl.org/int/dim/arcrole/domain-member" xlink:from="loc_s2c_GA" xlink:to="loc_s2c_AU" order="14" />
    <link:loc xlink:type="locator" xlink:href="../../../../../../../s2c/dict/dom/ga/mem.xsd#s2c_AT" xlink:label="loc_s2c_AT" />
    <link:definitionArc xlink:type="arc" xlink:arcrole="http://xbrl.org/int/dim/arcrole/domain-member" xlink:from="loc_s2c_GA" xlink:to="loc_s2c_AT" order="15" />
    <link:loc xlink:type="locator" xlink:href="../../../../../../../s2c/dict/dom/ga/mem.xsd#s2c_AZ" xlink:label="loc_s2c_AZ" />
    <link:definitionArc xlink:type="arc" xlink:arcrole="http://xbrl.org/int/dim/arcrole/domain-member" xlink:from="loc_s2c_GA" xlink:to="loc_s2c_AZ" order="16" />
    <link:loc xlink:type="locator" xlink:href="../../../../../../../s2c/dict/dom/ga/mem.xsd#s2c_BS" xlink:label="loc_s2c_BS" />
    <link:definitionArc xlink:type="arc" xlink:arcrole="http://xbrl.org/int/dim/arcrole/domain-member" xlink:from="loc_s2c_GA" xlink:to="loc_s2c_BS" order="17" />
    <link:loc xlink:type="locator" xlink:href="../../../../../../../s2c/dict/dom/ga/mem.xsd#s2c_BH" xlink:label="loc_s2c_BH" />
    <link:definitionArc xlink:type="arc" xlink:arcrole="http://xbrl.org/int/dim/arcrole/domain-member" xlink:from="loc_s2c_GA" xlink:to="loc_s2c_BH" order="18" />
    <link:loc xlink:type="locator" xlink:href="../../../../../../../s2c/dict/dom/ga/mem.xsd#s2c_BD" xlink:label="loc_s2c_BD" />
    <link:definitionArc xlink:type="arc" xlink:arcrole="http://xbrl.org/int/dim/arcrole/domain-member" xlink:from="loc_s2c_GA" xlink:to="loc_s2c_BD" order="19" />
    <link:loc xlink:type="locator" xlink:href="../../../../../../../s2c/dict/dom/ga/mem.xsd#s2c_BB" xlink:label="loc_s2c_BB" />
    <link:definitionArc xlink:type="arc" xlink:arcrole="http://xbrl.org/int/dim/arcrole/domain-member" xlink:from="loc_s2c_GA" xlink:to="loc_s2c_BB" order="20" />
    <link:loc xlink:type="locator" xlink:href="../../../../../../../s2c/dict/dom/ga/mem.xsd#s2c_BY" xlink:label="loc_s2c_BY" />
    <link:definitionArc xlink:type="arc" xlink:arcrole="http://xbrl.org/int/dim/arcrole/domain-member" xlink:from="loc_s2c_GA" xlink:to="loc_s2c_BY" order="21" />
    <link:loc xlink:type="locator" xlink:href="../../../../../../../s2c/dict/dom/ga/mem.xsd#s2c_BE" xlink:label="loc_s2c_BE" />
    <link:definitionArc xlink:type="arc" xlink:arcrole="http://xbrl.org/int/dim/arcrole/domain-member" xlink:from="loc_s2c_GA" xlink:to="loc_s2c_BE" order="22" />
    <link:loc xlink:type="locator" xlink:href="../../../../../../../s2c/dict/dom/ga/mem.xsd#s2c_BZ" xlink:label="loc_s2c_BZ" />
    <link:definitionArc xlink:type="arc" xlink:arcrole="http://xbrl.org/int/dim/arcrole/domain-member" xlink:from="loc_s2c_GA" xlink:to="loc_s2c_BZ" order="23" />
    <link:loc xlink:type="locator" xlink:href="../../../../../../../s2c/dict/dom/ga/mem.xsd#s2c_BJ" xlink:label="loc_s2c_BJ" />
    <link:definitionArc xlink:type="arc" xlink:arcrole="http://xbrl.org/int/dim/arcrole/domain-member" xlink:from="loc_s2c_GA" xlink:to="loc_s2c_BJ" order="24" />
    <link:loc xlink:type="locator" xlink:href="../../../../../../../s2c/dict/dom/ga/mem.xsd#s2c_BM" xlink:label="loc_s2c_BM" />
    <link:definitionArc xlink:type="arc" xlink:arcrole="http://xbrl.org/int/dim/arcrole/domain-member" xlink:from="loc_s2c_GA" xlink:to="loc_s2c_BM" order="25" />
    <link:loc xlink:type="locator" xlink:href="../../../../../../../s2c/dict/dom/ga/mem.xsd#s2c_BT" xlink:label="loc_s2c_BT" />
    <link:definitionArc xlink:type="arc" xlink:arcrole="http://xbrl.org/int/dim/arcrole/domain-member" xlink:from="loc_s2c_GA" xlink:to="loc_s2c_BT" order="26" />
    <link:loc xlink:type="locator" xlink:href="../../../../../../../s2c/dict/dom/ga/mem.xsd#s2c_BO" xlink:label="loc_s2c_BO" />
    <link:definitionArc xlink:type="arc" xlink:arcrole="http://xbrl.org/int/dim/arcrole/domain-member" xlink:from="loc_s2c_GA" xlink:to="loc_s2c_BO" order="27" />
    <link:loc xlink:type="locator" xlink:href="../../../../../../../s2c/dict/dom/ga/mem.xsd#s2c_BQ" xlink:label="loc_s2c_BQ" />
    <link:definitionArc xlink:type="arc" xlink:arcrole="http://xbrl.org/int/dim/arcrole/domain-member" xlink:from="loc_s2c_GA" xlink:to="loc_s2c_BQ" order="28" />
    <link:loc xlink:type="locator" xlink:href="../../../../../../../s2c/dict/dom/ga/mem.xsd#s2c_BA" xlink:label="loc_s2c_BA" />
    <link:definitionArc xlink:type="arc" xlink:arcrole="http://xbrl.org/int/dim/arcrole/domain-member" xlink:from="loc_s2c_GA" xlink:to="loc_s2c_BA" order="29" />
    <link:loc xlink:type="locator" xlink:href="../../../../../../../s2c/dict/dom/ga/mem.xsd#s2c_BW" xlink:label="loc_s2c_BW" />
    <link:definitionArc xlink:type="arc" xlink:arcrole="http://xbrl.org/int/dim/arcrole/domain-member" xlink:from="loc_s2c_GA" xlink:to="loc_s2c_BW" order="30" />
    <link:loc xlink:type="locator" xlink:href="../../../../../../../s2c/dict/dom/ga/mem.xsd#s2c_BV" xlink:label="loc_s2c_BV" />
    <link:definitionArc xlink:type="arc" xlink:arcrole="http://xbrl.org/int/dim/arcrole/domain-member" xlink:from="loc_s2c_GA" xlink:to="loc_s2c_BV" order="31" />
    <link:loc xlink:type="locator" xlink:href="../../../../../../../s2c/dict/dom/ga/mem.xsd#s2c_BR" xlink:label="loc_s2c_BR" />
    <link:definitionArc xlink:type="arc" xlink:arcrole="http://xbrl.org/int/dim/arcrole/domain-member" xlink:from="loc_s2c_GA" xlink:to="loc_s2c_BR" order="32" />
    <link:loc xlink:type="locator" xlink:href="../../../../../../../s2c/dict/dom/ga/mem.xsd#s2c_IO" xlink:label="loc_s2c_IO" />
    <link:definitionArc xlink:type="arc" xlink:arcrole="http://xbrl.org/int/dim/arcrole/domain-member" xlink:from="loc_s2c_GA" xlink:to="loc_s2c_IO" order="33" />
    <link:loc xlink:type="locator" xlink:href="../../../../../../../s2c/dict/dom/ga/mem.xsd#s2c_BN" xlink:label="loc_s2c_BN" />
    <link:definitionArc xlink:type="arc" xlink:arcrole="http://xbrl.org/int/dim/arcrole/domain-member" xlink:from="loc_s2c_GA" xlink:to="loc_s2c_BN" order="34" />
    <link:loc xlink:type="locator" xlink:href="../../../../../../../s2c/dict/dom/ga/mem.xsd#s2c_BG" xlink:label="loc_s2c_BG" />
    <link:definitionArc xlink:type="arc" xlink:arcrole="http://xbrl.org/int/dim/arcrole/domain-member" xlink:from="loc_s2c_GA" xlink:to="loc_s2c_BG" order="35" />
    <link:loc xlink:type="locator" xlink:href="../../../../../../../s2c/dict/dom/ga/mem.xsd#s2c_BF" xlink:label="loc_s2c_BF" />
    <link:definitionArc xlink:type="arc" xlink:arcrole="http://xbrl.org/int/dim/arcrole/domain-member" xlink:from="loc_s2c_GA" xlink:to="loc_s2c_BF" order="36" />
    <link:loc xlink:type="locator" xlink:href="../../../../../../../s2c/dict/dom/ga/mem.xsd#s2c_BI" xlink:label="loc_s2c_BI" />
    <link:definitionArc xlink:type="arc" xlink:arcrole="http://xbrl.org/int/dim/arcrole/domain-member" xlink:from="loc_s2c_GA" xlink:to="loc_s2c_BI" order="37" />
    <link:loc xlink:type="locator" xlink:href="../../../../../../../s2c/dict/dom/ga/mem.xsd#s2c_KH" xlink:label="loc_s2c_KH" />
    <link:definitionArc xlink:type="arc" xlink:arcrole="http://xbrl.org/int/dim/arcrole/domain-member" xlink:from="loc_s2c_GA" xlink:to="loc_s2c_KH" order="38" />
    <link:loc xlink:type="locator" xlink:href="../../../../../../../s2c/dict/dom/ga/mem.xsd#s2c_CM" xlink:label="loc_s2c_CM" />
    <link:definitionArc xlink:type="arc" xlink:arcrole="http://xbrl.org/int/dim/arcrole/domain-member" xlink:from="loc_s2c_GA" xlink:to="loc_s2c_CM" order="39" />
    <link:loc xlink:type="locator" xlink:href="../../../../../../../s2c/dict/dom/ga/mem.xsd#s2c_CA" xlink:label="loc_s2c_CA" />
    <link:definitionArc xlink:type="arc" xlink:arcrole="http://xbrl.org/int/dim/arcrole/domain-member" xlink:from="loc_s2c_GA" xlink:to="loc_s2c_CA" order="40" />
    <link:loc xlink:type="locator" xlink:href="../../../../../../../s2c/dict/dom/ga/mem.xsd#s2c_CV" xlink:label="loc_s2c_CV" />
    <link:definitionArc xlink:type="arc" xlink:arcrole="http://xbrl.org/int/dim/arcrole/domain-member" xlink:from="loc_s2c_GA" xlink:to="loc_s2c_CV" order="41" />
    <link:loc xlink:type="locator" xlink:href="../../../../../../../s2c/dict/dom/ga/mem.xsd#s2c_KY" xlink:label="loc_s2c_KY" />
    <link:definitionArc xlink:type="arc" xlink:arcrole="http://xbrl.org/int/dim/arcrole/domain-member" xlink:from="loc_s2c_GA" xlink:to="loc_s2c_KY" order="42" />
    <link:loc xlink:type="locator" xlink:href="../../../../../../../s2c/dict/dom/ga/mem.xsd#s2c_CF" xlink:label="loc_s2c_CF" />
    <link:definitionArc xlink:type="arc" xlink:arcrole="http://xbrl.org/int/dim/arcrole/domain-member" xlink:from="loc_s2c_GA" xlink:to="loc_s2c_CF" order="43" />
    <link:loc xlink:type="locator" xlink:href="../../../../../../../s2c/dict/dom/ga/mem.xsd#s2c_TD" xlink:label="loc_s2c_TD" />
    <link:definitionArc xlink:type="arc" xlink:arcrole="http://xbrl.org/int/dim/arcrole/domain-member" xlink:from="loc_s2c_GA" xlink:to="loc_s2c_TD" order="44" />
    <link:loc xlink:type="locator" xlink:href="../../../../../../../s2c/dict/dom/ga/mem.xsd#s2c_CL" xlink:label="loc_s2c_CL" />
    <link:definitionArc xlink:type="arc" xlink:arcrole="http://xbrl.org/int/dim/arcrole/domain-member" xlink:from="loc_s2c_GA" xlink:to="loc_s2c_CL" order="45" />
    <link:loc xlink:type="locator" xlink:href="../../../../../../../s2c/dict/dom/ga/mem.xsd#s2c_CN" xlink:label="loc_s2c_CN" />
    <link:definitionArc xlink:type="arc" xlink:arcrole="http://xbrl.org/int/dim/arcrole/domain-member" xlink:from="loc_s2c_GA" xlink:to="loc_s2c_CN" order="46" />
    <link:loc xlink:type="locator" xlink:href="../../../../../../../s2c/dict/dom/ga/mem.xsd#s2c_CX" xlink:label="loc_s2c_CX" />
    <link:definitionArc xlink:type="arc" xlink:arcrole="http://xbrl.org/int/dim/arcrole/domain-member" xlink:from="loc_s2c_GA" xlink:to="loc_s2c_CX" order="47" />
    <link:loc xlink:type="locator" xlink:href="../../../../../../../s2c/dict/dom/ga/mem.xsd#s2c_CC" xlink:label="loc_s2c_CC" />
    <link:definitionArc xlink:type="arc" xlink:arcrole="http://xbrl.org/int/dim/arcrole/domain-member" xlink:from="loc_s2c_GA" xlink:to="loc_s2c_CC" order="48" />
    <link:loc xlink:type="locator" xlink:href="../../../../../../../s2c/dict/dom/ga/mem.xsd#s2c_CO" xlink:label="loc_s2c_CO" />
    <link:definitionArc xlink:type="arc" xlink:arcrole="http://xbrl.org/int/dim/arcrole/domain-member" xlink:from="loc_s2c_GA" xlink:to="loc_s2c_CO" order="49" />
    <link:loc xlink:type="locator" xlink:href="../../../../../../../s2c/dict/dom/ga/mem.xsd#s2c_KM" xlink:label="loc_s2c_KM" />
    <link:definitionArc xlink:type="arc" xlink:arcrole="http://xbrl.org/int/dim/arcrole/domain-member" xlink:from="loc_s2c_GA" xlink:to="loc_s2c_KM" order="50" />
    <link:loc xlink:type="locator" xlink:href="../../../../../../../s2c/dict/dom/ga/mem.xsd#s2c_CG" xlink:label="loc_s2c_CG" />
    <link:definitionArc xlink:type="arc" xlink:arcrole="http://xbrl.org/int/dim/arcrole/domain-member" xlink:from="loc_s2c_GA" xlink:to="loc_s2c_CG" order="51" />
    <link:loc xlink:type="locator" xlink:href="../../../../../../../s2c/dict/dom/ga/mem.xsd#s2c_CD" xlink:label="loc_s2c_CD" />
    <link:definitionArc xlink:type="arc" xlink:arcrole="http://xbrl.org/int/dim/arcrole/domain-member" xlink:from="loc_s2c_GA" xlink:to="loc_s2c_CD" order="52" />
    <link:loc xlink:type="locator" xlink:href="../../../../../../../s2c/dict/dom/ga/mem.xsd#s2c_CK" xlink:label="loc_s2c_CK" />
    <link:definitionArc xlink:type="arc" xlink:arcrole="http://xbrl.org/int/dim/arcrole/domain-member" xlink:from="loc_s2c_GA" xlink:to="loc_s2c_CK" order="53" />
    <link:loc xlink:type="locator" xlink:href="../../../../../../../s2c/dict/dom/ga/mem.xsd#s2c_CR" xlink:label="loc_s2c_CR" />
    <link:definitionArc xlink:type="arc" xlink:arcrole="http://xbrl.org/int/dim/arcrole/domain-member" xlink:from="loc_s2c_GA" xlink:to="loc_s2c_CR" order="54" />
    <link:loc xlink:type="locator" xlink:href="../../../../../../../s2c/dict/dom/ga/mem.xsd#s2c_CI" xlink:label="loc_s2c_CI" />
    <link:definitionArc xlink:type="arc" xlink:arcrole="http://xbrl.org/int/dim/arcrole/domain-member" xlink:from="loc_s2c_GA" xlink:to="loc_s2c_CI" order="55" />
    <link:loc xlink:type="locator" xlink:href="../../../../../../../s2c/dict/dom/ga/mem.xsd#s2c_HR" xlink:label="loc_s2c_HR" />
    <link:definitionArc xlink:type="arc" xlink:arcrole="http://xbrl.org/int/dim/arcrole/domain-member" xlink:from="loc_s2c_GA" xlink:to="loc_s2c_HR" order="56" />
    <link:loc xlink:type="locator" xlink:href="../../../../../../../s2c/dict/dom/ga/mem.xsd#s2c_CU" xlink:label="loc_s2c_CU" />
    <link:definitionArc xlink:type="arc" xlink:arcrole="http://xbrl.org/int/dim/arcrole/domain-member" xlink:from="loc_s2c_GA" xlink:to="loc_s2c_CU" order="57" />
    <link:loc xlink:type="locator" xlink:href="../../../../../../../s2c/dict/dom/ga/mem.xsd#s2c_CW" xlink:label="loc_s2c_CW" />
    <link:definitionArc xlink:type="arc" xlink:arcrole="http://xbrl.org/int/dim/arcrole/domain-member" xlink:from="loc_s2c_GA" xlink:to="loc_s2c_CW" order="58" />
    <link:loc xlink:type="locator" xlink:href="../../../../../../../s2c/dict/dom/ga/mem.xsd#s2c_CY" xlink:label="loc_s2c_CY" />
    <link:definitionArc xlink:type="arc" xlink:arcrole="http://xbrl.org/int/dim/arcrole/domain-member" xlink:from="loc_s2c_GA" xlink:to="loc_s2c_CY" order="59" />
    <link:loc xlink:type="locator" xlink:href="../../../../../../../s2c/dict/dom/ga/mem.xsd#s2c_CZ" xlink:label="loc_s2c_CZ" />
    <link:definitionArc xlink:type="arc" xlink:arcrole="http://xbrl.org/int/dim/arcrole/domain-member" xlink:from="loc_s2c_GA" xlink:to="loc_s2c_CZ" order="60" />
    <link:loc xlink:type="locator" xlink:href="../../../../../../../s2c/dict/dom/ga/mem.xsd#s2c_DK" xlink:label="loc_s2c_DK" />
    <link:definitionArc xlink:type="arc" xlink:arcrole="http://xbrl.org/int/dim/arcrole/domain-member" xlink:from="loc_s2c_GA" xlink:to="loc_s2c_DK" order="61" />
    <link:loc xlink:type="locator" xlink:href="../../../../../../../s2c/dict/dom/ga/mem.xsd#s2c_DJ" xlink:label="loc_s2c_DJ" />
    <link:definitionArc xlink:type="arc" xlink:arcrole="http://xbrl.org/int/dim/arcrole/domain-member" xlink:from="loc_s2c_GA" xlink:to="loc_s2c_DJ" order="62" />
    <link:loc xlink:type="locator" xlink:href="../../../../../../../s2c/dict/dom/ga/mem.xsd#s2c_DM" xlink:label="loc_s2c_DM" />
    <link:definitionArc xlink:type="arc" xlink:arcrole="http://xbrl.org/int/dim/arcrole/domain-member" xlink:from="loc_s2c_GA" xlink:to="loc_s2c_DM" order="63" />
    <link:loc xlink:type="locator" xlink:href="../../../../../../../s2c/dict/dom/ga/mem.xsd#s2c_DO" xlink:label="loc_s2c_DO" />
    <link:definitionArc xlink:type="arc" xlink:arcrole="http://xbrl.org/int/dim/arcrole/domain-member" xlink:from="loc_s2c_GA" xlink:to="loc_s2c_DO" order="64" />
    <link:loc xlink:type="locator" xlink:href="../../../../../../../s2c/dict/dom/ga/mem.xsd#s2c_EC" xlink:label="loc_s2c_EC" />
    <link:definitionArc xlink:type="arc" xlink:arcrole="http://xbrl.org/int/dim/arcrole/domain-member" xlink:from="loc_s2c_GA" xlink:to="loc_s2c_EC" order="65" />
    <link:loc xlink:type="locator" xlink:href="../../../../../../../s2c/dict/dom/ga/mem.xsd#s2c_EG" xlink:label="loc_s2c_EG" />
    <link:definitionArc xlink:type="arc" xlink:arcrole="http://xbrl.org/int/dim/arcrole/domain-member" xlink:from="loc_s2c_GA" xlink:to="loc_s2c_EG" order="66" />
    <link:loc xlink:type="locator" xlink:href="../../../../../../../s2c/dict/dom/ga/mem.xsd#s2c_SV" xlink:label="loc_s2c_SV" />
    <link:definitionArc xlink:type="arc" xlink:arcrole="http://xbrl.org/int/dim/arcrole/domain-member" xlink:from="loc_s2c_GA" xlink:to="loc_s2c_SV" order="67" />
    <link:loc xlink:type="locator" xlink:href="../../../../../../../s2c/dict/dom/ga/mem.xsd#s2c_GQ" xlink:label="loc_s2c_GQ" />
    <link:definitionArc xlink:type="arc" xlink:arcrole="http://xbrl.org/int/dim/arcrole/domain-member" xlink:from="loc_s2c_GA" xlink:to="loc_s2c_GQ" order="68" />
    <link:loc xlink:type="locator" xlink:href="../../../../../../../s2c/dict/dom/ga/mem.xsd#s2c_ER" xlink:label="loc_s2c_ER" />
    <link:definitionArc xlink:type="arc" xlink:arcrole="http://xbrl.org/int/dim/arcrole/domain-member" xlink:from="loc_s2c_GA" xlink:to="loc_s2c_ER" order="69" />
    <link:loc xlink:type="locator" xlink:href="../../../../../../../s2c/dict/dom/ga/mem.xsd#s2c_EE" xlink:label="loc_s2c_EE" />
    <link:definitionArc xlink:type="arc" xlink:arcrole="http://xbrl.org/int/dim/arcrole/domain-member" xlink:from="loc_s2c_GA" xlink:to="loc_s2c_EE" order="70" />
    <link:loc xlink:type="locator" xlink:href="../../../../../../../s2c/dict/dom/ga/mem.xsd#s2c_ET" xlink:label="loc_s2c_ET" />
    <link:definitionArc xlink:type="arc" xlink:arcrole="http://xbrl.org/int/dim/arcrole/domain-member" xlink:from="loc_s2c_GA" xlink:to="loc_s2c_ET" order="71" />
    <link:loc xlink:type="locator" xlink:href="../../../../../../../s2c/dict/dom/ga/mem.xsd#s2c_FK" xlink:label="loc_s2c_FK" />
    <link:definitionArc xlink:type="arc" xlink:arcrole="http://xbrl.org/int/dim/arcrole/domain-member" xlink:from="loc_s2c_GA" xlink:to="loc_s2c_FK" order="72" />
    <link:loc xlink:type="locator" xlink:href="../../../../../../../s2c/dict/dom/ga/mem.xsd#s2c_FO" xlink:label="loc_s2c_FO" />
    <link:definitionArc xlink:type="arc" xlink:arcrole="http://xbrl.org/int/dim/arcrole/domain-member" xlink:from="loc_s2c_GA" xlink:to="loc_s2c_FO" order="73" />
    <link:loc xlink:type="locator" xlink:href="../../../../../../../s2c/dict/dom/ga/mem.xsd#s2c_FJ" xlink:label="loc_s2c_FJ" />
    <link:definitionArc xlink:type="arc" xlink:arcrole="http://xbrl.org/int/dim/arcrole/domain-member" xlink:from="loc_s2c_GA" xlink:to="loc_s2c_FJ" order="74" />
    <link:loc xlink:type="locator" xlink:href="../../../../../../../s2c/dict/dom/ga/mem.xsd#s2c_FI" xlink:label="loc_s2c_FI" />
    <link:definitionArc xlink:type="arc" xlink:arcrole="http://xbrl.org/int/dim/arcrole/domain-member" xlink:from="loc_s2c_GA" xlink:to="loc_s2c_FI" order="75" />
    <link:loc xlink:type="locator" xlink:href="../../../../../../../s2c/dict/dom/ga/mem.xsd#s2c_FR" xlink:label="loc_s2c_FR" />
    <link:definitionArc xlink:type="arc" xlink:arcrole="http://xbrl.org/int/dim/arcrole/domain-member" xlink:from="loc_s2c_GA" xlink:to="loc_s2c_FR" order="76" />
    <link:loc xlink:type="locator" xlink:href="../../../../../../../s2c/dict/dom/ga/mem.xsd#s2c_GF" xlink:label="loc_s2c_GF" />
    <link:definitionArc xlink:type="arc" xlink:arcrole="http://xbrl.org/int/dim/arcrole/domain-member" xlink:from="loc_s2c_GA" xlink:to="loc_s2c_GF" order="77" />
    <link:loc xlink:type="locator" xlink:href="../../../../../../../s2c/dict/dom/ga/mem.xsd#s2c_PF" xlink:label="loc_s2c_PF" />
    <link:definitionArc xlink:type="arc" xlink:arcrole="http://xbrl.org/int/dim/arcrole/domain-member" xlink:from="loc_s2c_GA" xlink:to="loc_s2c_PF" order="78" />
    <link:loc xlink:type="locator" xlink:href="../../../../../../../s2c/dict/dom/ga/mem.xsd#s2c_TF" xlink:label="loc_s2c_TF" />
    <link:definitionArc xlink:type="arc" xlink:arcrole="http://xbrl.org/int/dim/arcrole/domain-member" xlink:from="loc_s2c_GA" xlink:to="loc_s2c_TF" order="79" />
    <link:loc xlink:type="locator" xlink:href="../../../../../../../s2c/dict/dom/ga/mem.xsd#s2c_GA" xlink:label="loc_s2c_GA_1" />
    <link:definitionArc xlink:type="arc" xlink:arcrole="http://xbrl.org/int/dim/arcrole/domain-member" xlink:from="loc_s2c_GA" xlink:to="loc_s2c_GA_1" order="80" />
    <link:loc xlink:type="locator" xlink:href="../../../../../../../s2c/dict/dom/ga/mem.xsd#s2c_GM" xlink:label="loc_s2c_GM" />
    <link:definitionArc xlink:type="arc" xlink:arcrole="http://xbrl.org/int/dim/arcrole/domain-member" xlink:from="loc_s2c_GA" xlink:to="loc_s2c_GM" order="81" />
    <link:loc xlink:type="locator" xlink:href="../../../../../../../s2c/dict/dom/ga/mem.xsd#s2c_GE" xlink:label="loc_s2c_GE" />
    <link:definitionArc xlink:type="arc" xlink:arcrole="http://xbrl.org/int/dim/arcrole/domain-member" xlink:from="loc_s2c_GA" xlink:to="loc_s2c_GE" order="82" />
    <link:loc xlink:type="locator" xlink:href="../../../../../../../s2c/dict/dom/ga/mem.xsd#s2c_DE" xlink:label="loc_s2c_DE" />
    <link:definitionArc xlink:type="arc" xlink:arcrole="http://xbrl.org/int/dim/arcrole/domain-member" xlink:from="loc_s2c_GA" xlink:to="loc_s2c_DE" order="83" />
    <link:loc xlink:type="locator" xlink:href="../../../../../../../s2c/dict/dom/ga/mem.xsd#s2c_GH" xlink:label="loc_s2c_GH" />
    <link:definitionArc xlink:type="arc" xlink:arcrole="http://xbrl.org/int/dim/arcrole/domain-member" xlink:from="loc_s2c_GA" xlink:to="loc_s2c_GH" order="84" />
    <link:loc xlink:type="locator" xlink:href="../../../../../../../s2c/dict/dom/ga/mem.xsd#s2c_GR" xlink:label="loc_s2c_GR" />
    <link:definitionArc xlink:type="arc" xlink:arcrole="http://xbrl.org/int/dim/arcrole/domain-member" xlink:from="loc_s2c_GA" xlink:to="loc_s2c_GR" order="85" />
    <link:loc xlink:type="locator" xlink:href="../../../../../../../s2c/dict/dom/ga/mem.xsd#s2c_GL" xlink:label="loc_s2c_GL" />
    <link:definitionArc xlink:type="arc" xlink:arcrole="http://xbrl.org/int/dim/arcrole/domain-member" xlink:from="loc_s2c_GA" xlink:to="loc_s2c_GL" order="86" />
    <link:loc xlink:type="locator" xlink:href="../../../../../../../s2c/dict/dom/ga/mem.xsd#s2c_GD" xlink:label="loc_s2c_GD" />
    <link:definitionArc xlink:type="arc" xlink:arcrole="http://xbrl.org/int/dim/arcrole/domain-member" xlink:from="loc_s2c_GA" xlink:to="loc_s2c_GD" order="87" />
    <link:loc xlink:type="locator" xlink:href="../../../../../../../s2c/dict/dom/ga/mem.xsd#s2c_GP" xlink:label="loc_s2c_GP" />
    <link:definitionArc xlink:type="arc" xlink:arcrole="http://xbrl.org/int/dim/arcrole/domain-member" xlink:from="loc_s2c_GA" xlink:to="loc_s2c_GP" order="88" />
    <link:loc xlink:type="locator" xlink:href="../../../../../../../s2c/dict/dom/ga/mem.xsd#s2c_GU" xlink:label="loc_s2c_GU" />
    <link:definitionArc xlink:type="arc" xlink:arcrole="http://xbrl.org/int/dim/arcrole/domain-member" xlink:from="loc_s2c_GA" xlink:to="loc_s2c_GU" order="89" />
    <link:loc xlink:type="locator" xlink:href="../../../../../../../s2c/dict/dom/ga/mem.xsd#s2c_GT" xlink:label="loc_s2c_GT" />
    <link:definitionArc xlink:type="arc" xlink:arcrole="http://xbrl.org/int/dim/arcrole/domain-member" xlink:from="loc_s2c_GA" xlink:to="loc_s2c_GT" order="90" />
    <link:loc xlink:type="locator" xlink:href="../../../../../../../s2c/dict/dom/ga/mem.xsd#s2c_GG" xlink:label="loc_s2c_GG" />
    <link:definitionArc xlink:type="arc" xlink:arcrole="http://xbrl.org/int/dim/arcrole/domain-member" xlink:from="loc_s2c_GA" xlink:to="loc_s2c_GG" order="91" />
    <link:loc xlink:type="locator" xlink:href="../../../../../../../s2c/dict/dom/ga/mem.xsd#s2c_GN" xlink:label="loc_s2c_GN" />
    <link:definitionArc xlink:type="arc" xlink:arcrole="http://xbrl.org/int/dim/arcrole/domain-member" xlink:from="loc_s2c_GA" xlink:to="loc_s2c_GN" order="92" />
    <link:loc xlink:type="locator" xlink:href="../../../../../../../s2c/dict/dom/ga/mem.xsd#s2c_GW" xlink:label="loc_s2c_GW" />
    <link:definitionArc xlink:type="arc" xlink:arcrole="http://xbrl.org/int/dim/arcrole/domain-member" xlink:from="loc_s2c_GA" xlink:to="loc_s2c_GW" order="93" />
    <link:loc xlink:type="locator" xlink:href="../../../../../../../s2c/dict/dom/ga/mem.xsd#s2c_GY" xlink:label="loc_s2c_GY" />
    <link:definitionArc xlink:type="arc" xlink:arcrole="http://xbrl.org/int/dim/arcrole/domain-member" xlink:from="loc_s2c_GA" xlink:to="loc_s2c_GY" order="94" />
    <link:loc xlink:type="locator" xlink:href="../../../../../../../s2c/dict/dom/ga/mem.xsd#s2c_HT" xlink:label="loc_s2c_HT" />
    <link:definitionArc xlink:type="arc" xlink:arcrole="http://xbrl.org/int/dim/arcrole/domain-member" xlink:from="loc_s2c_GA" xlink:to="loc_s2c_HT" order="95" />
    <link:loc xlink:type="locator" xlink:href="../../../../../../../s2c/dict/dom/ga/mem.xsd#s2c_HM" xlink:label="loc_s2c_HM" />
    <link:definitionArc xlink:type="arc" xlink:arcrole="http://xbrl.org/int/dim/arcrole/domain-member" xlink:from="loc_s2c_GA" xlink:to="loc_s2c_HM" order="96" />
    <link:loc xlink:type="locator" xlink:href="../../../../../../../s2c/dict/dom/ga/mem.xsd#s2c_VA" xlink:label="loc_s2c_VA" />
    <link:definitionArc xlink:type="arc" xlink:arcrole="http://xbrl.org/int/dim/arcrole/domain-member" xlink:from="loc_s2c_GA" xlink:to="loc_s2c_VA" order="97" />
    <link:loc xlink:type="locator" xlink:href="../../../../../../../s2c/dict/dom/ga/mem.xsd#s2c_HN" xlink:label="loc_s2c_HN" />
    <link:definitionArc xlink:type="arc" xlink:arcrole="http://xbrl.org/int/dim/arcrole/domain-member" xlink:from="loc_s2c_GA" xlink:to="loc_s2c_HN" order="98" />
    <link:loc xlink:type="locator" xlink:href="../../../../../../../s2c/dict/dom/ga/mem.xsd#s2c_HK" xlink:label="loc_s2c_HK" />
    <link:definitionArc xlink:type="arc" xlink:arcrole="http://xbrl.org/int/dim/arcrole/domain-member" xlink:from="loc_s2c_GA" xlink:to="loc_s2c_HK" order="99" />
    <link:loc xlink:type="locator" xlink:href="../../../../../../../s2c/dict/dom/ga/mem.xsd#s2c_HU" xlink:label="loc_s2c_HU" />
    <link:definitionArc xlink:type="arc" xlink:arcrole="http://xbrl.org/int/dim/arcrole/domain-member" xlink:from="loc_s2c_GA" xlink:to="loc_s2c_HU" order="100" />
    <link:loc xlink:type="locator" xlink:href="../../../../../../../s2c/dict/dom/ga/mem.xsd#s2c_IS" xlink:label="loc_s2c_IS" />
    <link:definitionArc xlink:type="arc" xlink:arcrole="http://xbrl.org/int/dim/arcrole/domain-member" xlink:from="loc_s2c_GA" xlink:to="loc_s2c_IS" order="101" />
    <link:loc xlink:type="locator" xlink:href="../../../../../../../s2c/dict/dom/ga/mem.xsd#s2c_IN" xlink:label="loc_s2c_IN" />
    <link:definitionArc xlink:type="arc" xlink:arcrole="http://xbrl.org/int/dim/arcrole/domain-member" xlink:from="loc_s2c_GA" xlink:to="loc_s2c_IN" order="102" />
    <link:loc xlink:type="locator" xlink:href="../../../../../../../s2c/dict/dom/ga/mem.xsd#s2c_ID" xlink:label="loc_s2c_ID" />
    <link:definitionArc xlink:type="arc" xlink:arcrole="http://xbrl.org/int/dim/arcrole/domain-member" xlink:from="loc_s2c_GA" xlink:to="loc_s2c_ID" order="103" />
    <link:loc xlink:type="locator" xlink:href="../../../../../../../s2c/dict/dom/ga/mem.xsd#s2c_IR" xlink:label="loc_s2c_IR" />
    <link:definitionArc xlink:type="arc" xlink:arcrole="http://xbrl.org/int/dim/arcrole/domain-member" xlink:from="loc_s2c_GA" xlink:to="loc_s2c_IR" order="104" />
    <link:loc xlink:type="locator" xlink:href="../../../../../../../s2c/dict/dom/ga/mem.xsd#s2c_IQ" xlink:label="loc_s2c_IQ" />
    <link:definitionArc xlink:type="arc" xlink:arcrole="http://xbrl.org/int/dim/arcrole/domain-member" xlink:from="loc_s2c_GA" xlink:to="loc_s2c_IQ" order="105" />
    <link:loc xlink:type="locator" xlink:href="../../../../../../../s2c/dict/dom/ga/mem.xsd#s2c_IE" xlink:label="loc_s2c_IE" />
    <link:definitionArc xlink:type="arc" xlink:arcrole="http://xbrl.org/int/dim/arcrole/domain-member" xlink:from="loc_s2c_GA" xlink:to="loc_s2c_IE" order="106" />
    <link:loc xlink:type="locator" xlink:href="../../../../../../../s2c/dict/dom/ga/mem.xsd#s2c_IM" xlink:label="loc_s2c_IM" />
    <link:definitionArc xlink:type="arc" xlink:arcrole="http://xbrl.org/int/dim/arcrole/domain-member" xlink:from="loc_s2c_GA" xlink:to="loc_s2c_IM" order="107" />
    <link:loc xlink:type="locator" xlink:href="../../../../../../../s2c/dict/dom/ga/mem.xsd#s2c_IL" xlink:label="loc_s2c_IL" />
    <link:definitionArc xlink:type="arc" xlink:arcrole="http://xbrl.org/int/dim/arcrole/domain-member" xlink:from="loc_s2c_GA" xlink:to="loc_s2c_IL" order="108" />
    <link:loc xlink:type="locator" xlink:href="../../../../../../../s2c/dict/dom/ga/mem.xsd#s2c_IT" xlink:label="loc_s2c_IT" />
    <link:definitionArc xlink:type="arc" xlink:arcrole="http://xbrl.org/int/dim/arcrole/domain-member" xlink:from="loc_s2c_GA" xlink:to="loc_s2c_IT" order="109" />
    <link:loc xlink:type="locator" xlink:href="../../../../../../../s2c/dict/dom/ga/mem.xsd#s2c_JM" xlink:label="loc_s2c_JM" />
    <link:definitionArc xlink:type="arc" xlink:arcrole="http://xbrl.org/int/dim/arcrole/domain-member" xlink:from="loc_s2c_GA" xlink:to="loc_s2c_JM" order="110" />
    <link:loc xlink:type="locator" xlink:href="../../../../../../../s2c/dict/dom/ga/mem.xsd#s2c_JP" xlink:label="loc_s2c_JP" />
    <link:definitionArc xlink:type="arc" xlink:arcrole="http://xbrl.org/int/dim/arcrole/domain-member" xlink:from="loc_s2c_GA" xlink:to="loc_s2c_JP" order="111" />
    <link:loc xlink:type="locator" xlink:href="../../../../../../../s2c/dict/dom/ga/mem.xsd#s2c_JE" xlink:label="loc_s2c_JE" />
    <link:definitionArc xlink:type="arc" xlink:arcrole="http://xbrl.org/int/dim/arcrole/domain-member" xlink:from="loc_s2c_GA" xlink:to="loc_s2c_JE" order="112" />
    <link:loc xlink:type="locator" xlink:href="../../../../../../../s2c/dict/dom/ga/mem.xsd#s2c_JO" xlink:label="loc_s2c_JO" />
    <link:definitionArc xlink:type="arc" xlink:arcrole="http://xbrl.org/int/dim/arcrole/domain-member" xlink:from="loc_s2c_GA" xlink:to="loc_s2c_JO" order="113" />
    <link:loc xlink:type="locator" xlink:href="../../../../../../../s2c/dict/dom/ga/mem.xsd#s2c_KZ" xlink:label="loc_s2c_KZ" />
    <link:definitionArc xlink:type="arc" xlink:arcrole="http://xbrl.org/int/dim/arcrole/domain-member" xlink:from="loc_s2c_GA" xlink:to="loc_s2c_KZ" order="114" />
    <link:loc xlink:type="locator" xlink:href="../../../../../../../s2c/dict/dom/ga/mem.xsd#s2c_KE" xlink:label="loc_s2c_KE" />
    <link:definitionArc xlink:type="arc" xlink:arcrole="http://xbrl.org/int/dim/arcrole/domain-member" xlink:from="loc_s2c_GA" xlink:to="loc_s2c_KE" order="115" />
    <link:loc xlink:type="locator" xlink:href="../../../../../../../s2c/dict/dom/ga/mem.xsd#s2c_KI" xlink:label="loc_s2c_KI" />
    <link:definitionArc xlink:type="arc" xlink:arcrole="http://xbrl.org/int/dim/arcrole/domain-member" xlink:from="loc_s2c_GA" xlink:to="loc_s2c_KI" order="116" />
    <link:loc xlink:type="locator" xlink:href="../../../../../../../s2c/dict/dom/ga/mem.xsd#s2c_KP" xlink:label="loc_s2c_KP" />
    <link:definitionArc xlink:type="arc" xlink:arcrole="http://xbrl.org/int/dim/arcrole/domain-member" xlink:from="loc_s2c_GA" xlink:to="loc_s2c_KP" order="117" />
    <link:loc xlink:type="locator" xlink:href="../../../../../../../s2c/dict/dom/ga/mem.xsd#s2c_KR" xlink:label="loc_s2c_KR" />
    <link:definitionArc xlink:type="arc" xlink:arcrole="http://xbrl.org/int/dim/arcrole/domain-member" xlink:from="loc_s2c_GA" xlink:to="loc_s2c_KR" order="118" />
    <link:loc xlink:type="locator" xlink:href="../../../../../../../s2c/dict/dom/ga/mem.xsd#s2c_KW" xlink:label="loc_s2c_KW" />
    <link:definitionArc xlink:type="arc" xlink:arcrole="http://xbrl.org/int/dim/arcrole/domain-member" xlink:from="loc_s2c_GA" xlink:to="loc_s2c_KW" order="119" />
    <link:loc xlink:type="locator" xlink:href="../../../../../../../s2c/dict/dom/ga/mem.xsd#s2c_KG" xlink:label="loc_s2c_KG" />
    <link:definitionArc xlink:type="arc" xlink:arcrole="http://xbrl.org/int/dim/arcrole/domain-member" xlink:from="loc_s2c_GA" xlink:to="loc_s2c_KG" order="120" />
    <link:loc xlink:type="locator" xlink:href="../../../../../../../s2c/dict/dom/ga/mem.xsd#s2c_LA" xlink:label="loc_s2c_LA" />
    <link:definitionArc xlink:type="arc" xlink:arcrole="http://xbrl.org/int/dim/arcrole/domain-member" xlink:from="loc_s2c_GA" xlink:to="loc_s2c_LA" order="121" />
    <link:loc xlink:type="locator" xlink:href="../../../../../../../s2c/dict/dom/ga/mem.xsd#s2c_LV" xlink:label="loc_s2c_LV" />
    <link:definitionArc xlink:type="arc" xlink:arcrole="http://xbrl.org/int/dim/arcrole/domain-member" xlink:from="loc_s2c_GA" xlink:to="loc_s2c_LV" order="122" />
    <link:loc xlink:type="locator" xlink:href="../../../../../../../s2c/dict/dom/ga/mem.xsd#s2c_LB" xlink:label="loc_s2c_LB" />
    <link:definitionArc xlink:type="arc" xlink:arcrole="http://xbrl.org/int/dim/arcrole/domain-member" xlink:from="loc_s2c_GA" xlink:to="loc_s2c_LB" order="123" />
    <link:loc xlink:type="locator" xlink:href="../../../../../../../s2c/dict/dom/ga/mem.xsd#s2c_LS" xlink:label="loc_s2c_LS" />
    <link:definitionArc xlink:type="arc" xlink:arcrole="http://xbrl.org/int/dim/arcrole/domain-member" xlink:from="loc_s2c_GA" xlink:to="loc_s2c_LS" order="124" />
    <link:loc xlink:type="locator" xlink:href="../../../../../../../s2c/dict/dom/ga/mem.xsd#s2c_LR" xlink:label="loc_s2c_LR" />
    <link:definitionArc xlink:type="arc" xlink:arcrole="http://xbrl.org/int/dim/arcrole/domain-member" xlink:from="loc_s2c_GA" xlink:to="loc_s2c_LR" order="125" />
    <link:loc xlink:type="locator" xlink:href="../../../../../../../s2c/dict/dom/ga/mem.xsd#s2c_LY" xlink:label="loc_s2c_LY" />
    <link:definitionArc xlink:type="arc" xlink:arcrole="http://xbrl.org/int/dim/arcrole/domain-member" xlink:from="loc_s2c_GA" xlink:to="loc_s2c_LY" order="126" />
    <link:loc xlink:type="locator" xlink:href="../../../../../../../s2c/dict/dom/ga/mem.xsd#s2c_LI" xlink:label="loc_s2c_LI" />
    <link:definitionArc xlink:type="arc" xlink:arcrole="http://xbrl.org/int/dim/arcrole/domain-member" xlink:from="loc_s2c_GA" xlink:to="loc_s2c_LI" order="127" />
    <link:loc xlink:type="locator" xlink:href="../../../../../../../s2c/dict/dom/ga/mem.xsd#s2c_LT" xlink:label="loc_s2c_LT" />
    <link:definitionArc xlink:type="arc" xlink:arcrole="http://xbrl.org/int/dim/arcrole/domain-member" xlink:from="loc_s2c_GA" xlink:to="loc_s2c_LT" order="128" />
    <link:loc xlink:type="locator" xlink:href="../../../../../../../s2c/dict/dom/ga/mem.xsd#s2c_LU" xlink:label="loc_s2c_LU" />
    <link:definitionArc xlink:type="arc" xlink:arcrole="http://xbrl.org/int/dim/arcrole/domain-member" xlink:from="loc_s2c_GA" xlink:to="loc_s2c_LU" order="129" />
    <link:loc xlink:type="locator" xlink:href="../../../../../../../s2c/dict/dom/ga/mem.xsd#s2c_MO" xlink:label="loc_s2c_MO" />
    <link:definitionArc xlink:type="arc" xlink:arcrole="http://xbrl.org/int/dim/arcrole/domain-member" xlink:from="loc_s2c_GA" xlink:to="loc_s2c_MO" order="130" />
    <link:loc xlink:type="locator" xlink:href="../../../../../../../s2c/dict/dom/ga/mem.xsd#s2c_MK" xlink:label="loc_s2c_MK" />
    <link:definitionArc xlink:type="arc" xlink:arcrole="http://xbrl.org/int/dim/arcrole/domain-member" xlink:from="loc_s2c_GA" xlink:to="loc_s2c_MK" order="131" />
    <link:loc xlink:type="locator" xlink:href="../../../../../../../s2c/dict/dom/ga/mem.xsd#s2c_MG" xlink:label="loc_s2c_MG" />
    <link:definitionArc xlink:type="arc" xlink:arcrole="http://xbrl.org/int/dim/arcrole/domain-member" xlink:from="loc_s2c_GA" xlink:to="loc_s2c_MG" order="132" />
    <link:loc xlink:type="locator" xlink:href="../../../../../../../s2c/dict/dom/ga/mem.xsd#s2c_MW" xlink:label="loc_s2c_MW" />
    <link:definitionArc xlink:type="arc" xlink:arcrole="http://xbrl.org/int/dim/arcrole/domain-member" xlink:from="loc_s2c_GA" xlink:to="loc_s2c_MW" order="133" />
    <link:loc xlink:type="locator" xlink:href="../../../../../../../s2c/dict/dom/ga/mem.xsd#s2c_MY" xlink:label="loc_s2c_MY" />
    <link:definitionArc xlink:type="arc" xlink:arcrole="http://xbrl.org/int/dim/arcrole/domain-member" xlink:from="loc_s2c_GA" xlink:to="loc_s2c_MY" order="134" />
    <link:loc xlink:type="locator" xlink:href="../../../../../../../s2c/dict/dom/ga/mem.xsd#s2c_MV" xlink:label="loc_s2c_MV" />
    <link:definitionArc xlink:type="arc" xlink:arcrole="http://xbrl.org/int/dim/arcrole/domain-member" xlink:from="loc_s2c_GA" xlink:to="loc_s2c_MV" order="135" />
    <link:loc xlink:type="locator" xlink:href="../../../../../../../s2c/dict/dom/ga/mem.xsd#s2c_ML" xlink:label="loc_s2c_ML" />
    <link:definitionArc xlink:type="arc" xlink:arcrole="http://xbrl.org/int/dim/arcrole/domain-member" xlink:from="loc_s2c_GA" xlink:to="loc_s2c_ML" order="136" />
    <link:loc xlink:type="locator" xlink:href="../../../../../../../s2c/dict/dom/ga/mem.xsd#s2c_MT" xlink:label="loc_s2c_MT" />
    <link:definitionArc xlink:type="arc" xlink:arcrole="http://xbrl.org/int/dim/arcrole/domain-member" xlink:from="loc_s2c_GA" xlink:to="loc_s2c_MT" order="137" />
    <link:loc xlink:type="locator" xlink:href="../../../../../../../s2c/dict/dom/ga/mem.xsd#s2c_MH" xlink:label="loc_s2c_MH" />
    <link:definitionArc xlink:type="arc" xlink:arcrole="http://xbrl.org/int/dim/arcrole/domain-member" xlink:from="loc_s2c_GA" xlink:to="loc_s2c_MH" order="138" />
    <link:loc xlink:type="locator" xlink:href="../../../../../../../s2c/dict/dom/ga/mem.xsd#s2c_MQ" xlink:label="loc_s2c_MQ" />
    <link:definitionArc xlink:type="arc" xlink:arcrole="http://xbrl.org/int/dim/arcrole/domain-member" xlink:from="loc_s2c_GA" xlink:to="loc_s2c_MQ" order="139" />
    <link:loc xlink:type="locator" xlink:href="../../../../../../../s2c/dict/dom/ga/mem.xsd#s2c_MR" xlink:label="loc_s2c_MR" />
    <link:definitionArc xlink:type="arc" xlink:arcrole="http://xbrl.org/int/dim/arcrole/domain-member" xlink:from="loc_s2c_GA" xlink:to="loc_s2c_MR" order="140" />
    <link:loc xlink:type="locator" xlink:href="../../../../../../../s2c/dict/dom/ga/mem.xsd#s2c_MU" xlink:label="loc_s2c_MU" />
    <link:definitionArc xlink:type="arc" xlink:arcrole="http://xbrl.org/int/dim/arcrole/domain-member" xlink:from="loc_s2c_GA" xlink:to="loc_s2c_MU" order="141" />
    <link:loc xlink:type="locator" xlink:href="../../../../../../../s2c/dict/dom/ga/mem.xsd#s2c_YT" xlink:label="loc_s2c_YT" />
    <link:definitionArc xlink:type="arc" xlink:arcrole="http://xbrl.org/int/dim/arcrole/domain-member" xlink:from="loc_s2c_GA" xlink:to="loc_s2c_YT" order="142" />
    <link:loc xlink:type="locator" xlink:href="../../../../../../../s2c/dict/dom/ga/mem.xsd#s2c_MX" xlink:label="loc_s2c_MX" />
    <link:definitionArc xlink:type="arc" xlink:arcrole="http://xbrl.org/int/dim/arcrole/domain-member" xlink:from="loc_s2c_GA" xlink:to="loc_s2c_MX" order="143" />
    <link:loc xlink:type="locator" xlink:href="../../../../../../../s2c/dict/dom/ga/mem.xsd#s2c_FM" xlink:label="loc_s2c_FM" />
    <link:definitionArc xlink:type="arc" xlink:arcrole="http://xbrl.org/int/dim/arcrole/domain-member" xlink:from="loc_s2c_GA" xlink:to="loc_s2c_FM" order="144" />
    <link:loc xlink:type="locator" xlink:href="../../../../../../../s2c/dict/dom/ga/mem.xsd#s2c_MD" xlink:label="loc_s2c_MD" />
    <link:definitionArc xlink:type="arc" xlink:arcrole="http://xbrl.org/int/dim/arcrole/domain-member" xlink:from="loc_s2c_GA" xlink:to="loc_s2c_MD" order="145" />
    <link:loc xlink:type="locator" xlink:href="../../../../../../../s2c/dict/dom/ga/mem.xsd#s2c_MC" xlink:label="loc_s2c_MC" />
    <link:definitionArc xlink:type="arc" xlink:arcrole="http://xbrl.org/int/dim/arcrole/domain-member" xlink:from="loc_s2c_GA" xlink:to="loc_s2c_MC" order="146" />
    <link:loc xlink:type="locator" xlink:href="../../../../../../../s2c/dict/dom/ga/mem.xsd#s2c_MN" xlink:label="loc_s2c_MN" />
    <link:definitionArc xlink:type="arc" xlink:arcrole="http://xbrl.org/int/dim/arcrole/domain-member" xlink:from="loc_s2c_GA" xlink:to="loc_s2c_MN" order="147" />
    <link:loc xlink:type="locator" xlink:href="../../../../../../../s2c/dict/dom/ga/mem.xsd#s2c_ME" xlink:label="loc_s2c_ME" />
    <link:definitionArc xlink:type="arc" xlink:arcrole="http://xbrl.org/int/dim/arcrole/domain-member" xlink:from="loc_s2c_GA" xlink:to="loc_s2c_ME" order="148" />
    <link:loc xlink:type="locator" xlink:href="../../../../../../../s2c/dict/dom/ga/mem.xsd#s2c_MS" xlink:label="loc_s2c_MS" />
    <link:definitionArc xlink:type="arc" xlink:arcrole="http://xbrl.org/int/dim/arcrole/domain-member" xlink:from="loc_s2c_GA" xlink:to="loc_s2c_MS" order="149" />
    <link:loc xlink:type="locator" xlink:href="../../../../../../../s2c/dict/dom/ga/mem.xsd#s2c_MA" xlink:label="loc_s2c_MA" />
    <link:definitionArc xlink:type="arc" xlink:arcrole="http://xbrl.org/int/dim/arcrole/domain-member" xlink:from="loc_s2c_GA" xlink:to="loc_s2c_MA" order="150" />
    <link:loc xlink:type="locator" xlink:href="../../../../../../../s2c/dict/dom/ga/mem.xsd#s2c_MZ" xlink:label="loc_s2c_MZ" />
    <link:definitionArc xlink:type="arc" xlink:arcrole="http://xbrl.org/int/dim/arcrole/domain-member" xlink:from="loc_s2c_GA" xlink:to="loc_s2c_MZ" order="151" />
    <link:loc xlink:type="locator" xlink:href="../../../../../../../s2c/dict/dom/ga/mem.xsd#s2c_MM" xlink:label="loc_s2c_MM" />
    <link:definitionArc xlink:type="arc" xlink:arcrole="http://xbrl.org/int/dim/arcrole/domain-member" xlink:from="loc_s2c_GA" xlink:to="loc_s2c_MM" order="152" />
    <link:loc xlink:type="locator" xlink:href="../../../../../../../s2c/dict/dom/ga/mem.xsd#s2c_NA" xlink:label="loc_s2c_NA" />
    <link:definitionArc xlink:type="arc" xlink:arcrole="http://xbrl.org/int/dim/arcrole/domain-member" xlink:from="loc_s2c_GA" xlink:to="loc_s2c_NA" order="153" />
    <link:loc xlink:type="locator" xlink:href="../../../../../../../s2c/dict/dom/ga/mem.xsd#s2c_NR" xlink:label="loc_s2c_NR" />
    <link:definitionArc xlink:type="arc" xlink:arcrole="http://xbrl.org/int/dim/arcrole/domain-member" xlink:from="loc_s2c_GA" xlink:to="loc_s2c_NR" order="154" />
    <link:loc xlink:type="locator" xlink:href="../../../../../../../s2c/dict/dom/ga/mem.xsd#s2c_NP" xlink:label="loc_s2c_NP" />
    <link:definitionArc xlink:type="arc" xlink:arcrole="http://xbrl.org/int/dim/arcrole/domain-member" xlink:from="loc_s2c_GA" xlink:to="loc_s2c_NP" order="155" />
    <link:loc xlink:type="locator" xlink:href="../../../../../../../s2c/dict/dom/ga/mem.xsd#s2c_NL" xlink:label="loc_s2c_NL" />
    <link:definitionArc xlink:type="arc" xlink:arcrole="http://xbrl.org/int/dim/arcrole/domain-member" xlink:from="loc_s2c_GA" xlink:to="loc_s2c_NL" order="156" />
    <link:loc xlink:type="locator" xlink:href="../../../../../../../s2c/dict/dom/ga/mem.xsd#s2c_NC" xlink:label="loc_s2c_NC" />
    <link:definitionArc xlink:type="arc" xlink:arcrole="http://xbrl.org/int/dim/arcrole/domain-member" xlink:from="loc_s2c_GA" xlink:to="loc_s2c_NC" order="157" />
    <link:loc xlink:type="locator" xlink:href="../../../../../../../s2c/dict/dom/ga/mem.xsd#s2c_NZ" xlink:label="loc_s2c_NZ" />
    <link:definitionArc xlink:type="arc" xlink:arcrole="http://xbrl.org/int/dim/arcrole/domain-member" xlink:from="loc_s2c_GA" xlink:to="loc_s2c_NZ" order="158" />
    <link:loc xlink:type="locator" xlink:href="../../../../../../../s2c/dict/dom/ga/mem.xsd#s2c_NI" xlink:label="loc_s2c_NI" />
    <link:definitionArc xlink:type="arc" xlink:arcrole="http://xbrl.org/int/dim/arcrole/domain-member" xlink:from="loc_s2c_GA" xlink:to="loc_s2c_NI" order="159" />
    <link:loc xlink:type="locator" xlink:href="../../../../../../../s2c/dict/dom/ga/mem.xsd#s2c_NE" xlink:label="loc_s2c_NE" />
    <link:definitionArc xlink:type="arc" xlink:arcrole="http://xbrl.org/int/dim/arcrole/domain-member" xlink:from="loc_s2c_GA" xlink:to="loc_s2c_NE" order="160" />
    <link:loc xlink:type="locator" xlink:href="../../../../../../../s2c/dict/dom/ga/mem.xsd#s2c_NG" xlink:label="loc_s2c_NG" />
    <link:definitionArc xlink:type="arc" xlink:arcrole="http://xbrl.org/int/dim/arcrole/domain-member" xlink:from="loc_s2c_GA" xlink:to="loc_s2c_NG" order="161" />
    <link:loc xlink:type="locator" xlink:href="../../../../../../../s2c/dict/dom/ga/mem.xsd#s2c_NU" xlink:label="loc_s2c_NU" />
    <link:definitionArc xlink:type="arc" xlink:arcrole="http://xbrl.org/int/dim/arcrole/domain-member" xlink:from="loc_s2c_GA" xlink:to="loc_s2c_NU" order="162" />
    <link:loc xlink:type="locator" xlink:href="../../../../../../../s2c/dict/dom/ga/mem.xsd#s2c_NF" xlink:label="loc_s2c_NF" />
    <link:definitionArc xlink:type="arc" xlink:arcrole="http://xbrl.org/int/dim/arcrole/domain-member" xlink:from="loc_s2c_GA" xlink:to="loc_s2c_NF" order="163" />
    <link:loc xlink:type="locator" xlink:href="../../../../../../../s2c/dict/dom/ga/mem.xsd#s2c_MP" xlink:label="loc_s2c_MP" />
    <link:definitionArc xlink:type="arc" xlink:arcrole="http://xbrl.org/int/dim/arcrole/domain-member" xlink:from="loc_s2c_GA" xlink:to="loc_s2c_MP" order="164" />
    <link:loc xlink:type="locator" xlink:href="../../../../../../../s2c/dict/dom/ga/mem.xsd#s2c_NO" xlink:label="loc_s2c_NO" />
    <link:definitionArc xlink:type="arc" xlink:arcrole="http://xbrl.org/int/dim/arcrole/domain-member" xlink:from="loc_s2c_GA" xlink:to="loc_s2c_NO" order="165" />
    <link:loc xlink:type="locator" xlink:href="../../../../../../../s2c/dict/dom/ga/mem.xsd#s2c_OM" xlink:label="loc_s2c_OM" />
    <link:definitionArc xlink:type="arc" xlink:arcrole="http://xbrl.org/int/dim/arcrole/domain-member" xlink:from="loc_s2c_GA" xlink:to="loc_s2c_OM" order="166" />
    <link:loc xlink:type="locator" xlink:href="../../../../../../../s2c/dict/dom/ga/mem.xsd#s2c_PK" xlink:label="loc_s2c_PK" />
    <link:definitionArc xlink:type="arc" xlink:arcrole="http://xbrl.org/int/dim/arcrole/domain-member" xlink:from="loc_s2c_GA" xlink:to="loc_s2c_PK" order="167" />
    <link:loc xlink:type="locator" xlink:href="../../../../../../../s2c/dict/dom/ga/mem.xsd#s2c_PW" xlink:label="loc_s2c_PW" />
    <link:definitionArc xlink:type="arc" xlink:arcrole="http://xbrl.org/int/dim/arcrole/domain-member" xlink:from="loc_s2c_GA" xlink:to="loc_s2c_PW" order="168" />
    <link:loc xlink:type="locator" xlink:href="../../../../../../../s2c/dict/dom/ga/mem.xsd#s2c_PS" xlink:label="loc_s2c_PS" />
    <link:definitionArc xlink:type="arc" xlink:arcrole="http://xbrl.org/int/dim/arcrole/domain-member" xlink:from="loc_s2c_GA" xlink:to="loc_s2c_PS" order="169" />
    <link:loc xlink:type="locator" xlink:href="../../../../../../../s2c/dict/dom/ga/mem.xsd#s2c_PA" xlink:label="loc_s2c_PA" />
    <link:definitionArc xlink:type="arc" xlink:arcrole="http://xbrl.org/int/dim/arcrole/domain-member" xlink:from="loc_s2c_GA" xlink:to="loc_s2c_PA" order="170" />
    <link:loc xlink:type="locator" xlink:href="../../../../../../../s2c/dict/dom/ga/mem.xsd#s2c_PG" xlink:label="loc_s2c_PG" />
    <link:definitionArc xlink:type="arc" xlink:arcrole="http://xbrl.org/int/dim/arcrole/domain-member" xlink:from="loc_s2c_GA" xlink:to="loc_s2c_PG" order="171" />
    <link:loc xlink:type="locator" xlink:href="../../../../../../../s2c/dict/dom/ga/mem.xsd#s2c_PY" xlink:label="loc_s2c_PY" />
    <link:definitionArc xlink:type="arc" xlink:arcrole="http://xbrl.org/int/dim/arcrole/domain-member" xlink:from="loc_s2c_GA" xlink:to="loc_s2c_PY" order="172" />
    <link:loc xlink:type="locator" xlink:href="../../../../../../../s2c/dict/dom/ga/mem.xsd#s2c_PE" xlink:label="loc_s2c_PE" />
    <link:definitionArc xlink:type="arc" xlink:arcrole="http://xbrl.org/int/dim/arcrole/domain-member" xlink:from="loc_s2c_GA" xlink:to="loc_s2c_PE" order="173" />
    <link:loc xlink:type="locator" xlink:href="../../../../../../../s2c/dict/dom/ga/mem.xsd#s2c_PH" xlink:label="loc_s2c_PH" />
    <link:definitionArc xlink:type="arc" xlink:arcrole="http://xbrl.org/int/dim/arcrole/domain-member" xlink:from="loc_s2c_GA" xlink:to="loc_s2c_PH" order="174" />
    <link:loc xlink:type="locator" xlink:href="../../../../../../../s2c/dict/dom/ga/mem.xsd#s2c_PN" xlink:label="loc_s2c_PN" />
    <link:definitionArc xlink:type="arc" xlink:arcrole="http://xbrl.org/int/dim/arcrole/domain-member" xlink:from="loc_s2c_GA" xlink:to="loc_s2c_PN" order="175" />
    <link:loc xlink:type="locator" xlink:href="../../../../../../../s2c/dict/dom/ga/mem.xsd#s2c_PL" xlink:label="loc_s2c_PL" />
    <link:definitionArc xlink:type="arc" xlink:arcrole="http://xbrl.org/int/dim/arcrole/domain-member" xlink:from="loc_s2c_GA" xlink:to="loc_s2c_PL" order="176" />
    <link:loc xlink:type="locator" xlink:href="../../../../../../../s2c/dict/dom/ga/mem.xsd#s2c_PT" xlink:label="loc_s2c_PT" />
    <link:definitionArc xlink:type="arc" xlink:arcrole="http://xbrl.org/int/dim/arcrole/domain-member" xlink:from="loc_s2c_GA" xlink:to="loc_s2c_PT" order="177" />
    <link:loc xlink:type="locator" xlink:href="../../../../../../../s2c/dict/dom/ga/mem.xsd#s2c_PR" xlink:label="loc_s2c_PR" />
    <link:definitionArc xlink:type="arc" xlink:arcrole="http://xbrl.org/int/dim/arcrole/domain-member" xlink:from="loc_s2c_GA" xlink:to="loc_s2c_PR" order="178" />
    <link:loc xlink:type="locator" xlink:href="../../../../../../../s2c/dict/dom/ga/mem.xsd#s2c_QA" xlink:label="loc_s2c_QA" />
    <link:definitionArc xlink:type="arc" xlink:arcrole="http://xbrl.org/int/dim/arcrole/domain-member" xlink:from="loc_s2c_GA" xlink:to="loc_s2c_QA" order="179" />
    <link:loc xlink:type="locator" xlink:href="../../../../../../../s2c/dict/dom/ga/mem.xsd#s2c_RE" xlink:label="loc_s2c_RE" />
    <link:definitionArc xlink:type="arc" xlink:arcrole="http://xbrl.org/int/dim/arcrole/domain-member" xlink:from="loc_s2c_GA" xlink:to="loc_s2c_RE" order="180" />
    <link:loc xlink:type="locator" xlink:href="../../../../../../../s2c/dict/dom/ga/mem.xsd#s2c_RO" xlink:label="loc_s2c_RO" />
    <link:definitionArc xlink:type="arc" xlink:arcrole="http://xbrl.org/int/dim/arcrole/domain-member" xlink:from="loc_s2c_GA" xlink:to="loc_s2c_RO" order="181" />
    <link:loc xlink:type="locator" xlink:href="../../../../../../../s2c/dict/dom/ga/mem.xsd#s2c_RU" xlink:label="loc_s2c_RU" />
    <link:definitionArc xlink:type="arc" xlink:arcrole="http://xbrl.org/int/dim/arcrole/domain-member" xlink:from="loc_s2c_GA" xlink:to="loc_s2c_RU" order="182" />
    <link:loc xlink:type="locator" xlink:href="../../../../../../../s2c/dict/dom/ga/mem.xsd#s2c_RW" xlink:label="loc_s2c_RW" />
    <link:definitionArc xlink:type="arc" xlink:arcrole="http://xbrl.org/int/dim/arcrole/domain-member" xlink:from="loc_s2c_GA" xlink:to="loc_s2c_RW" order="183" />
    <link:loc xlink:type="locator" xlink:href="../../../../../../../s2c/dict/dom/ga/mem.xsd#s2c_BL" xlink:label="loc_s2c_BL" />
    <link:definitionArc xlink:type="arc" xlink:arcrole="http://xbrl.org/int/dim/arcrole/domain-member" xlink:from="loc_s2c_GA" xlink:to="loc_s2c_BL" order="184" />
    <link:loc xlink:type="locator" xlink:href="../../../../../../../s2c/dict/dom/ga/mem.xsd#s2c_SH" xlink:label="loc_s2c_SH" />
    <link:definitionArc xlink:type="arc" xlink:arcrole="http://xbrl.org/int/dim/arcrole/domain-member" xlink:from="loc_s2c_GA" xlink:to="loc_s2c_SH" order="185" />
    <link:loc xlink:type="locator" xlink:href="../../../../../../../s2c/dict/dom/ga/mem.xsd#s2c_KN" xlink:label="loc_s2c_KN" />
    <link:definitionArc xlink:type="arc" xlink:arcrole="http://xbrl.org/int/dim/arcrole/domain-member" xlink:from="loc_s2c_GA" xlink:to="loc_s2c_KN" order="186" />
    <link:loc xlink:type="locator" xlink:href="../../../../../../../s2c/dict/dom/ga/mem.xsd#s2c_LC" xlink:label="loc_s2c_LC" />
    <link:definitionArc xlink:type="arc" xlink:arcrole="http://xbrl.org/int/dim/arcrole/domain-member" xlink:from="loc_s2c_GA" xlink:to="loc_s2c_LC" order="187" />
    <link:loc xlink:type="locator" xlink:href="../../../../../../../s2c/dict/dom/ga/mem.xsd#s2c_MF" xlink:label="loc_s2c_MF" />
    <link:definitionArc xlink:type="arc" xlink:arcrole="http://xbrl.org/int/dim/arcrole/domain-member" xlink:from="loc_s2c_GA" xlink:to="loc_s2c_MF" order="188" />
    <link:loc xlink:type="locator" xlink:href="../../../../../../../s2c/dict/dom/ga/mem.xsd#s2c_PM" xlink:label="loc_s2c_PM" />
    <link:definitionArc xlink:type="arc" xlink:arcrole="http://xbrl.org/int/dim/arcrole/domain-member" xlink:from="loc_s2c_GA" xlink:to="loc_s2c_PM" order="189" />
    <link:loc xlink:type="locator" xlink:href="../../../../../../../s2c/dict/dom/ga/mem.xsd#s2c_VC" xlink:label="loc_s2c_VC" />
    <link:definitionArc xlink:type="arc" xlink:arcrole="http://xbrl.org/int/dim/arcrole/domain-member" xlink:from="loc_s2c_GA" xlink:to="loc_s2c_VC" order="190" />
    <link:loc xlink:type="locator" xlink:href="../../../../../../../s2c/dict/dom/ga/mem.xsd#s2c_WS" xlink:label="loc_s2c_WS" />
    <link:definitionArc xlink:type="arc" xlink:arcrole="http://xbrl.org/int/dim/arcrole/domain-member" xlink:from="loc_s2c_GA" xlink:to="loc_s2c_WS" order="191" />
    <link:loc xlink:type="locator" xlink:href="../../../../../../../s2c/dict/dom/ga/mem.xsd#s2c_SM" xlink:label="loc_s2c_SM" />
    <link:definitionArc xlink:type="arc" xlink:arcrole="http://xbrl.org/int/dim/arcrole/domain-member" xlink:from="loc_s2c_GA" xlink:to="loc_s2c_SM" order="192" />
    <link:loc xlink:type="locator" xlink:href="../../../../../../../s2c/dict/dom/ga/mem.xsd#s2c_ST" xlink:label="loc_s2c_ST" />
    <link:definitionArc xlink:type="arc" xlink:arcrole="http://xbrl.org/int/dim/arcrole/domain-member" xlink:from="loc_s2c_GA" xlink:to="loc_s2c_ST" order="193" />
    <link:loc xlink:type="locator" xlink:href="../../../../../../../s2c/dict/dom/ga/mem.xsd#s2c_SA" xlink:label="loc_s2c_SA" />
    <link:definitionArc xlink:type="arc" xlink:arcrole="http://xbrl.org/int/dim/arcrole/domain-member" xlink:from="loc_s2c_GA" xlink:to="loc_s2c_SA" order="194" />
    <link:loc xlink:type="locator" xlink:href="../../../../../../../s2c/dict/dom/ga/mem.xsd#s2c_SN" xlink:label="loc_s2c_SN" />
    <link:definitionArc xlink:type="arc" xlink:arcrole="http://xbrl.org/int/dim/arcrole/domain-member" xlink:from="loc_s2c_GA" xlink:to="loc_s2c_SN" order="195" />
    <link:loc xlink:type="locator" xlink:href="../../../../../../../s2c/dict/dom/ga/mem.xsd#s2c_RS" xlink:label="loc_s2c_RS" />
    <link:definitionArc xlink:type="arc" xlink:arcrole="http://xbrl.org/int/dim/arcrole/domain-member" xlink:from="loc_s2c_GA" xlink:to="loc_s2c_RS" order="196" />
    <link:loc xlink:type="locator" xlink:href="../../../../../../../s2c/dict/dom/ga/mem.xsd#s2c_SC" xlink:label="loc_s2c_SC" />
    <link:definitionArc xlink:type="arc" xlink:arcrole="http://xbrl.org/int/dim/arcrole/domain-member" xlink:from="loc_s2c_GA" xlink:to="loc_s2c_SC" order="197" />
    <link:loc xlink:type="locator" xlink:href="../../../../../../../s2c/dict/dom/ga/mem.xsd#s2c_SL" xlink:label="loc_s2c_SL" />
    <link:definitionArc xlink:type="arc" xlink:arcrole="http://xbrl.org/int/dim/arcrole/domain-member" xlink:from="loc_s2c_GA" xlink:to="loc_s2c_SL" order="198" />
    <link:loc xlink:type="locator" xlink:href="../../../../../../../s2c/dict/dom/ga/mem.xsd#s2c_SG" xlink:label="loc_s2c_SG" />
    <link:definitionArc xlink:type="arc" xlink:arcrole="http://xbrl.org/int/dim/arcrole/domain-member" xlink:from="loc_s2c_GA" xlink:to="loc_s2c_SG" order="199" />
    <link:loc xlink:type="locator" xlink:href="../../../../../../../s2c/dict/dom/ga/mem.xsd#s2c_SX" xlink:label="loc_s2c_SX" />
    <link:definitionArc xlink:type="arc" xlink:arcrole="http://xbrl.org/int/dim/arcrole/domain-member" xlink:from="loc_s2c_GA" xlink:to="loc_s2c_SX" order="200" />
    <link:loc xlink:type="locator" xlink:href="../../../../../../../s2c/dict/dom/ga/mem.xsd#s2c_SK" xlink:label="loc_s2c_SK" />
    <link:definitionArc xlink:type="arc" xlink:arcrole="http://xbrl.org/int/dim/arcrole/domain-member" xlink:from="loc_s2c_GA" xlink:to="loc_s2c_SK" order="201" />
    <link:loc xlink:type="locator" xlink:href="../../../../../../../s2c/dict/dom/ga/mem.xsd#s2c_SI" xlink:label="loc_s2c_SI" />
    <link:definitionArc xlink:type="arc" xlink:arcrole="http://xbrl.org/int/dim/arcrole/domain-member" xlink:from="loc_s2c_GA" xlink:to="loc_s2c_SI" order="202" />
    <link:loc xlink:type="locator" xlink:href="../../../../../../../s2c/dict/dom/ga/mem.xsd#s2c_SB" xlink:label="loc_s2c_SB" />
    <link:definitionArc xlink:type="arc" xlink:arcrole="http://xbrl.org/int/dim/arcrole/domain-member" xlink:from="loc_s2c_GA" xlink:to="loc_s2c_SB" order="203" />
    <link:loc xlink:type="locator" xlink:href="../../../../../../../s2c/dict/dom/ga/mem.xsd#s2c_SO" xlink:label="loc_s2c_SO" />
    <link:definitionArc xlink:type="arc" xlink:arcrole="http://xbrl.org/int/dim/arcrole/domain-member" xlink:from="loc_s2c_GA" xlink:to="loc_s2c_SO" order="204" />
    <link:loc xlink:type="locator" xlink:href="../../../../../../../s2c/dict/dom/ga/mem.xsd#s2c_ZA" xlink:label="loc_s2c_ZA" />
    <link:definitionArc xlink:type="arc" xlink:arcrole="http://xbrl.org/int/dim/arcrole/domain-member" xlink:from="loc_s2c_GA" xlink:to="loc_s2c_ZA" order="205" />
    <link:loc xlink:type="locator" xlink:href="../../../../../../../s2c/dict/dom/ga/mem.xsd#s2c_GS" xlink:label="loc_s2c_GS" />
    <link:definitionArc xlink:type="arc" xlink:arcrole="http://xbrl.org/int/dim/arcrole/domain-member" xlink:from="loc_s2c_GA" xlink:to="loc_s2c_GS" order="206" />
    <link:loc xlink:type="locator" xlink:href="../../../../../../../s2c/dict/dom/ga/mem.xsd#s2c_ES" xlink:label="loc_s2c_ES" />
    <link:definitionArc xlink:type="arc" xlink:arcrole="http://xbrl.org/int/dim/arcrole/domain-member" xlink:from="loc_s2c_GA" xlink:to="loc_s2c_ES" order="207" />
    <link:loc xlink:type="locator" xlink:href="../../../../../../../s2c/dict/dom/ga/mem.xsd#s2c_LK" xlink:label="loc_s2c_LK" />
    <link:definitionArc xlink:type="arc" xlink:arcrole="http://xbrl.org/int/dim/arcrole/domain-member" xlink:from="loc_s2c_GA" xlink:to="loc_s2c_LK" order="208" />
    <link:loc xlink:type="locator" xlink:href="../../../../../../../s2c/dict/dom/ga/mem.xsd#s2c_SD" xlink:label="loc_s2c_SD" />
    <link:definitionArc xlink:type="arc" xlink:arcrole="http://xbrl.org/int/dim/arcrole/domain-member" xlink:from="loc_s2c_GA" xlink:to="loc_s2c_SD" order="209" />
    <link:loc xlink:type="locator" xlink:href="../../../../../../../s2c/dict/dom/ga/mem.xsd#s2c_SR" xlink:label="loc_s2c_SR" />
    <link:definitionArc xlink:type="arc" xlink:arcrole="http://xbrl.org/int/dim/arcrole/domain-member" xlink:from="loc_s2c_GA" xlink:to="loc_s2c_SR" order="210" />
    <link:loc xlink:type="locator" xlink:href="../../../../../../../s2c/dict/dom/ga/mem.xsd#s2c_SJ" xlink:label="loc_s2c_SJ" />
    <link:definitionArc xlink:type="arc" xlink:arcrole="http://xbrl.org/int/dim/arcrole/domain-member" xlink:from="loc_s2c_GA" xlink:to="loc_s2c_SJ" order="211" />
    <link:loc xlink:type="locator" xlink:href="../../../../../../../s2c/dict/dom/ga/mem.xsd#s2c_SZ" xlink:label="loc_s2c_SZ" />
    <link:definitionArc xlink:type="arc" xlink:arcrole="http://xbrl.org/int/dim/arcrole/domain-member" xlink:from="loc_s2c_GA" xlink:to="loc_s2c_SZ" order="212" />
    <link:loc xlink:type="locator" xlink:href="../../../../../../../s2c/dict/dom/ga/mem.xsd#s2c_SE" xlink:label="loc_s2c_SE" />
    <link:definitionArc xlink:type="arc" xlink:arcrole="http://xbrl.org/int/dim/arcrole/domain-member" xlink:from="loc_s2c_GA" xlink:to="loc_s2c_SE" order="213" />
    <link:loc xlink:type="locator" xlink:href="../../../../../../../s2c/dict/dom/ga/mem.xsd#s2c_CH" xlink:label="loc_s2c_CH" />
    <link:definitionArc xlink:type="arc" xlink:arcrole="http://xbrl.org/int/dim/arcrole/domain-member" xlink:from="loc_s2c_GA" xlink:to="loc_s2c_CH" order="214" />
    <link:loc xlink:type="locator" xlink:href="../../../../../../../s2c/dict/dom/ga/mem.xsd#s2c_SY" xlink:label="loc_s2c_SY" />
    <link:definitionArc xlink:type="arc" xlink:arcrole="http://xbrl.org/int/dim/arcrole/domain-member" xlink:from="loc_s2c_GA" xlink:to="loc_s2c_SY" order="215" />
    <link:loc xlink:type="locator" xlink:href="../../../../../../../s2c/dict/dom/ga/mem.xsd#s2c_TW" xlink:label="loc_s2c_TW" />
    <link:definitionArc xlink:type="arc" xlink:arcrole="http://xbrl.org/int/dim/arcrole/domain-member" xlink:from="loc_s2c_GA" xlink:to="loc_s2c_TW" order="216" />
    <link:loc xlink:type="locator" xlink:href="../../../../../../../s2c/dict/dom/ga/mem.xsd#s2c_TJ" xlink:label="loc_s2c_TJ" />
    <link:definitionArc xlink:type="arc" xlink:arcrole="http://xbrl.org/int/dim/arcrole/domain-member" xlink:from="loc_s2c_GA" xlink:to="loc_s2c_TJ" order="217" />
    <link:loc xlink:type="locator" xlink:href="../../../../../../../s2c/dict/dom/ga/mem.xsd#s2c_TZ" xlink:label="loc_s2c_TZ" />
    <link:definitionArc xlink:type="arc" xlink:arcrole="http://xbrl.org/int/dim/arcrole/domain-member" xlink:from="loc_s2c_GA" xlink:to="loc_s2c_TZ" order="218" />
    <link:loc xlink:type="locator" xlink:href="../../../../../../../s2c/dict/dom/ga/mem.xsd#s2c_TH" xlink:label="loc_s2c_TH" />
    <link:definitionArc xlink:type="arc" xlink:arcrole="http://xbrl.org/int/dim/arcrole/domain-member" xlink:from="loc_s2c_GA" xlink:to="loc_s2c_TH" order="219" />
    <link:loc xlink:type="locator" xlink:href="../../../../../../../s2c/dict/dom/ga/mem.xsd#s2c_TL" xlink:label="loc_s2c_TL" />
    <link:definitionArc xlink:type="arc" xlink:arcrole="http://xbrl.org/int/dim/arcrole/domain-member" xlink:from="loc_s2c_GA" xlink:to="loc_s2c_TL" order="220" />
    <link:loc xlink:type="locator" xlink:href="../../../../../../../s2c/dict/dom/ga/mem.xsd#s2c_TG" xlink:label="loc_s2c_TG" />
    <link:definitionArc xlink:type="arc" xlink:arcrole="http://xbrl.org/int/dim/arcrole/domain-member" xlink:from="loc_s2c_GA" xlink:to="loc_s2c_TG" order="221" />
    <link:loc xlink:type="locator" xlink:href="../../../../../../../s2c/dict/dom/ga/mem.xsd#s2c_TK" xlink:label="loc_s2c_TK" />
    <link:definitionArc xlink:type="arc" xlink:arcrole="http://xbrl.org/int/dim/arcrole/domain-member" xlink:from="loc_s2c_GA" xlink:to="loc_s2c_TK" order="222" />
    <link:loc xlink:type="locator" xlink:href="../../../../../../../s2c/dict/dom/ga/mem.xsd#s2c_TO" xlink:label="loc_s2c_TO" />
    <link:definitionArc xlink:type="arc" xlink:arcrole="http://xbrl.org/int/dim/arcrole/domain-member" xlink:from="loc_s2c_GA" xlink:to="loc_s2c_TO" order="223" />
    <link:loc xlink:type="locator" xlink:href="../../../../../../../s2c/dict/dom/ga/mem.xsd#s2c_TT" xlink:label="loc_s2c_TT" />
    <link:definitionArc xlink:type="arc" xlink:arcrole="http://xbrl.org/int/dim/arcrole/domain-member" xlink:from="loc_s2c_GA" xlink:to="loc_s2c_TT" order="224" />
    <link:loc xlink:type="locator" xlink:href="../../../../../../../s2c/dict/dom/ga/mem.xsd#s2c_TN" xlink:label="loc_s2c_TN" />
    <link:definitionArc xlink:type="arc" xlink:arcrole="http://xbrl.org/int/dim/arcrole/domain-member" xlink:from="loc_s2c_GA" xlink:to="loc_s2c_TN" order="225" />
    <link:loc xlink:type="locator" xlink:href="../../../../../../../s2c/dict/dom/ga/mem.xsd#s2c_TR" xlink:label="loc_s2c_TR" />
    <link:definitionArc xlink:type="arc" xlink:arcrole="http://xbrl.org/int/dim/arcrole/domain-member" xlink:from="loc_s2c_GA" xlink:to="loc_s2c_TR" order="226" />
    <link:loc xlink:type="locator" xlink:href="../../../../../../../s2c/dict/dom/ga/mem.xsd#s2c_TM" xlink:label="loc_s2c_TM" />
    <link:definitionArc xlink:type="arc" xlink:arcrole="http://xbrl.org/int/dim/arcrole/domain-member" xlink:from="loc_s2c_GA" xlink:to="loc_s2c_TM" order="227" />
    <link:loc xlink:type="locator" xlink:href="../../../../../../../s2c/dict/dom/ga/mem.xsd#s2c_TC" xlink:label="loc_s2c_TC" />
    <link:definitionArc xlink:type="arc" xlink:arcrole="http://xbrl.org/int/dim/arcrole/domain-member" xlink:from="loc_s2c_GA" xlink:to="loc_s2c_TC" order="228" />
    <link:loc xlink:type="locator" xlink:href="../../../../../../../s2c/dict/dom/ga/mem.xsd#s2c_TV" xlink:label="loc_s2c_TV" />
    <link:definitionArc xlink:type="arc" xlink:arcrole="http://xbrl.org/int/dim/arcrole/domain-member" xlink:from="loc_s2c_GA" xlink:to="loc_s2c_TV" order="229" />
    <link:loc xlink:type="locator" xlink:href="../../../../../../../s2c/dict/dom/ga/mem.xsd#s2c_UG" xlink:label="loc_s2c_UG" />
    <link:definitionArc xlink:type="arc" xlink:arcrole="http://xbrl.org/int/dim/arcrole/domain-member" xlink:from="loc_s2c_GA" xlink:to="loc_s2c_UG" order="230" />
    <link:loc xlink:type="locator" xlink:href="../../../../../../../s2c/dict/dom/ga/mem.xsd#s2c_UA" xlink:label="loc_s2c_UA" />
    <link:definitionArc xlink:type="arc" xlink:arcrole="http://xbrl.org/int/dim/arcrole/domain-member" xlink:from="loc_s2c_GA" xlink:to="loc_s2c_UA" order="231" />
    <link:loc xlink:type="locator" xlink:href="../../../../../../../s2c/dict/dom/ga/mem.xsd#s2c_AE" xlink:label="loc_s2c_AE" />
    <link:definitionArc xlink:type="arc" xlink:arcrole="http://xbrl.org/int/dim/arcrole/domain-member" xlink:from="loc_s2c_GA" xlink:to="loc_s2c_AE" order="232" />
    <link:loc xlink:type="locator" xlink:href="../../../../../../../s2c/dict/dom/ga/mem.xsd#s2c_GB" xlink:label="loc_s2c_GB" />
    <link:definitionArc xlink:type="arc" xlink:arcrole="http://xbrl.org/int/dim/arcrole/domain-member" xlink:from="loc_s2c_GA" xlink:to="loc_s2c_GB" order="233" />
    <link:loc xlink:type="locator" xlink:href="../../../../../../../s2c/dict/dom/ga/mem.xsd#s2c_US" xlink:label="loc_s2c_US" />
    <link:definitionArc xlink:type="arc" xlink:arcrole="http://xbrl.org/int/dim/arcrole/domain-member" xlink:from="loc_s2c_GA" xlink:to="loc_s2c_US" order="234" />
    <link:loc xlink:type="locator" xlink:href="../../../../../../../s2c/dict/dom/ga/mem.xsd#s2c_UM" xlink:label="loc_s2c_UM" />
    <link:definitionArc xlink:type="arc" xlink:arcrole="http://xbrl.org/int/dim/arcrole/domain-member" xlink:from="loc_s2c_GA" xlink:to="loc_s2c_UM" order="235" />
    <link:loc xlink:type="locator" xlink:href="../../../../../../../s2c/dict/dom/ga/mem.xsd#s2c_UY" xlink:label="loc_s2c_UY" />
    <link:definitionArc xlink:type="arc" xlink:arcrole="http://xbrl.org/int/dim/arcrole/domain-member" xlink:from="loc_s2c_GA" xlink:to="loc_s2c_UY" order="236" />
    <link:loc xlink:type="locator" xlink:href="../../../../../../../s2c/dict/dom/ga/mem.xsd#s2c_UZ" xlink:label="loc_s2c_UZ" />
    <link:definitionArc xlink:type="arc" xlink:arcrole="http://xbrl.org/int/dim/arcrole/domain-member" xlink:from="loc_s2c_GA" xlink:to="loc_s2c_UZ" order="237" />
    <link:loc xlink:type="locator" xlink:href="../../../../../../../s2c/dict/dom/ga/mem.xsd#s2c_VU" xlink:label="loc_s2c_VU" />
    <link:definitionArc xlink:type="arc" xlink:arcrole="http://xbrl.org/int/dim/arcrole/domain-member" xlink:from="loc_s2c_GA" xlink:to="loc_s2c_VU" order="238" />
    <link:loc xlink:type="locator" xlink:href="../../../../../../../s2c/dict/dom/ga/mem.xsd#s2c_VE" xlink:label="loc_s2c_VE" />
    <link:definitionArc xlink:type="arc" xlink:arcrole="http://xbrl.org/int/dim/arcrole/domain-member" xlink:from="loc_s2c_GA" xlink:to="loc_s2c_VE" order="239" />
    <link:loc xlink:type="locator" xlink:href="../../../../../../../s2c/dict/dom/ga/mem.xsd#s2c_VN" xlink:label="loc_s2c_VN" />
    <link:definitionArc xlink:type="arc" xlink:arcrole="http://xbrl.org/int/dim/arcrole/domain-member" xlink:from="loc_s2c_GA" xlink:to="loc_s2c_VN" order="240" />
    <link:loc xlink:type="locator" xlink:href="../../../../../../../s2c/dict/dom/ga/mem.xsd#s2c_VG" xlink:label="loc_s2c_VG" />
    <link:definitionArc xlink:type="arc" xlink:arcrole="http://xbrl.org/int/dim/arcrole/domain-member" xlink:from="loc_s2c_GA" xlink:to="loc_s2c_VG" order="241" />
    <link:loc xlink:type="locator" xlink:href="../../../../../../../s2c/dict/dom/ga/mem.xsd#s2c_VI" xlink:label="loc_s2c_VI" />
    <link:definitionArc xlink:type="arc" xlink:arcrole="http://xbrl.org/int/dim/arcrole/domain-member" xlink:from="loc_s2c_GA" xlink:to="loc_s2c_VI" order="242" />
    <link:loc xlink:type="locator" xlink:href="../../../../../../../s2c/dict/dom/ga/mem.xsd#s2c_WF" xlink:label="loc_s2c_WF" />
    <link:definitionArc xlink:type="arc" xlink:arcrole="http://xbrl.org/int/dim/arcrole/domain-member" xlink:from="loc_s2c_GA" xlink:to="loc_s2c_WF" order="243" />
    <link:loc xlink:type="locator" xlink:href="../../../../../../../s2c/dict/dom/ga/mem.xsd#s2c_EH" xlink:label="loc_s2c_EH" />
    <link:definitionArc xlink:type="arc" xlink:arcrole="http://xbrl.org/int/dim/arcrole/domain-member" xlink:from="loc_s2c_GA" xlink:to="loc_s2c_EH" order="244" />
    <link:loc xlink:type="locator" xlink:href="../../../../../../../s2c/dict/dom/ga/mem.xsd#s2c_YE" xlink:label="loc_s2c_YE" />
    <link:definitionArc xlink:type="arc" xlink:arcrole="http://xbrl.org/int/dim/arcrole/domain-member" xlink:from="loc_s2c_GA" xlink:to="loc_s2c_YE" order="245" />
    <link:loc xlink:type="locator" xlink:href="../../../../../../../s2c/dict/dom/ga/mem.xsd#s2c_ZM" xlink:label="loc_s2c_ZM" />
    <link:definitionArc xlink:type="arc" xlink:arcrole="http://xbrl.org/int/dim/arcrole/domain-member" xlink:from="loc_s2c_GA" xlink:to="loc_s2c_ZM" order="246" />
    <link:loc xlink:type="locator" xlink:href="../../../../../../../s2c/dict/dom/ga/mem.xsd#s2c_ZW" xlink:label="loc_s2c_ZW" />
    <link:definitionArc xlink:type="arc" xlink:arcrole="http://xbrl.org/int/dim/arcrole/domain-member" xlink:from="loc_s2c_GA" xlink:to="loc_s2c_ZW" order="247" />
    <link:loc xlink:type="locator" xlink:href="../../../../../../../s2c/dict/dom/ga/mem.xsd#s2c_SS" xlink:label="loc_s2c_SS" />
    <link:definitionArc xlink:type="arc" xlink:arcrole="http://xbrl.org/int/dim/arcrole/domain-member" xlink:from="loc_s2c_GA" xlink:to="loc_s2c_SS" order="248" />
  </link:definitionLink>
</link:linkbase>