<?xml version="1.0" encoding="UTF-8"?>
<!--(C) EIOPA - XBRL Solvency 2 Taxonomy-->
<?officialURI http://eiopa.europa.eu/eu/xbrl/s2md/fws/solvency/solvency2/2016-07-15/tab/s.01.02.07.03/s.01.02.07.03-rend.xml?>
<?taxonomy-version 2.1.0?>
<?taxonomy-date 2016-07-15?>
<link:linkbase xmlns:xsi="http://www.w3.org/2001/XMLSchema-instance" xmlns:xlink="http://www.w3.org/1999/xlink" xmlns:link="http://www.xbrl.org/2003/linkbase" xmlns:gen="http://xbrl.org/2008/generic" xmlns:label="http://xbrl.org/2008/label" xmlns:formula="http://xbrl.org/2008/formula" xmlns:df="http://xbrl.org/2008/filter/dimension" xmlns:table="http://xbrl.org/2014/table" xmlns:model="http://www.eurofiling.info/xbrl/ext/model" xmlns:s2md_met="http://eiopa.europa.eu/xbrl/s2md/dict/met" xmlns:s2c_dim="http://eiopa.europa.eu/xbrl/s2c/dict/dim" xmlns:s2c_GA="http://eiopa.europa.eu/xbrl/s2c/dict/dom/GA" xsi:schemaLocation="http://www.xbrl.org/2003/linkbase http://www.xbrl.org/2003/xbrl-linkbase-2003-12-31.xsd http://xbrl.org/2008/generic http://www.xbrl.org/2008/generic-link.xsd http://xbrl.org/2008/label http://www.xbrl.org/2008/generic-label.xsd http://xbrl.org/2008/formula http://www.xbrl.org/2008/formula.xsd http://xbrl.org/2008/filter/dimension http://www.xbrl.org/2008/dimension-filter.xsd http://xbrl.org/2014/table http://www.xbrl.org/2014/table.xsd http://www.eurofiling.info/xbrl/ext/model http://www.eurofiling.info/eu/fr/xbrl/ext/model.xsd">
  <link:arcroleRef arcroleURI="http://xbrl.org/arcrole/2014/aspect-node-filter" xlink:type="simple" xlink:href="http://www.xbrl.org/2014/table.xsd#aspect-node-filter" />
  <link:arcroleRef arcroleURI="http://xbrl.org/arcrole/2014/breakdown-tree" xlink:type="simple" xlink:href="http://www.xbrl.org/2014/table.xsd#breakdown-tree" />
  <link:arcroleRef arcroleURI="http://xbrl.org/arcrole/2014/definition-node-subtree" xlink:type="simple" xlink:href="http://www.xbrl.org/2014/table.xsd#definition-node-subtree" />
  <link:arcroleRef arcroleURI="http://xbrl.org/arcrole/2014/table-breakdown" xlink:type="simple" xlink:href="http://www.xbrl.org/2014/table.xsd#table-breakdown" />
  <link:roleRef roleURI="http://eiopa.europa.eu/xbrl/s2c/role/dict/dom/GA/18" xlink:type="simple" xlink:href="../../../../../../../s2c/dict/dom/ga/hier.xsd#s2c_18" />
  <link:roleRef roleURI="http://eiopa.europa.eu/xbrl/s2md/role/fws/solvency/solvency2/2016-07-15/tab/S.01.02.07.03" xlink:type="simple" xlink:href="s.01.02.07.03.xsd#role" />
  <gen:link xlink:type="extended" xlink:role="http://eiopa.europa.eu/xbrl/s2md/role/fws/solvency/solvency2/2016-07-15/tab/S.01.02.07.03">
    <table:table xlink:type="resource" xlink:label="s2md_tS.01.02.07.03" id="s2md_tS.01.02.07.03" />
    <table:breakdown xlink:type="resource" xlink:label="s2md_a1" parentChildOrder="parent-first" id="s2md_a1" />
    <table:ruleNode xlink:type="resource" xlink:label="s2md_a1.root" abstract="true" merge="true" id="s2md_a1.root" />
    <table:breakdownTreeArc xlink:type="arc" xlink:arcrole="http://xbrl.org/arcrole/2014/breakdown-tree" xlink:from="s2md_a1" xlink:to="s2md_a1.root" order="0" />
    <table:ruleNode xlink:type="resource" xlink:label="s2md_c561" id="s2md_c561">
      <formula:concept>
        <formula:qname>s2md_met:si2131</formula:qname>
      </formula:concept>
    </table:ruleNode>
    <table:definitionNodeSubtreeArc xlink:type="arc" xlink:arcrole="http://xbrl.org/arcrole/2014/definition-node-subtree" xlink:from="s2md_a1.root" xlink:to="s2md_c561" order="1" />
    <table:tableBreakdownArc xlink:type="arc" xlink:arcrole="http://xbrl.org/arcrole/2014/table-breakdown" xlink:from="s2md_tS.01.02.07.03" xlink:to="s2md_a1" axis="x" order="1" />
    <table:breakdown xlink:type="resource" xlink:label="s2md_a2" parentChildOrder="parent-first" id="s2md_a2" />
    <table:aspectNode xlink:type="resource" xlink:label="s2md_a2.root" id="s2md_a2.root">
      <table:dimensionAspect>s2c_dim:LG</table:dimensionAspect>
    </table:aspectNode>
    <table:breakdownTreeArc xlink:type="arc" xlink:arcrole="http://xbrl.org/arcrole/2014/breakdown-tree" xlink:from="s2md_a2" xlink:to="s2md_a2.root" order="0" />
    <df:explicitDimension xlink:type="resource" xlink:label="s2md_a2.root.filter" id="s2md_a2.root.filter">
      <df:dimension>
        <df:qname>s2c_dim:LG</df:qname>
      </df:dimension>
      <df:member>
        <df:qname>s2c_GA:x0</df:qname>
        <df:linkrole>http://eiopa.europa.eu/xbrl/s2c/role/dict/dom/GA/18</df:linkrole>
        <df:arcrole>http://xbrl.org/int/dim/arcrole/domain-member</df:arcrole>
        <df:axis>descendant</df:axis>
      </df:member>
    </df:explicitDimension>
    <table:aspectNodeFilterArc xlink:type="arc" xlink:arcrole="http://xbrl.org/arcrole/2014/aspect-node-filter" xlink:from="s2md_a2.root" xlink:to="s2md_a2.root.filter" complement="false" />
    <table:tableBreakdownArc xlink:type="arc" xlink:arcrole="http://xbrl.org/arcrole/2014/table-breakdown" xlink:from="s2md_tS.01.02.07.03" xlink:to="s2md_a2" axis="y" order="2" />
  </gen:link>
</link:linkbase>