<?xml version="1.0" encoding="UTF-8"?>
<!--(C) EIOPA - XBRL Solvency 2 Taxonomy-->
<?officialURI http://eiopa.europa.eu/eu/xbrl/s2md/fws/solvency/solvency2/2016-07-15/tab/s.01.02.07.03/s.01.02.07.03-lab-keys.xml?>
<?taxonomy-version 2.1.0?>
<?taxonomy-date 2016-07-15?>
<link:linkbase xmlns:xsi="http://www.w3.org/2001/XMLSchema-instance" xmlns:xlink="http://www.w3.org/1999/xlink" xmlns:link="http://www.xbrl.org/2003/linkbase" xmlns:gen="http://xbrl.org/2008/generic" xmlns:label="http://xbrl.org/2008/label" xsi:schemaLocation="http://www.xbrl.org/2003/linkbase http://www.xbrl.org/2003/xbrl-linkbase-2003-12-31.xsd http://xbrl.org/2008/generic http://www.xbrl.org/2008/generic-link.xsd http://xbrl.org/2008/label http://www.xbrl.org/2008/generic-label.xsd">
  <link:arcroleRef arcroleURI="http://xbrl.org/arcrole/2008/element-label" xlink:type="simple" xlink:href="http://www.xbrl.org/2008/generic-label.xsd#element-label" />
  <link:roleRef roleURI="http://www.eurofiling.info/xbrl/role/filing-indicator-code" xlink:type="simple" xlink:href="http://www.eurofiling.info/eu/fr/xbrl/ext/model.xsd#filing-indicator-code" />
  <link:roleRef roleURI="http://www.eurofiling.info/xbrl/role/rc-code" xlink:type="simple" xlink:href="http://www.eurofiling.info/eu/fr/xbrl/ext/model.xsd#rc-code" />
  <gen:link xlink:type="extended" xlink:role="http://www.xbrl.org/2003/role/link">
    <label:label xlink:type="resource" xlink:label="label_s2md_a2" xml:lang="en" xlink:role="http://eiopa.europa.eu/eu/xbrl/role/key-column-type">*natural key*|"mandatory"</label:label>
    <gen:arc xlink:type="arc" xlink:arcrole="http://xbrl.org/arcrole/2008/element-label" xlink:from="loc_s2md_a2" xlink:to="label_s2md_a2" />
    <link:loc xlink:type="locator" xlink:href="s.01.02.07.03-rend.xml#s2md_a2" xlink:label="loc_s2md_a2" />
  </gen:link>
  <link:roleRef roleURI="http://eiopa.europa.eu/eu/xbrl/role/key-column-type" xlink:type="simple" xlink:href="../../../../../../../ext/model.xsd#key-column-type" />
</link:linkbase>