<?xml version="1.0" encoding="UTF-8"?>
<!--(C) EIOPA - XBRL Solvency 2 Taxonomy-->
<?officialURI http://eiopa.europa.eu/eu/xbrl/s2md/fws/solvency/solvency2/2016-07-15/tab/e.03.01.16.01/e.03.01.16.01-def.xml?>
<?taxonomy-version 2.1.0?>
<?taxonomy-date 2016-07-15?>
<link:linkbase xmlns:xsi="http://www.w3.org/2001/XMLSchema-instance" xmlns:xlink="http://www.w3.org/1999/xlink" xmlns:link="http://www.xbrl.org/2003/linkbase" xmlns:xbrldt="http://xbrl.org/2005/xbrldt" xsi:schemaLocation="http://www.xbrl.org/2003/linkbase http://www.xbrl.org/2003/xbrl-linkbase-2003-12-31.xsd http://xbrl.org/2005/xbrldt http://www.xbrl.org/2005/xbrldt-2005.xsd">
  <link:arcroleRef arcroleURI="http://xbrl.org/int/dim/arcrole/all" xlink:type="simple" xlink:href="http://www.xbrl.org/2005/xbrldt-2005.xsd#all" />
  <link:arcroleRef arcroleURI="http://xbrl.org/int/dim/arcrole/dimension-domain" xlink:type="simple" xlink:href="http://www.xbrl.org/2005/xbrldt-2005.xsd#dimension-domain" />
  <link:arcroleRef arcroleURI="http://xbrl.org/int/dim/arcrole/domain-member" xlink:type="simple" xlink:href="http://www.xbrl.org/2005/xbrldt-2005.xsd#domain-member" />
  <link:arcroleRef arcroleURI="http://xbrl.org/int/dim/arcrole/hypercube-dimension" xlink:type="simple" xlink:href="http://www.xbrl.org/2005/xbrldt-2005.xsd#hypercube-dimension" />
  <link:roleRef roleURI="http://eiopa.europa.eu/xbrl/s2md/role/fws/solvency/solvency2/2016-07-15/tab/E.03.01.16.01/1" xlink:type="simple" xlink:href="e.03.01.16.01.xsd#role1" />
  <link:roleRef roleURI="http://eiopa.europa.eu/xbrl/s2md/role/fws/solvency/solvency2/2016-07-15/tab/E.03.01.16.01/2" xlink:type="simple" xlink:href="e.03.01.16.01.xsd#role2" />
  <link:definitionLink xlink:type="extended" xlink:role="http://eiopa.europa.eu/xbrl/s2md/role/fws/solvency/solvency2/2016-07-15/tab/E.03.01.16.01/1">
    <link:loc xlink:type="locator" xlink:href="../../../../../../dict/met/met.xsd#s2md_mi363" xlink:label="loc_s2md_mi363" />
    <link:loc xlink:type="locator" xlink:href="http://www.eurofiling.info/eu/fr/xbrl/ext/model.xsd#hyp" xlink:label="loc_hyp" />
    <link:definitionArc xlink:type="arc" xlink:arcrole="http://xbrl.org/int/dim/arcrole/all" xlink:from="loc_s2md_mi363" xlink:to="loc_hyp" xbrldt:closed="true" xbrldt:contextElement="scenario" order="1" />
    <link:loc xlink:type="locator" xlink:href="../../../../../../../s2c/dict/dim/dim.xsd#s2c_BL" xlink:label="loc_s2c_BL" />
    <link:definitionArc xlink:type="arc" xlink:arcrole="http://xbrl.org/int/dim/arcrole/hypercube-dimension" xlink:from="loc_hyp" xlink:to="loc_s2c_BL" order="1" />
    <link:loc xlink:type="locator" xlink:href="../../../../../../../s2c/dict/dom/exp.xsd#s2c_LB" xlink:label="loc_s2c_LB" />
    <link:definitionArc xlink:type="arc" xlink:arcrole="http://xbrl.org/int/dim/arcrole/dimension-domain" xlink:from="loc_s2c_BL" xlink:to="loc_s2c_LB" xbrldt:usable="false" order="1" />
    <link:loc xlink:type="locator" xlink:href="../../../../../../../s2c/dict/dom/lb/mem.xsd#s2c_x181" xlink:label="loc_s2c_x181" />
    <link:definitionArc xlink:type="arc" xlink:arcrole="http://xbrl.org/int/dim/arcrole/domain-member" xlink:from="loc_s2c_LB" xlink:to="loc_s2c_x181" order="1" />
    <link:loc xlink:type="locator" xlink:href="../../../../../../../s2c/dict/dim/dim.xsd#s2c_EE" xlink:label="loc_s2c_EE" />
    <link:definitionArc xlink:type="arc" xlink:arcrole="http://xbrl.org/int/dim/arcrole/hypercube-dimension" xlink:from="loc_hyp" xlink:to="loc_s2c_EE" order="2" />
    <link:loc xlink:type="locator" xlink:href="../../../../../../../s2c/dict/dom/exp.xsd#s2c_GA" xlink:label="loc_s2c_GA" />
    <link:definitionArc xlink:type="arc" xlink:arcrole="http://xbrl.org/int/dim/arcrole/dimension-domain" xlink:from="loc_s2c_EE" xlink:to="loc_s2c_GA" xbrldt:usable="false" order="1" />
    <link:loc xlink:type="locator" xlink:href="../../../../../../../s2c/dict/dom/ga/mem.xsd#s2c_x24" xlink:label="loc_s2c_x24" />
    <link:definitionArc xlink:type="arc" xlink:arcrole="http://xbrl.org/int/dim/arcrole/domain-member" xlink:from="loc_s2c_GA" xlink:to="loc_s2c_x24" order="1" />
    <link:loc xlink:type="locator" xlink:href="../../../../../../../s2c/dict/dim/dim.xsd#s2c_VG" xlink:label="loc_s2c_VG" />
    <link:definitionArc xlink:type="arc" xlink:arcrole="http://xbrl.org/int/dim/arcrole/hypercube-dimension" xlink:from="loc_hyp" xlink:to="loc_s2c_VG" order="3" />
    <link:loc xlink:type="locator" xlink:href="../../../../../../../s2c/dict/dom/exp.xsd#s2c_AM" xlink:label="loc_s2c_AM" />
    <link:definitionArc xlink:type="arc" xlink:arcrole="http://xbrl.org/int/dim/arcrole/dimension-domain" xlink:from="loc_s2c_VG" xlink:to="loc_s2c_AM" xbrldt:usable="false" order="1" />
    <link:loc xlink:type="locator" xlink:href="../../../../../../../s2c/dict/dom/am/mem.xsd#s2c_x80" xlink:label="loc_s2c_x80" />
    <link:definitionArc xlink:type="arc" xlink:arcrole="http://xbrl.org/int/dim/arcrole/domain-member" xlink:from="loc_s2c_AM" xlink:to="loc_s2c_x80" order="1" />
    <link:loc xlink:type="locator" xlink:href="../../../../../../../s2c/dict/dim/dim.xsd#s2c_VL" xlink:label="loc_s2c_VL" />
    <link:definitionArc xlink:type="arc" xlink:arcrole="http://xbrl.org/int/dim/arcrole/hypercube-dimension" xlink:from="loc_hyp" xlink:to="loc_s2c_VL" order="4" />
    <link:loc xlink:type="locator" xlink:href="../../../../../../../s2c/dict/dom/exp.xsd#s2c_VM" xlink:label="loc_s2c_VM" />
    <link:definitionArc xlink:type="arc" xlink:arcrole="http://xbrl.org/int/dim/arcrole/dimension-domain" xlink:from="loc_s2c_VL" xlink:to="loc_s2c_VM" xbrldt:usable="false" order="1" />
    <link:loc xlink:type="locator" xlink:href="../../../../../../../s2c/dict/dom/vm/mem.xsd#s2c_x9" xlink:label="loc_s2c_x9" />
    <link:definitionArc xlink:type="arc" xlink:arcrole="http://xbrl.org/int/dim/arcrole/domain-member" xlink:from="loc_s2c_VM" xlink:to="loc_s2c_x9" order="1" />
    <link:loc xlink:type="locator" xlink:href="../../../../../../../s2c/dict/dim/dim.xsd#s2c_MT" xlink:label="loc_s2c_MT" />
    <link:definitionArc xlink:type="arc" xlink:arcrole="http://xbrl.org/int/dim/arcrole/hypercube-dimension" xlink:from="loc_hyp" xlink:to="loc_s2c_MT" order="5" />
    <link:loc xlink:type="locator" xlink:href="../../../../../../../s2c/dict/dom/exp.xsd#s2c_AP" xlink:label="loc_s2c_AP" />
    <link:definitionArc xlink:type="arc" xlink:arcrole="http://xbrl.org/int/dim/arcrole/dimension-domain" xlink:from="loc_s2c_MT" xlink:to="loc_s2c_AP" xbrldt:usable="false" order="1" />
    <link:loc xlink:type="locator" xlink:href="../../../../../../../s2c/dict/dom/ap/mem.xsd#s2c_x0" xlink:label="loc_s2c_x0" />
    <link:definitionArc xlink:type="arc" xlink:arcrole="http://xbrl.org/int/dim/arcrole/domain-member" xlink:from="loc_s2c_AP" xlink:to="loc_s2c_x0" order="1" />
  </link:definitionLink>
  <link:definitionLink xlink:type="extended" xlink:role="http://eiopa.europa.eu/xbrl/s2md/role/fws/solvency/solvency2/2016-07-15/tab/E.03.01.16.01/2">
    <link:loc xlink:type="locator" xlink:href="../../../../../../dict/met/met.xsd#s2md_mi363" xlink:label="loc_s2md_mi363" />
    <link:loc xlink:type="locator" xlink:href="http://www.eurofiling.info/eu/fr/xbrl/ext/model.xsd#hyp" xlink:label="loc_hyp" />
    <link:definitionArc xlink:type="arc" xlink:arcrole="http://xbrl.org/int/dim/arcrole/all" xlink:from="loc_s2md_mi363" xlink:to="loc_hyp" xbrldt:closed="true" xbrldt:contextElement="scenario" order="1" />
    <link:loc xlink:type="locator" xlink:href="../../../../../../../s2c/dict/dim/dim.xsd#s2c_BL" xlink:label="loc_s2c_BL" />
    <link:definitionArc xlink:type="arc" xlink:arcrole="http://xbrl.org/int/dim/arcrole/hypercube-dimension" xlink:from="loc_hyp" xlink:to="loc_s2c_BL" order="1" />
    <link:loc xlink:type="locator" xlink:href="../../../../../../../s2c/dict/dom/exp.xsd#s2c_LB" xlink:label="loc_s2c_LB" />
    <link:definitionArc xlink:type="arc" xlink:arcrole="http://xbrl.org/int/dim/arcrole/dimension-domain" xlink:from="loc_s2c_BL" xlink:to="loc_s2c_LB" xbrldt:usable="false" order="1" />
    <link:loc xlink:type="locator" xlink:href="../../../../../../../s2c/dict/dom/lb/mem.xsd#s2c_x181" xlink:label="loc_s2c_x181" />
    <link:definitionArc xlink:type="arc" xlink:arcrole="http://xbrl.org/int/dim/arcrole/domain-member" xlink:from="loc_s2c_LB" xlink:to="loc_s2c_x181" order="1" />
    <link:loc xlink:type="locator" xlink:href="../../../../../../../s2c/dict/dim/dim.xsd#s2c_EE" xlink:label="loc_s2c_EE" />
    <link:definitionArc xlink:type="arc" xlink:arcrole="http://xbrl.org/int/dim/arcrole/hypercube-dimension" xlink:from="loc_hyp" xlink:to="loc_s2c_EE" order="2" />
    <link:loc xlink:type="locator" xlink:href="../../../../../../../s2c/dict/dom/exp.xsd#s2c_GA" xlink:label="loc_s2c_GA" />
    <link:definitionArc xlink:type="arc" xlink:arcrole="http://xbrl.org/int/dim/arcrole/dimension-domain" xlink:from="loc_s2c_EE" xlink:to="loc_s2c_GA" xbrldt:usable="false" order="1" />
    <link:loc xlink:type="locator" xlink:href="../../../../../../../s2c/dict/dom/ga/mem.xsd#s2c_x15" xlink:label="loc_s2c_x15" />
    <link:definitionArc xlink:type="arc" xlink:arcrole="http://xbrl.org/int/dim/arcrole/domain-member" xlink:from="loc_s2c_GA" xlink:to="loc_s2c_x15" order="1" />
    <link:loc xlink:type="locator" xlink:href="../../../../../../../s2c/dict/dom/ga/mem.xsd#s2c_x42" xlink:label="loc_s2c_x42" />
    <link:definitionArc xlink:type="arc" xlink:arcrole="http://xbrl.org/int/dim/arcrole/domain-member" xlink:from="loc_s2c_GA" xlink:to="loc_s2c_x42" order="2" />
    <link:loc xlink:type="locator" xlink:href="../../../../../../../s2c/dict/dim/dim.xsd#s2c_MT" xlink:label="loc_s2c_MT" />
    <link:definitionArc xlink:type="arc" xlink:arcrole="http://xbrl.org/int/dim/arcrole/hypercube-dimension" xlink:from="loc_hyp" xlink:to="loc_s2c_MT" order="3" />
    <link:loc xlink:type="locator" xlink:href="../../../../../../../s2c/dict/dom/exp.xsd#s2c_AP" xlink:label="loc_s2c_AP" />
    <link:definitionArc xlink:type="arc" xlink:arcrole="http://xbrl.org/int/dim/arcrole/dimension-domain" xlink:from="loc_s2c_MT" xlink:to="loc_s2c_AP" xbrldt:usable="false" order="1" />
    <link:loc xlink:type="locator" xlink:href="../../../../../../../s2c/dict/dom/ap/mem.xsd#s2c_x22" xlink:label="loc_s2c_x22" />
    <link:definitionArc xlink:type="arc" xlink:arcrole="http://xbrl.org/int/dim/arcrole/domain-member" xlink:from="loc_s2c_AP" xlink:to="loc_s2c_x22" order="1" />
    <link:loc xlink:type="locator" xlink:href="../../../../../../../s2c/dict/dim/dim.xsd#s2c_VG" xlink:label="loc_s2c_VG" />
    <link:definitionArc xlink:type="arc" xlink:arcrole="http://xbrl.org/int/dim/arcrole/hypercube-dimension" xlink:from="loc_hyp" xlink:to="loc_s2c_VG" order="4" />
    <link:loc xlink:type="locator" xlink:href="../../../../../../../s2c/dict/dom/exp.xsd#s2c_AM" xlink:label="loc_s2c_AM" />
    <link:definitionArc xlink:type="arc" xlink:arcrole="http://xbrl.org/int/dim/arcrole/dimension-domain" xlink:from="loc_s2c_VG" xlink:to="loc_s2c_AM" xbrldt:usable="false" order="1" />
    <link:loc xlink:type="locator" xlink:href="../../../../../../../s2c/dict/dom/am/mem.xsd#s2c_x80" xlink:label="loc_s2c_x80" />
    <link:definitionArc xlink:type="arc" xlink:arcrole="http://xbrl.org/int/dim/arcrole/domain-member" xlink:from="loc_s2c_AM" xlink:to="loc_s2c_x80" order="1" />
    <link:loc xlink:type="locator" xlink:href="../../../../../../../s2c/dict/dim/dim.xsd#s2c_VL" xlink:label="loc_s2c_VL" />
    <link:definitionArc xlink:type="arc" xlink:arcrole="http://xbrl.org/int/dim/arcrole/hypercube-dimension" xlink:from="loc_hyp" xlink:to="loc_s2c_VL" order="5" />
    <link:loc xlink:type="locator" xlink:href="../../../../../../../s2c/dict/dom/exp.xsd#s2c_VM" xlink:label="loc_s2c_VM" />
    <link:definitionArc xlink:type="arc" xlink:arcrole="http://xbrl.org/int/dim/arcrole/dimension-domain" xlink:from="loc_s2c_VL" xlink:to="loc_s2c_VM" xbrldt:usable="false" order="1" />
    <link:loc xlink:type="locator" xlink:href="../../../../../../../s2c/dict/dom/vm/mem.xsd#s2c_x9" xlink:label="loc_s2c_x9" />
    <link:definitionArc xlink:type="arc" xlink:arcrole="http://xbrl.org/int/dim/arcrole/domain-member" xlink:from="loc_s2c_VM" xlink:to="loc_s2c_x9" order="1" />
  </link:definitionLink>
</link:linkbase>