<?xml version="1.0" encoding="UTF-8"?>
<!--(C) EIOPA - XBRL Solvency 2 Taxonomy-->
<?officialURI http://eiopa.europa.eu/eu/xbrl/s2c/dict/dom/el/hier-def.xml?>
<?taxonomy-version 2.1.0?>
<?taxonomy-date 2016-07-15?>
<link:linkbase xmlns:xsi="http://www.w3.org/2001/XMLSchema-instance" xmlns:xlink="http://www.w3.org/1999/xlink" xmlns:link="http://www.xbrl.org/2003/linkbase" xmlns:xbrldt="http://xbrl.org/2005/xbrldt" xsi:schemaLocation="http://www.xbrl.org/2003/linkbase http://www.xbrl.org/2003/xbrl-linkbase-2003-12-31.xsd http://xbrl.org/2005/xbrldt http://www.xbrl.org/2005/xbrldt-2005.xsd">
  <link:arcroleRef arcroleURI="http://xbrl.org/int/dim/arcrole/domain-member" xlink:type="simple" xlink:href="http://www.xbrl.org/2005/xbrldt-2005.xsd#domain-member" />
  <link:roleRef roleURI="http://eiopa.europa.eu/xbrl/s2c/role/dict/dom/EL/1" xlink:type="simple" xlink:href="hier.xsd#s2c_1" />
  <link:roleRef roleURI="http://eiopa.europa.eu/xbrl/s2c/role/dict/dom/EL/10" xlink:type="simple" xlink:href="hier.xsd#s2c_10" />
  <link:roleRef roleURI="http://eiopa.europa.eu/xbrl/s2c/role/dict/dom/EL/11" xlink:type="simple" xlink:href="hier.xsd#s2c_11" />
  <link:roleRef roleURI="http://eiopa.europa.eu/xbrl/s2c/role/dict/dom/EL/12" xlink:type="simple" xlink:href="hier.xsd#s2c_12" />
  <link:roleRef roleURI="http://eiopa.europa.eu/xbrl/s2c/role/dict/dom/EL/13" xlink:type="simple" xlink:href="hier.xsd#s2c_13" />
  <link:roleRef roleURI="http://eiopa.europa.eu/xbrl/s2c/role/dict/dom/EL/14" xlink:type="simple" xlink:href="hier.xsd#s2c_14" />
  <link:roleRef roleURI="http://eiopa.europa.eu/xbrl/s2c/role/dict/dom/EL/2" xlink:type="simple" xlink:href="hier.xsd#s2c_2" />
  <link:roleRef roleURI="http://eiopa.europa.eu/xbrl/s2c/role/dict/dom/EL/3" xlink:type="simple" xlink:href="hier.xsd#s2c_3" />
  <link:roleRef roleURI="http://eiopa.europa.eu/xbrl/s2c/role/dict/dom/EL/4" xlink:type="simple" xlink:href="hier.xsd#s2c_4" />
  <link:roleRef roleURI="http://eiopa.europa.eu/xbrl/s2c/role/dict/dom/EL/5" xlink:type="simple" xlink:href="hier.xsd#s2c_5" />
  <link:roleRef roleURI="http://eiopa.europa.eu/xbrl/s2c/role/dict/dom/EL/6" xlink:type="simple" xlink:href="hier.xsd#s2c_6" />
  <link:roleRef roleURI="http://eiopa.europa.eu/xbrl/s2c/role/dict/dom/EL/7" xlink:type="simple" xlink:href="hier.xsd#s2c_7" />
  <link:roleRef roleURI="http://eiopa.europa.eu/xbrl/s2c/role/dict/dom/EL/8" xlink:type="simple" xlink:href="hier.xsd#s2c_8" />
  <link:roleRef roleURI="http://eiopa.europa.eu/xbrl/s2c/role/dict/dom/EL/9" xlink:type="simple" xlink:href="hier.xsd#s2c_9" />
  <link:definitionLink xlink:type="extended" xlink:role="http://eiopa.europa.eu/xbrl/s2c/role/dict/dom/EL/1">
    <link:loc xlink:type="locator" xlink:href="../exp.xsd#s2c_EL" xlink:label="loc_s2c_EL" />
    <link:loc xlink:type="locator" xlink:href="mem.xsd#s2c_x0" xlink:label="loc_s2c_x0" />
    <link:definitionArc xlink:type="arc" xlink:arcrole="http://xbrl.org/int/dim/arcrole/domain-member" xlink:from="loc_s2c_EL" xlink:to="loc_s2c_x0" order="1" />
    <link:loc xlink:type="locator" xlink:href="mem.xsd#s2c_x6" xlink:label="loc_s2c_x6" />
    <link:definitionArc xlink:type="arc" xlink:arcrole="http://xbrl.org/int/dim/arcrole/domain-member" xlink:from="loc_s2c_x0" xlink:to="loc_s2c_x6" order="1" />
    <link:loc xlink:type="locator" xlink:href="mem.xsd#s2c_x7" xlink:label="loc_s2c_x7" />
    <link:definitionArc xlink:type="arc" xlink:arcrole="http://xbrl.org/int/dim/arcrole/domain-member" xlink:from="loc_s2c_x6" xlink:to="loc_s2c_x7" order="1" />
    <link:loc xlink:type="locator" xlink:href="mem.xsd#s2c_x2" xlink:label="loc_s2c_x2" />
    <link:definitionArc xlink:type="arc" xlink:arcrole="http://xbrl.org/int/dim/arcrole/domain-member" xlink:from="loc_s2c_x6" xlink:to="loc_s2c_x2" order="2" />
    <link:loc xlink:type="locator" xlink:href="mem.xsd#s2c_x16" xlink:label="loc_s2c_x16" />
    <link:definitionArc xlink:type="arc" xlink:arcrole="http://xbrl.org/int/dim/arcrole/domain-member" xlink:from="loc_s2c_x2" xlink:to="loc_s2c_x16" order="1" />
    <link:loc xlink:type="locator" xlink:href="mem.xsd#s2c_x15" xlink:label="loc_s2c_x15" />
    <link:definitionArc xlink:type="arc" xlink:arcrole="http://xbrl.org/int/dim/arcrole/domain-member" xlink:from="loc_s2c_x2" xlink:to="loc_s2c_x15" order="2" />
    <link:loc xlink:type="locator" xlink:href="mem.xsd#s2c_x19" xlink:label="loc_s2c_x19" />
    <link:definitionArc xlink:type="arc" xlink:arcrole="http://xbrl.org/int/dim/arcrole/domain-member" xlink:from="loc_s2c_x0" xlink:to="loc_s2c_x19" order="2" />
  </link:definitionLink>
  <link:definitionLink xlink:type="extended" xlink:role="http://eiopa.europa.eu/xbrl/s2c/role/dict/dom/EL/2">
    <link:loc xlink:type="locator" xlink:href="../exp.xsd#s2c_EL" xlink:label="loc_s2c_EL" />
    <link:loc xlink:type="locator" xlink:href="mem.xsd#s2c_x0" xlink:label="loc_s2c_x0" />
    <link:definitionArc xlink:type="arc" xlink:arcrole="http://xbrl.org/int/dim/arcrole/domain-member" xlink:from="loc_s2c_EL" xlink:to="loc_s2c_x0" order="1" />
    <link:loc xlink:type="locator" xlink:href="mem.xsd#s2c_x27" xlink:label="loc_s2c_x27" />
    <link:definitionArc xlink:type="arc" xlink:arcrole="http://xbrl.org/int/dim/arcrole/domain-member" xlink:from="loc_s2c_x0" xlink:to="loc_s2c_x27" order="1" />
    <link:loc xlink:type="locator" xlink:href="mem.xsd#s2c_x26" xlink:label="loc_s2c_x26" />
    <link:definitionArc xlink:type="arc" xlink:arcrole="http://xbrl.org/int/dim/arcrole/domain-member" xlink:from="loc_s2c_x27" xlink:to="loc_s2c_x26" order="1" />
    <link:loc xlink:type="locator" xlink:href="mem.xsd#s2c_x8" xlink:label="loc_s2c_x8" />
    <link:definitionArc xlink:type="arc" xlink:arcrole="http://xbrl.org/int/dim/arcrole/domain-member" xlink:from="loc_s2c_x26" xlink:to="loc_s2c_x8" order="1" />
    <link:loc xlink:type="locator" xlink:href="mem.xsd#s2c_x1" xlink:label="loc_s2c_x1" />
    <link:definitionArc xlink:type="arc" xlink:arcrole="http://xbrl.org/int/dim/arcrole/domain-member" xlink:from="loc_s2c_x26" xlink:to="loc_s2c_x1" order="2" />
    <link:loc xlink:type="locator" xlink:href="mem.xsd#s2c_x28" xlink:label="loc_s2c_x28" />
    <link:definitionArc xlink:type="arc" xlink:arcrole="http://xbrl.org/int/dim/arcrole/domain-member" xlink:from="loc_s2c_x27" xlink:to="loc_s2c_x28" order="2" />
    <link:loc xlink:type="locator" xlink:href="mem.xsd#s2c_x30" xlink:label="loc_s2c_x30" />
    <link:definitionArc xlink:type="arc" xlink:arcrole="http://xbrl.org/int/dim/arcrole/domain-member" xlink:from="loc_s2c_x0" xlink:to="loc_s2c_x30" order="2" />
  </link:definitionLink>
  <link:definitionLink xlink:type="extended" xlink:role="http://eiopa.europa.eu/xbrl/s2c/role/dict/dom/EL/3">
    <link:loc xlink:type="locator" xlink:href="../exp.xsd#s2c_EL" xlink:label="loc_s2c_EL" />
    <link:loc xlink:type="locator" xlink:href="mem.xsd#s2c_x0" xlink:label="loc_s2c_x0" />
    <link:definitionArc xlink:type="arc" xlink:arcrole="http://xbrl.org/int/dim/arcrole/domain-member" xlink:from="loc_s2c_EL" xlink:to="loc_s2c_x0" order="1" />
    <link:loc xlink:type="locator" xlink:href="mem.xsd#s2c_x26" xlink:label="loc_s2c_x26" />
    <link:definitionArc xlink:type="arc" xlink:arcrole="http://xbrl.org/int/dim/arcrole/domain-member" xlink:from="loc_s2c_x0" xlink:to="loc_s2c_x26" order="1" />
    <link:loc xlink:type="locator" xlink:href="mem.xsd#s2c_x29" xlink:label="loc_s2c_x29" />
    <link:definitionArc xlink:type="arc" xlink:arcrole="http://xbrl.org/int/dim/arcrole/domain-member" xlink:from="loc_s2c_x0" xlink:to="loc_s2c_x29" order="2" />
    <link:loc xlink:type="locator" xlink:href="mem.xsd#s2c_x28" xlink:label="loc_s2c_x28" />
    <link:definitionArc xlink:type="arc" xlink:arcrole="http://xbrl.org/int/dim/arcrole/domain-member" xlink:from="loc_s2c_x29" xlink:to="loc_s2c_x28" order="1" />
    <link:loc xlink:type="locator" xlink:href="mem.xsd#s2c_x30" xlink:label="loc_s2c_x30" />
    <link:definitionArc xlink:type="arc" xlink:arcrole="http://xbrl.org/int/dim/arcrole/domain-member" xlink:from="loc_s2c_x29" xlink:to="loc_s2c_x30" order="2" />
  </link:definitionLink>
  <link:definitionLink xlink:type="extended" xlink:role="http://eiopa.europa.eu/xbrl/s2c/role/dict/dom/EL/4">
    <link:loc xlink:type="locator" xlink:href="../exp.xsd#s2c_EL" xlink:label="loc_s2c_EL" />
    <link:loc xlink:type="locator" xlink:href="mem.xsd#s2c_x0" xlink:label="loc_s2c_x0" />
    <link:definitionArc xlink:type="arc" xlink:arcrole="http://xbrl.org/int/dim/arcrole/domain-member" xlink:from="loc_s2c_EL" xlink:to="loc_s2c_x0" order="1" />
    <link:loc xlink:type="locator" xlink:href="mem.xsd#s2c_x31" xlink:label="loc_s2c_x31" />
    <link:definitionArc xlink:type="arc" xlink:arcrole="http://xbrl.org/int/dim/arcrole/domain-member" xlink:from="loc_s2c_x0" xlink:to="loc_s2c_x31" order="1" />
    <link:loc xlink:type="locator" xlink:href="mem.xsd#s2c_x32" xlink:label="loc_s2c_x32" />
    <link:definitionArc xlink:type="arc" xlink:arcrole="http://xbrl.org/int/dim/arcrole/domain-member" xlink:from="loc_s2c_x0" xlink:to="loc_s2c_x32" order="2" />
    <link:loc xlink:type="locator" xlink:href="mem.xsd#s2c_x25" xlink:label="loc_s2c_x25" />
    <link:definitionArc xlink:type="arc" xlink:arcrole="http://xbrl.org/int/dim/arcrole/domain-member" xlink:from="loc_s2c_x0" xlink:to="loc_s2c_x25" order="3" />
  </link:definitionLink>
  <link:definitionLink xlink:type="extended" xlink:role="http://eiopa.europa.eu/xbrl/s2c/role/dict/dom/EL/5">
    <link:loc xlink:type="locator" xlink:href="../exp.xsd#s2c_EL" xlink:label="loc_s2c_EL" />
    <link:loc xlink:type="locator" xlink:href="mem.xsd#s2c_x0" xlink:label="loc_s2c_x0" />
    <link:definitionArc xlink:type="arc" xlink:arcrole="http://xbrl.org/int/dim/arcrole/domain-member" xlink:from="loc_s2c_EL" xlink:to="loc_s2c_x0" order="1" />
    <link:loc xlink:type="locator" xlink:href="mem.xsd#s2c_x24" xlink:label="loc_s2c_x24" />
    <link:definitionArc xlink:type="arc" xlink:arcrole="http://xbrl.org/int/dim/arcrole/domain-member" xlink:from="loc_s2c_x0" xlink:to="loc_s2c_x24" order="1" />
    <link:loc xlink:type="locator" xlink:href="mem.xsd#s2c_x21" xlink:label="loc_s2c_x21" />
    <link:definitionArc xlink:type="arc" xlink:arcrole="http://xbrl.org/int/dim/arcrole/domain-member" xlink:from="loc_s2c_x0" xlink:to="loc_s2c_x21" order="2" />
  </link:definitionLink>
  <link:definitionLink xlink:type="extended" xlink:role="http://eiopa.europa.eu/xbrl/s2c/role/dict/dom/EL/6">
    <link:loc xlink:type="locator" xlink:href="../exp.xsd#s2c_EL" xlink:label="loc_s2c_EL" />
    <link:loc xlink:type="locator" xlink:href="mem.xsd#s2c_x0" xlink:label="loc_s2c_x0" />
    <link:definitionArc xlink:type="arc" xlink:arcrole="http://xbrl.org/int/dim/arcrole/domain-member" xlink:from="loc_s2c_EL" xlink:to="loc_s2c_x0" order="1" />
    <link:loc xlink:type="locator" xlink:href="mem.xsd#s2c_x26" xlink:label="loc_s2c_x26" />
    <link:definitionArc xlink:type="arc" xlink:arcrole="http://xbrl.org/int/dim/arcrole/domain-member" xlink:from="loc_s2c_x0" xlink:to="loc_s2c_x26" order="1" />
    <link:loc xlink:type="locator" xlink:href="mem.xsd#s2c_x28" xlink:label="loc_s2c_x28" />
    <link:definitionArc xlink:type="arc" xlink:arcrole="http://xbrl.org/int/dim/arcrole/domain-member" xlink:from="loc_s2c_x0" xlink:to="loc_s2c_x28" order="2" />
    <link:loc xlink:type="locator" xlink:href="mem.xsd#s2c_x30" xlink:label="loc_s2c_x30" />
    <link:definitionArc xlink:type="arc" xlink:arcrole="http://xbrl.org/int/dim/arcrole/domain-member" xlink:from="loc_s2c_x0" xlink:to="loc_s2c_x30" order="3" />
  </link:definitionLink>
  <link:definitionLink xlink:type="extended" xlink:role="http://eiopa.europa.eu/xbrl/s2c/role/dict/dom/EL/7">
    <link:loc xlink:type="locator" xlink:href="../exp.xsd#s2c_EL" xlink:label="loc_s2c_EL" />
    <link:loc xlink:type="locator" xlink:href="mem.xsd#s2c_x0" xlink:label="loc_s2c_x0" />
    <link:definitionArc xlink:type="arc" xlink:arcrole="http://xbrl.org/int/dim/arcrole/domain-member" xlink:from="loc_s2c_EL" xlink:to="loc_s2c_x0" order="1" />
    <link:loc xlink:type="locator" xlink:href="mem.xsd#s2c_x2" xlink:label="loc_s2c_x2" />
    <link:definitionArc xlink:type="arc" xlink:arcrole="http://xbrl.org/int/dim/arcrole/domain-member" xlink:from="loc_s2c_x0" xlink:to="loc_s2c_x2" order="1" />
    <link:loc xlink:type="locator" xlink:href="mem.xsd#s2c_x22" xlink:label="loc_s2c_x22" />
    <link:definitionArc xlink:type="arc" xlink:arcrole="http://xbrl.org/int/dim/arcrole/domain-member" xlink:from="loc_s2c_x0" xlink:to="loc_s2c_x22" order="2" />
  </link:definitionLink>
  <link:definitionLink xlink:type="extended" xlink:role="http://eiopa.europa.eu/xbrl/s2c/role/dict/dom/EL/8">
    <link:loc xlink:type="locator" xlink:href="../exp.xsd#s2c_EL" xlink:label="loc_s2c_EL" />
    <link:loc xlink:type="locator" xlink:href="mem.xsd#s2c_x0" xlink:label="loc_s2c_x0" />
    <link:definitionArc xlink:type="arc" xlink:arcrole="http://xbrl.org/int/dim/arcrole/domain-member" xlink:from="loc_s2c_EL" xlink:to="loc_s2c_x0" order="1" />
    <link:loc xlink:type="locator" xlink:href="mem.xsd#s2c_x9" xlink:label="loc_s2c_x9" />
    <link:definitionArc xlink:type="arc" xlink:arcrole="http://xbrl.org/int/dim/arcrole/domain-member" xlink:from="loc_s2c_x0" xlink:to="loc_s2c_x9" order="1" />
    <link:loc xlink:type="locator" xlink:href="mem.xsd#s2c_x23" xlink:label="loc_s2c_x23" />
    <link:definitionArc xlink:type="arc" xlink:arcrole="http://xbrl.org/int/dim/arcrole/domain-member" xlink:from="loc_s2c_x0" xlink:to="loc_s2c_x23" order="2" />
  </link:definitionLink>
  <link:definitionLink xlink:type="extended" xlink:role="http://eiopa.europa.eu/xbrl/s2c/role/dict/dom/EL/9">
    <link:loc xlink:type="locator" xlink:href="../exp.xsd#s2c_EL" xlink:label="loc_s2c_EL" />
    <link:loc xlink:type="locator" xlink:href="mem.xsd#s2c_x0" xlink:label="loc_s2c_x0" />
    <link:definitionArc xlink:type="arc" xlink:arcrole="http://xbrl.org/int/dim/arcrole/domain-member" xlink:from="loc_s2c_EL" xlink:to="loc_s2c_x0" order="1" />
    <link:loc xlink:type="locator" xlink:href="mem.xsd#s2c_x5" xlink:label="loc_s2c_x5" />
    <link:definitionArc xlink:type="arc" xlink:arcrole="http://xbrl.org/int/dim/arcrole/domain-member" xlink:from="loc_s2c_x0" xlink:to="loc_s2c_x5" order="1" />
    <link:loc xlink:type="locator" xlink:href="mem.xsd#s2c_x14" xlink:label="loc_s2c_x14" />
    <link:definitionArc xlink:type="arc" xlink:arcrole="http://xbrl.org/int/dim/arcrole/domain-member" xlink:from="loc_s2c_x5" xlink:to="loc_s2c_x14" order="1" />
    <link:loc xlink:type="locator" xlink:href="mem.xsd#s2c_x12" xlink:label="loc_s2c_x12" />
    <link:definitionArc xlink:type="arc" xlink:arcrole="http://xbrl.org/int/dim/arcrole/domain-member" xlink:from="loc_s2c_x14" xlink:to="loc_s2c_x12" order="1" />
    <link:loc xlink:type="locator" xlink:href="mem.xsd#s2c_x13" xlink:label="loc_s2c_x13" />
    <link:definitionArc xlink:type="arc" xlink:arcrole="http://xbrl.org/int/dim/arcrole/domain-member" xlink:from="loc_s2c_x14" xlink:to="loc_s2c_x13" order="2" />
    <link:loc xlink:type="locator" xlink:href="mem.xsd#s2c_x18" xlink:label="loc_s2c_x18" />
    <link:definitionArc xlink:type="arc" xlink:arcrole="http://xbrl.org/int/dim/arcrole/domain-member" xlink:from="loc_s2c_x0" xlink:to="loc_s2c_x18" order="2" />
    <link:loc xlink:type="locator" xlink:href="mem.xsd#s2c_x34" xlink:label="loc_s2c_x34" />
    <link:definitionArc xlink:type="arc" xlink:arcrole="http://xbrl.org/int/dim/arcrole/domain-member" xlink:from="loc_s2c_x18" xlink:to="loc_s2c_x34" order="1" />
    <link:loc xlink:type="locator" xlink:href="mem.xsd#s2c_x35" xlink:label="loc_s2c_x35" />
    <link:definitionArc xlink:type="arc" xlink:arcrole="http://xbrl.org/int/dim/arcrole/domain-member" xlink:from="loc_s2c_x18" xlink:to="loc_s2c_x35" order="2" />
  </link:definitionLink>
  <link:definitionLink xlink:type="extended" xlink:role="http://eiopa.europa.eu/xbrl/s2c/role/dict/dom/EL/10">
    <link:loc xlink:type="locator" xlink:href="../exp.xsd#s2c_EL" xlink:label="loc_s2c_EL" />
    <link:loc xlink:type="locator" xlink:href="mem.xsd#s2c_x0" xlink:label="loc_s2c_x0" />
    <link:definitionArc xlink:type="arc" xlink:arcrole="http://xbrl.org/int/dim/arcrole/domain-member" xlink:from="loc_s2c_EL" xlink:to="loc_s2c_x0" order="1" />
    <link:loc xlink:type="locator" xlink:href="mem.xsd#s2c_x4" xlink:label="loc_s2c_x4" />
    <link:definitionArc xlink:type="arc" xlink:arcrole="http://xbrl.org/int/dim/arcrole/domain-member" xlink:from="loc_s2c_x0" xlink:to="loc_s2c_x4" order="1" />
    <link:loc xlink:type="locator" xlink:href="mem.xsd#s2c_x11" xlink:label="loc_s2c_x11" />
    <link:definitionArc xlink:type="arc" xlink:arcrole="http://xbrl.org/int/dim/arcrole/domain-member" xlink:from="loc_s2c_x4" xlink:to="loc_s2c_x11" order="1" />
    <link:loc xlink:type="locator" xlink:href="mem.xsd#s2c_x20" xlink:label="loc_s2c_x20" />
    <link:definitionArc xlink:type="arc" xlink:arcrole="http://xbrl.org/int/dim/arcrole/domain-member" xlink:from="loc_s2c_x4" xlink:to="loc_s2c_x20" order="2" />
    <link:loc xlink:type="locator" xlink:href="mem.xsd#s2c_x17" xlink:label="loc_s2c_x17" />
    <link:definitionArc xlink:type="arc" xlink:arcrole="http://xbrl.org/int/dim/arcrole/domain-member" xlink:from="loc_s2c_x0" xlink:to="loc_s2c_x17" order="2" />
  </link:definitionLink>
  <link:definitionLink xlink:type="extended" xlink:role="http://eiopa.europa.eu/xbrl/s2c/role/dict/dom/EL/11">
    <link:loc xlink:type="locator" xlink:href="../exp.xsd#s2c_EL" xlink:label="loc_s2c_EL" />
    <link:loc xlink:type="locator" xlink:href="mem.xsd#s2c_x0" xlink:label="loc_s2c_x0" />
    <link:definitionArc xlink:type="arc" xlink:arcrole="http://xbrl.org/int/dim/arcrole/domain-member" xlink:from="loc_s2c_EL" xlink:to="loc_s2c_x0" order="1" />
    <link:loc xlink:type="locator" xlink:href="mem.xsd#s2c_x3" xlink:label="loc_s2c_x3" />
    <link:definitionArc xlink:type="arc" xlink:arcrole="http://xbrl.org/int/dim/arcrole/domain-member" xlink:from="loc_s2c_x0" xlink:to="loc_s2c_x3" order="1" />
    <link:loc xlink:type="locator" xlink:href="mem.xsd#s2c_x10" xlink:label="loc_s2c_x10" />
    <link:definitionArc xlink:type="arc" xlink:arcrole="http://xbrl.org/int/dim/arcrole/domain-member" xlink:from="loc_s2c_x0" xlink:to="loc_s2c_x10" order="2" />
  </link:definitionLink>
  <link:definitionLink xlink:type="extended" xlink:role="http://eiopa.europa.eu/xbrl/s2c/role/dict/dom/EL/12">
    <link:loc xlink:type="locator" xlink:href="../exp.xsd#s2c_EL" xlink:label="loc_s2c_EL" />
    <link:loc xlink:type="locator" xlink:href="mem.xsd#s2c_x0" xlink:label="loc_s2c_x0" />
    <link:definitionArc xlink:type="arc" xlink:arcrole="http://xbrl.org/int/dim/arcrole/domain-member" xlink:from="loc_s2c_EL" xlink:to="loc_s2c_x0" order="1" />
    <link:loc xlink:type="locator" xlink:href="mem.xsd#s2c_x7" xlink:label="loc_s2c_x7" />
    <link:definitionArc xlink:type="arc" xlink:arcrole="http://xbrl.org/int/dim/arcrole/domain-member" xlink:from="loc_s2c_x0" xlink:to="loc_s2c_x7" order="1" />
    <link:loc xlink:type="locator" xlink:href="mem.xsd#s2c_x33" xlink:label="loc_s2c_x33" />
    <link:definitionArc xlink:type="arc" xlink:arcrole="http://xbrl.org/int/dim/arcrole/domain-member" xlink:from="loc_s2c_x0" xlink:to="loc_s2c_x33" order="2" />
  </link:definitionLink>
  <link:definitionLink xlink:type="extended" xlink:role="http://eiopa.europa.eu/xbrl/s2c/role/dict/dom/EL/13">
    <link:loc xlink:type="locator" xlink:href="../exp.xsd#s2c_EL" xlink:label="loc_s2c_EL" />
    <link:loc xlink:type="locator" xlink:href="mem.xsd#s2c_x26" xlink:label="loc_s2c_x26" />
    <link:definitionArc xlink:type="arc" xlink:arcrole="http://xbrl.org/int/dim/arcrole/domain-member" xlink:from="loc_s2c_EL" xlink:to="loc_s2c_x26" order="1" />
    <link:loc xlink:type="locator" xlink:href="mem.xsd#s2c_x8" xlink:label="loc_s2c_x8" />
    <link:definitionArc xlink:type="arc" xlink:arcrole="http://xbrl.org/int/dim/arcrole/domain-member" xlink:from="loc_s2c_EL" xlink:to="loc_s2c_x8" order="2" />
    <link:loc xlink:type="locator" xlink:href="mem.xsd#s2c_x1" xlink:label="loc_s2c_x1" />
    <link:definitionArc xlink:type="arc" xlink:arcrole="http://xbrl.org/int/dim/arcrole/domain-member" xlink:from="loc_s2c_EL" xlink:to="loc_s2c_x1" order="3" />
    <link:loc xlink:type="locator" xlink:href="mem.xsd#s2c_x28" xlink:label="loc_s2c_x28" />
    <link:definitionArc xlink:type="arc" xlink:arcrole="http://xbrl.org/int/dim/arcrole/domain-member" xlink:from="loc_s2c_EL" xlink:to="loc_s2c_x28" order="4" />
    <link:loc xlink:type="locator" xlink:href="mem.xsd#s2c_x30" xlink:label="loc_s2c_x30" />
    <link:definitionArc xlink:type="arc" xlink:arcrole="http://xbrl.org/int/dim/arcrole/domain-member" xlink:from="loc_s2c_EL" xlink:to="loc_s2c_x30" order="5" />
  </link:definitionLink>
  <link:definitionLink xlink:type="extended" xlink:role="http://eiopa.europa.eu/xbrl/s2c/role/dict/dom/EL/14">
    <link:loc xlink:type="locator" xlink:href="../exp.xsd#s2c_EL" xlink:label="loc_s2c_EL" />
    <link:loc xlink:type="locator" xlink:href="mem.xsd#s2c_x9" xlink:label="loc_s2c_x9" />
    <link:definitionArc xlink:type="arc" xlink:arcrole="http://xbrl.org/int/dim/arcrole/domain-member" xlink:from="loc_s2c_EL" xlink:to="loc_s2c_x9" order="1" />
    <link:loc xlink:type="locator" xlink:href="mem.xsd#s2c_x23" xlink:label="loc_s2c_x23" />
    <link:definitionArc xlink:type="arc" xlink:arcrole="http://xbrl.org/int/dim/arcrole/domain-member" xlink:from="loc_s2c_EL" xlink:to="loc_s2c_x23" order="2" />
  </link:definitionLink>
</link:linkbase>