<?xml version="1.0" encoding="UTF-8"?>
<!--(C) EIOPA - XBRL Solvency 2 Taxonomy-->
<?officialURI http://eiopa.europa.eu/eu/xbrl/s2md/fws/solvency/solvency2/2016-07-15/tab/s.01.01.04.01/s.01.01.04.01-rend.xml?>
<?taxonomy-version 2.1.0?>
<?taxonomy-date 2016-07-15?>
<link:linkbase xmlns:xsi="http://www.w3.org/2001/XMLSchema-instance" xmlns:xlink="http://www.w3.org/1999/xlink" xmlns:link="http://www.xbrl.org/2003/linkbase" xmlns:gen="http://xbrl.org/2008/generic" xmlns:label="http://xbrl.org/2008/label" xmlns:formula="http://xbrl.org/2008/formula" xmlns:df="http://xbrl.org/2008/filter/dimension" xmlns:table="http://xbrl.org/2014/table" xmlns:model="http://www.eurofiling.info/xbrl/ext/model" xmlns:s2md_met="http://eiopa.europa.eu/xbrl/s2md/dict/met" xsi:schemaLocation="http://www.xbrl.org/2003/linkbase http://www.xbrl.org/2003/xbrl-linkbase-2003-12-31.xsd http://xbrl.org/2008/generic http://www.xbrl.org/2008/generic-link.xsd http://xbrl.org/2008/label http://www.xbrl.org/2008/generic-label.xsd http://xbrl.org/2008/formula http://www.xbrl.org/2008/formula.xsd http://xbrl.org/2008/filter/dimension http://www.xbrl.org/2008/dimension-filter.xsd http://xbrl.org/2014/table http://www.xbrl.org/2014/table.xsd http://www.eurofiling.info/xbrl/ext/model http://www.eurofiling.info/eu/fr/xbrl/ext/model.xsd">
  <link:arcroleRef arcroleURI="http://xbrl.org/arcrole/2014/breakdown-tree" xlink:type="simple" xlink:href="http://www.xbrl.org/2014/table.xsd#breakdown-tree" />
  <link:arcroleRef arcroleURI="http://xbrl.org/arcrole/2014/definition-node-subtree" xlink:type="simple" xlink:href="http://www.xbrl.org/2014/table.xsd#definition-node-subtree" />
  <link:arcroleRef arcroleURI="http://xbrl.org/arcrole/2014/table-breakdown" xlink:type="simple" xlink:href="http://www.xbrl.org/2014/table.xsd#table-breakdown" />
  <link:roleRef roleURI="http://eiopa.europa.eu/xbrl/s2md/role/fws/solvency/solvency2/2016-07-15/tab/S.01.01.04.01" xlink:type="simple" xlink:href="s.01.01.04.01.xsd#role" />
  <gen:link xlink:type="extended" xlink:role="http://eiopa.europa.eu/xbrl/s2md/role/fws/solvency/solvency2/2016-07-15/tab/S.01.01.04.01">
    <table:table xlink:type="resource" xlink:label="s2md_tS.01.01.04.01" id="s2md_tS.01.01.04.01" />
    <table:breakdown xlink:type="resource" xlink:label="s2md_a1" parentChildOrder="parent-first" id="s2md_a1" />
    <table:ruleNode xlink:type="resource" xlink:label="s2md_a1.root" abstract="true" merge="true" id="s2md_a1.root" />
    <table:breakdownTreeArc xlink:type="arc" xlink:arcrole="http://xbrl.org/arcrole/2014/breakdown-tree" xlink:from="s2md_a1" xlink:to="s2md_a1.root" order="0" />
    <table:ruleNode xlink:type="resource" xlink:label="s2md_c88" id="s2md_c88" />
    <table:definitionNodeSubtreeArc xlink:type="arc" xlink:arcrole="http://xbrl.org/arcrole/2014/definition-node-subtree" xlink:from="s2md_a1.root" xlink:to="s2md_c88" order="1" />
    <table:tableBreakdownArc xlink:type="arc" xlink:arcrole="http://xbrl.org/arcrole/2014/table-breakdown" xlink:from="s2md_tS.01.01.04.01" xlink:to="s2md_a1" axis="x" order="1" />
    <table:breakdown xlink:type="resource" xlink:label="s2md_a2" parentChildOrder="parent-first" id="s2md_a2" />
    <table:ruleNode xlink:type="resource" xlink:label="s2md_a2.root" abstract="true" merge="true" id="s2md_a2.root" />
    <table:breakdownTreeArc xlink:type="arc" xlink:arcrole="http://xbrl.org/arcrole/2014/breakdown-tree" xlink:from="s2md_a2" xlink:to="s2md_a2.root" order="0" />
    <table:ruleNode xlink:type="resource" xlink:label="s2md_c89" abstract="true" id="s2md_c89" />
    <table:ruleNode xlink:type="resource" xlink:label="s2md_c90" id="s2md_c90">
      <formula:concept>
        <formula:qname>s2md_met:ei1633</formula:qname>
      </formula:concept>
    </table:ruleNode>
    <table:definitionNodeSubtreeArc xlink:type="arc" xlink:arcrole="http://xbrl.org/arcrole/2014/definition-node-subtree" xlink:from="s2md_c89" xlink:to="s2md_c90" order="1" />
    <table:ruleNode xlink:type="resource" xlink:label="s2md_c91" id="s2md_c91">
      <formula:concept>
        <formula:qname>s2md_met:ei1671</formula:qname>
      </formula:concept>
    </table:ruleNode>
    <table:definitionNodeSubtreeArc xlink:type="arc" xlink:arcrole="http://xbrl.org/arcrole/2014/definition-node-subtree" xlink:from="s2md_c89" xlink:to="s2md_c91" order="2" />
    <table:ruleNode xlink:type="resource" xlink:label="s2md_c92" id="s2md_c92">
      <formula:concept>
        <formula:qname>s2md_met:ei1670</formula:qname>
      </formula:concept>
    </table:ruleNode>
    <table:definitionNodeSubtreeArc xlink:type="arc" xlink:arcrole="http://xbrl.org/arcrole/2014/definition-node-subtree" xlink:from="s2md_c89" xlink:to="s2md_c92" order="3" />
    <table:ruleNode xlink:type="resource" xlink:label="s2md_c93" id="s2md_c93">
      <formula:concept>
        <formula:qname>s2md_met:ei2436</formula:qname>
      </formula:concept>
    </table:ruleNode>
    <table:definitionNodeSubtreeArc xlink:type="arc" xlink:arcrole="http://xbrl.org/arcrole/2014/definition-node-subtree" xlink:from="s2md_c89" xlink:to="s2md_c93" order="4" />
    <table:ruleNode xlink:type="resource" xlink:label="s2md_c94" id="s2md_c94">
      <formula:concept>
        <formula:qname>s2md_met:ei1674</formula:qname>
      </formula:concept>
    </table:ruleNode>
    <table:definitionNodeSubtreeArc xlink:type="arc" xlink:arcrole="http://xbrl.org/arcrole/2014/definition-node-subtree" xlink:from="s2md_c89" xlink:to="s2md_c94" order="5" />
    <table:ruleNode xlink:type="resource" xlink:label="s2md_c95" id="s2md_c95">
      <formula:concept>
        <formula:qname>s2md_met:ei1710</formula:qname>
      </formula:concept>
    </table:ruleNode>
    <table:definitionNodeSubtreeArc xlink:type="arc" xlink:arcrole="http://xbrl.org/arcrole/2014/definition-node-subtree" xlink:from="s2md_c89" xlink:to="s2md_c95" order="6" />
    <table:ruleNode xlink:type="resource" xlink:label="s2md_c96" id="s2md_c96">
      <formula:concept>
        <formula:qname>s2md_met:ei1711</formula:qname>
      </formula:concept>
    </table:ruleNode>
    <table:definitionNodeSubtreeArc xlink:type="arc" xlink:arcrole="http://xbrl.org/arcrole/2014/definition-node-subtree" xlink:from="s2md_c89" xlink:to="s2md_c96" order="7" />
    <table:ruleNode xlink:type="resource" xlink:label="s2md_c97" id="s2md_c97">
      <formula:concept>
        <formula:qname>s2md_met:ei2296</formula:qname>
      </formula:concept>
    </table:ruleNode>
    <table:definitionNodeSubtreeArc xlink:type="arc" xlink:arcrole="http://xbrl.org/arcrole/2014/definition-node-subtree" xlink:from="s2md_c89" xlink:to="s2md_c97" order="8" />
    <table:ruleNode xlink:type="resource" xlink:label="s2md_c98" id="s2md_c98">
      <formula:concept>
        <formula:qname>s2md_met:ei2451</formula:qname>
      </formula:concept>
    </table:ruleNode>
    <table:definitionNodeSubtreeArc xlink:type="arc" xlink:arcrole="http://xbrl.org/arcrole/2014/definition-node-subtree" xlink:from="s2md_c89" xlink:to="s2md_c98" order="9" />
    <table:ruleNode xlink:type="resource" xlink:label="s2md_c99" id="s2md_c99">
      <formula:concept>
        <formula:qname>s2md_met:ei1701</formula:qname>
      </formula:concept>
    </table:ruleNode>
    <table:definitionNodeSubtreeArc xlink:type="arc" xlink:arcrole="http://xbrl.org/arcrole/2014/definition-node-subtree" xlink:from="s2md_c89" xlink:to="s2md_c99" order="10" />
    <table:ruleNode xlink:type="resource" xlink:label="s2md_c100" id="s2md_c100">
      <formula:concept>
        <formula:qname>s2md_met:ei1698</formula:qname>
      </formula:concept>
    </table:ruleNode>
    <table:definitionNodeSubtreeArc xlink:type="arc" xlink:arcrole="http://xbrl.org/arcrole/2014/definition-node-subtree" xlink:from="s2md_c89" xlink:to="s2md_c100" order="11" />
    <table:ruleNode xlink:type="resource" xlink:label="s2md_c101" id="s2md_c101">
      <formula:concept>
        <formula:qname>s2md_met:ei2457</formula:qname>
      </formula:concept>
    </table:ruleNode>
    <table:definitionNodeSubtreeArc xlink:type="arc" xlink:arcrole="http://xbrl.org/arcrole/2014/definition-node-subtree" xlink:from="s2md_c89" xlink:to="s2md_c101" order="12" />
    <table:ruleNode xlink:type="resource" xlink:label="s2md_c102" id="s2md_c102">
      <formula:concept>
        <formula:qname>s2md_met:ei2459</formula:qname>
      </formula:concept>
    </table:ruleNode>
    <table:definitionNodeSubtreeArc xlink:type="arc" xlink:arcrole="http://xbrl.org/arcrole/2014/definition-node-subtree" xlink:from="s2md_c89" xlink:to="s2md_c102" order="13" />
    <table:ruleNode xlink:type="resource" xlink:label="s2md_c103" id="s2md_c103">
      <formula:concept>
        <formula:qname>s2md_met:ei1703</formula:qname>
      </formula:concept>
    </table:ruleNode>
    <table:definitionNodeSubtreeArc xlink:type="arc" xlink:arcrole="http://xbrl.org/arcrole/2014/definition-node-subtree" xlink:from="s2md_c89" xlink:to="s2md_c103" order="14" />
    <table:ruleNode xlink:type="resource" xlink:label="s2md_c104" id="s2md_c104">
      <formula:concept>
        <formula:qname>s2md_met:ei1705</formula:qname>
      </formula:concept>
    </table:ruleNode>
    <table:definitionNodeSubtreeArc xlink:type="arc" xlink:arcrole="http://xbrl.org/arcrole/2014/definition-node-subtree" xlink:from="s2md_c89" xlink:to="s2md_c104" order="15" />
    <table:ruleNode xlink:type="resource" xlink:label="s2md_c105" id="s2md_c105">
      <formula:concept>
        <formula:qname>s2md_met:ei1715</formula:qname>
      </formula:concept>
    </table:ruleNode>
    <table:definitionNodeSubtreeArc xlink:type="arc" xlink:arcrole="http://xbrl.org/arcrole/2014/definition-node-subtree" xlink:from="s2md_c89" xlink:to="s2md_c105" order="16" />
    <table:ruleNode xlink:type="resource" xlink:label="s2md_c106" id="s2md_c106">
      <formula:concept>
        <formula:qname>s2md_met:ei2461</formula:qname>
      </formula:concept>
    </table:ruleNode>
    <table:definitionNodeSubtreeArc xlink:type="arc" xlink:arcrole="http://xbrl.org/arcrole/2014/definition-node-subtree" xlink:from="s2md_c89" xlink:to="s2md_c106" order="17" />
    <table:ruleNode xlink:type="resource" xlink:label="s2md_c107" id="s2md_c107">
      <formula:concept>
        <formula:qname>s2md_met:ei2299</formula:qname>
      </formula:concept>
    </table:ruleNode>
    <table:definitionNodeSubtreeArc xlink:type="arc" xlink:arcrole="http://xbrl.org/arcrole/2014/definition-node-subtree" xlink:from="s2md_c89" xlink:to="s2md_c107" order="18" />
    <table:ruleNode xlink:type="resource" xlink:label="s2md_c108" id="s2md_c108">
      <formula:concept>
        <formula:qname>s2md_met:ei1721</formula:qname>
      </formula:concept>
    </table:ruleNode>
    <table:definitionNodeSubtreeArc xlink:type="arc" xlink:arcrole="http://xbrl.org/arcrole/2014/definition-node-subtree" xlink:from="s2md_c89" xlink:to="s2md_c108" order="19" />
    <table:ruleNode xlink:type="resource" xlink:label="s2md_c109" id="s2md_c109">
      <formula:concept>
        <formula:qname>s2md_met:ei1722</formula:qname>
      </formula:concept>
    </table:ruleNode>
    <table:definitionNodeSubtreeArc xlink:type="arc" xlink:arcrole="http://xbrl.org/arcrole/2014/definition-node-subtree" xlink:from="s2md_c89" xlink:to="s2md_c109" order="20" />
    <table:ruleNode xlink:type="resource" xlink:label="s2md_c110" id="s2md_c110">
      <formula:concept>
        <formula:qname>s2md_met:ei1731</formula:qname>
      </formula:concept>
    </table:ruleNode>
    <table:definitionNodeSubtreeArc xlink:type="arc" xlink:arcrole="http://xbrl.org/arcrole/2014/definition-node-subtree" xlink:from="s2md_c89" xlink:to="s2md_c110" order="21" />
    <table:ruleNode xlink:type="resource" xlink:label="s2md_c111" id="s2md_c111">
      <formula:concept>
        <formula:qname>s2md_met:ei2300</formula:qname>
      </formula:concept>
    </table:ruleNode>
    <table:definitionNodeSubtreeArc xlink:type="arc" xlink:arcrole="http://xbrl.org/arcrole/2014/definition-node-subtree" xlink:from="s2md_c89" xlink:to="s2md_c111" order="22" />
    <table:ruleNode xlink:type="resource" xlink:label="s2md_c112" id="s2md_c112">
      <formula:concept>
        <formula:qname>s2md_met:ei2210</formula:qname>
      </formula:concept>
    </table:ruleNode>
    <table:definitionNodeSubtreeArc xlink:type="arc" xlink:arcrole="http://xbrl.org/arcrole/2014/definition-node-subtree" xlink:from="s2md_c89" xlink:to="s2md_c112" order="23" />
    <table:ruleNode xlink:type="resource" xlink:label="s2md_c113" id="s2md_c113">
      <formula:concept>
        <formula:qname>s2md_met:ei2211</formula:qname>
      </formula:concept>
    </table:ruleNode>
    <table:definitionNodeSubtreeArc xlink:type="arc" xlink:arcrole="http://xbrl.org/arcrole/2014/definition-node-subtree" xlink:from="s2md_c89" xlink:to="s2md_c113" order="24" />
    <table:ruleNode xlink:type="resource" xlink:label="s2md_c114" id="s2md_c114">
      <formula:concept>
        <formula:qname>s2md_met:ei1738</formula:qname>
      </formula:concept>
    </table:ruleNode>
    <table:definitionNodeSubtreeArc xlink:type="arc" xlink:arcrole="http://xbrl.org/arcrole/2014/definition-node-subtree" xlink:from="s2md_c89" xlink:to="s2md_c114" order="25" />
    <table:ruleNode xlink:type="resource" xlink:label="s2md_c115" id="s2md_c115">
      <formula:concept>
        <formula:qname>s2md_met:ei2435</formula:qname>
      </formula:concept>
    </table:ruleNode>
    <table:definitionNodeSubtreeArc xlink:type="arc" xlink:arcrole="http://xbrl.org/arcrole/2014/definition-node-subtree" xlink:from="s2md_c89" xlink:to="s2md_c115" order="26" />
    <table:ruleNode xlink:type="resource" xlink:label="s2md_c116" id="s2md_c116">
      <formula:concept>
        <formula:qname>s2md_met:ei1742</formula:qname>
      </formula:concept>
    </table:ruleNode>
    <table:definitionNodeSubtreeArc xlink:type="arc" xlink:arcrole="http://xbrl.org/arcrole/2014/definition-node-subtree" xlink:from="s2md_c89" xlink:to="s2md_c116" order="27" />
    <table:ruleNode xlink:type="resource" xlink:label="s2md_c117" id="s2md_c117">
      <formula:concept>
        <formula:qname>s2md_met:ei1743</formula:qname>
      </formula:concept>
    </table:ruleNode>
    <table:definitionNodeSubtreeArc xlink:type="arc" xlink:arcrole="http://xbrl.org/arcrole/2014/definition-node-subtree" xlink:from="s2md_c89" xlink:to="s2md_c117" order="28" />
    <table:ruleNode xlink:type="resource" xlink:label="s2md_c118" id="s2md_c118">
      <formula:concept>
        <formula:qname>s2md_met:ei1745</formula:qname>
      </formula:concept>
    </table:ruleNode>
    <table:definitionNodeSubtreeArc xlink:type="arc" xlink:arcrole="http://xbrl.org/arcrole/2014/definition-node-subtree" xlink:from="s2md_c89" xlink:to="s2md_c118" order="29" />
    <table:ruleNode xlink:type="resource" xlink:label="s2md_c119" id="s2md_c119">
      <formula:concept>
        <formula:qname>s2md_met:ei1747</formula:qname>
      </formula:concept>
    </table:ruleNode>
    <table:definitionNodeSubtreeArc xlink:type="arc" xlink:arcrole="http://xbrl.org/arcrole/2014/definition-node-subtree" xlink:from="s2md_c89" xlink:to="s2md_c119" order="30" />
    <table:ruleNode xlink:type="resource" xlink:label="s2md_c120" id="s2md_c120">
      <formula:concept>
        <formula:qname>s2md_met:ei1749</formula:qname>
      </formula:concept>
    </table:ruleNode>
    <table:definitionNodeSubtreeArc xlink:type="arc" xlink:arcrole="http://xbrl.org/arcrole/2014/definition-node-subtree" xlink:from="s2md_c89" xlink:to="s2md_c120" order="31" />
    <table:ruleNode xlink:type="resource" xlink:label="s2md_c121" id="s2md_c121">
      <formula:concept>
        <formula:qname>s2md_met:ei1751</formula:qname>
      </formula:concept>
    </table:ruleNode>
    <table:definitionNodeSubtreeArc xlink:type="arc" xlink:arcrole="http://xbrl.org/arcrole/2014/definition-node-subtree" xlink:from="s2md_c89" xlink:to="s2md_c121" order="32" />
    <table:ruleNode xlink:type="resource" xlink:label="s2md_c122" id="s2md_c122">
      <formula:concept>
        <formula:qname>s2md_met:ei1753</formula:qname>
      </formula:concept>
    </table:ruleNode>
    <table:definitionNodeSubtreeArc xlink:type="arc" xlink:arcrole="http://xbrl.org/arcrole/2014/definition-node-subtree" xlink:from="s2md_c89" xlink:to="s2md_c122" order="33" />
    <table:ruleNode xlink:type="resource" xlink:label="s2md_c123" id="s2md_c123">
      <formula:concept>
        <formula:qname>s2md_met:ei1755</formula:qname>
      </formula:concept>
    </table:ruleNode>
    <table:definitionNodeSubtreeArc xlink:type="arc" xlink:arcrole="http://xbrl.org/arcrole/2014/definition-node-subtree" xlink:from="s2md_c89" xlink:to="s2md_c123" order="34" />
    <table:ruleNode xlink:type="resource" xlink:label="s2md_c124" id="s2md_c124">
      <formula:concept>
        <formula:qname>s2md_met:ei1757</formula:qname>
      </formula:concept>
    </table:ruleNode>
    <table:definitionNodeSubtreeArc xlink:type="arc" xlink:arcrole="http://xbrl.org/arcrole/2014/definition-node-subtree" xlink:from="s2md_c89" xlink:to="s2md_c124" order="35" />
    <table:ruleNode xlink:type="resource" xlink:label="s2md_c125" id="s2md_c125">
      <formula:concept>
        <formula:qname>s2md_met:ei1759</formula:qname>
      </formula:concept>
    </table:ruleNode>
    <table:definitionNodeSubtreeArc xlink:type="arc" xlink:arcrole="http://xbrl.org/arcrole/2014/definition-node-subtree" xlink:from="s2md_c89" xlink:to="s2md_c125" order="36" />
    <table:ruleNode xlink:type="resource" xlink:label="s2md_c126" id="s2md_c126">
      <formula:concept>
        <formula:qname>s2md_met:ei1768</formula:qname>
      </formula:concept>
    </table:ruleNode>
    <table:definitionNodeSubtreeArc xlink:type="arc" xlink:arcrole="http://xbrl.org/arcrole/2014/definition-node-subtree" xlink:from="s2md_c89" xlink:to="s2md_c126" order="37" />
    <table:ruleNode xlink:type="resource" xlink:label="s2md_c127" id="s2md_c127">
      <formula:concept>
        <formula:qname>s2md_met:ei1769</formula:qname>
      </formula:concept>
    </table:ruleNode>
    <table:definitionNodeSubtreeArc xlink:type="arc" xlink:arcrole="http://xbrl.org/arcrole/2014/definition-node-subtree" xlink:from="s2md_c89" xlink:to="s2md_c127" order="38" />
    <table:ruleNode xlink:type="resource" xlink:label="s2md_c128" id="s2md_c128">
      <formula:concept>
        <formula:qname>s2md_met:ei2340</formula:qname>
      </formula:concept>
    </table:ruleNode>
    <table:definitionNodeSubtreeArc xlink:type="arc" xlink:arcrole="http://xbrl.org/arcrole/2014/definition-node-subtree" xlink:from="s2md_c89" xlink:to="s2md_c128" order="39" />
    <table:ruleNode xlink:type="resource" xlink:label="s2md_c129" id="s2md_c129">
      <formula:concept>
        <formula:qname>s2md_met:ei2341</formula:qname>
      </formula:concept>
    </table:ruleNode>
    <table:definitionNodeSubtreeArc xlink:type="arc" xlink:arcrole="http://xbrl.org/arcrole/2014/definition-node-subtree" xlink:from="s2md_c89" xlink:to="s2md_c129" order="40" />
    <table:ruleNode xlink:type="resource" xlink:label="s2md_c130" id="s2md_c130">
      <formula:concept>
        <formula:qname>s2md_met:ei1655</formula:qname>
      </formula:concept>
    </table:ruleNode>
    <table:definitionNodeSubtreeArc xlink:type="arc" xlink:arcrole="http://xbrl.org/arcrole/2014/definition-node-subtree" xlink:from="s2md_c89" xlink:to="s2md_c130" order="41" />
    <table:ruleNode xlink:type="resource" xlink:label="s2md_c131" id="s2md_c131">
      <formula:concept>
        <formula:qname>s2md_met:ei2351</formula:qname>
      </formula:concept>
    </table:ruleNode>
    <table:definitionNodeSubtreeArc xlink:type="arc" xlink:arcrole="http://xbrl.org/arcrole/2014/definition-node-subtree" xlink:from="s2md_c89" xlink:to="s2md_c131" order="42" />
    <table:ruleNode xlink:type="resource" xlink:label="s2md_c132" id="s2md_c132">
      <formula:concept>
        <formula:qname>s2md_met:ei1771</formula:qname>
      </formula:concept>
    </table:ruleNode>
    <table:definitionNodeSubtreeArc xlink:type="arc" xlink:arcrole="http://xbrl.org/arcrole/2014/definition-node-subtree" xlink:from="s2md_c89" xlink:to="s2md_c132" order="43" />
    <table:ruleNode xlink:type="resource" xlink:label="s2md_c133" id="s2md_c133">
      <formula:concept>
        <formula:qname>s2md_met:ei1773</formula:qname>
      </formula:concept>
    </table:ruleNode>
    <table:definitionNodeSubtreeArc xlink:type="arc" xlink:arcrole="http://xbrl.org/arcrole/2014/definition-node-subtree" xlink:from="s2md_c89" xlink:to="s2md_c133" order="44" />
    <table:ruleNode xlink:type="resource" xlink:label="s2md_c134" id="s2md_c134">
      <formula:concept>
        <formula:qname>s2md_met:ei1775</formula:qname>
      </formula:concept>
    </table:ruleNode>
    <table:definitionNodeSubtreeArc xlink:type="arc" xlink:arcrole="http://xbrl.org/arcrole/2014/definition-node-subtree" xlink:from="s2md_c89" xlink:to="s2md_c134" order="45" />
    <table:ruleNode xlink:type="resource" xlink:label="s2md_c135" id="s2md_c135">
      <formula:concept>
        <formula:qname>s2md_met:ei1777</formula:qname>
      </formula:concept>
    </table:ruleNode>
    <table:definitionNodeSubtreeArc xlink:type="arc" xlink:arcrole="http://xbrl.org/arcrole/2014/definition-node-subtree" xlink:from="s2md_c89" xlink:to="s2md_c135" order="46" />
    <table:ruleNode xlink:type="resource" xlink:label="s2md_c136" id="s2md_c136">
      <formula:concept>
        <formula:qname>s2md_met:ei1778</formula:qname>
      </formula:concept>
    </table:ruleNode>
    <table:definitionNodeSubtreeArc xlink:type="arc" xlink:arcrole="http://xbrl.org/arcrole/2014/definition-node-subtree" xlink:from="s2md_c89" xlink:to="s2md_c136" order="47" />
    <table:definitionNodeSubtreeArc xlink:type="arc" xlink:arcrole="http://xbrl.org/arcrole/2014/definition-node-subtree" xlink:from="s2md_a2.root" xlink:to="s2md_c89" order="1" />
    <table:tableBreakdownArc xlink:type="arc" xlink:arcrole="http://xbrl.org/arcrole/2014/table-breakdown" xlink:from="s2md_tS.01.01.04.01" xlink:to="s2md_a2" axis="y" order="2" />
  </gen:link>
</link:linkbase>