<?xml version="1.0" encoding="UTF-8"?>
<!--(C) EIOPA - XBRL Solvency 2 Taxonomy-->
<?officialURI http://eiopa.europa.eu/eu/xbrl/s2c/dict/dom/pi/hier-pre.xml?>
<?taxonomy-version 2.1.0?>
<?taxonomy-date 2016-07-15?>
<link:linkbase xmlns:xsi="http://www.w3.org/2001/XMLSchema-instance" xmlns:xlink="http://www.w3.org/1999/xlink" xmlns:link="http://www.xbrl.org/2003/linkbase" xsi:schemaLocation="http://www.xbrl.org/2003/linkbase http://www.xbrl.org/2003/xbrl-linkbase-2003-12-31.xsd">
  <link:roleRef roleURI="http://eiopa.europa.eu/xbrl/s2c/role/dict/dom/PI/1" xlink:type="simple" xlink:href="hier.xsd#s2c_1" />
  <link:roleRef roleURI="http://eiopa.europa.eu/xbrl/s2c/role/dict/dom/PI/2" xlink:type="simple" xlink:href="hier.xsd#s2c_2" />
  <link:presentationLink xlink:type="extended" xlink:role="http://eiopa.europa.eu/xbrl/s2c/role/dict/dom/PI/1">
    <link:loc xlink:type="locator" xlink:href="../exp.xsd#s2c_PI" xlink:label="loc_s2c_PI" />
    <link:loc xlink:type="locator" xlink:href="mem.xsd#s2c_x0" xlink:label="loc_s2c_x0" />
    <link:presentationArc xlink:type="arc" xlink:arcrole="http://www.xbrl.org/2003/arcrole/parent-child" xlink:from="loc_s2c_PI" xlink:to="loc_s2c_x0" order="1" />
    <link:loc xlink:type="locator" xlink:href="mem.xsd#s2c_x1" xlink:label="loc_s2c_x1" />
    <link:presentationArc xlink:type="arc" xlink:arcrole="http://www.xbrl.org/2003/arcrole/parent-child" xlink:from="loc_s2c_x0" xlink:to="loc_s2c_x1" order="1" />
    <link:loc xlink:type="locator" xlink:href="mem.xsd#s2c_x2" xlink:label="loc_s2c_x2" />
    <link:presentationArc xlink:type="arc" xlink:arcrole="http://www.xbrl.org/2003/arcrole/parent-child" xlink:from="loc_s2c_x0" xlink:to="loc_s2c_x2" order="2" />
  </link:presentationLink>
  <link:presentationLink xlink:type="extended" xlink:role="http://eiopa.europa.eu/xbrl/s2c/role/dict/dom/PI/2">
    <link:loc xlink:type="locator" xlink:href="../exp.xsd#s2c_PI" xlink:label="loc_s2c_PI" />
    <link:loc xlink:type="locator" xlink:href="mem.xsd#s2c_x0" xlink:label="loc_s2c_x0" />
    <link:presentationArc xlink:type="arc" xlink:arcrole="http://www.xbrl.org/2003/arcrole/parent-child" xlink:from="loc_s2c_PI" xlink:to="loc_s2c_x0" order="1" />
    <link:loc xlink:type="locator" xlink:href="mem.xsd#s2c_x3" xlink:label="loc_s2c_x3" />
    <link:presentationArc xlink:type="arc" xlink:arcrole="http://www.xbrl.org/2003/arcrole/parent-child" xlink:from="loc_s2c_x0" xlink:to="loc_s2c_x3" order="1" />
    <link:loc xlink:type="locator" xlink:href="mem.xsd#s2c_x4" xlink:label="loc_s2c_x4" />
    <link:presentationArc xlink:type="arc" xlink:arcrole="http://www.xbrl.org/2003/arcrole/parent-child" xlink:from="loc_s2c_x0" xlink:to="loc_s2c_x4" order="2" />
    <link:loc xlink:type="locator" xlink:href="mem.xsd#s2c_x5" xlink:label="loc_s2c_x5" />
    <link:presentationArc xlink:type="arc" xlink:arcrole="http://www.xbrl.org/2003/arcrole/parent-child" xlink:from="loc_s2c_x0" xlink:to="loc_s2c_x5" order="3" />
    <link:loc xlink:type="locator" xlink:href="mem.xsd#s2c_x6" xlink:label="loc_s2c_x6" />
    <link:presentationArc xlink:type="arc" xlink:arcrole="http://www.xbrl.org/2003/arcrole/parent-child" xlink:from="loc_s2c_x0" xlink:to="loc_s2c_x6" order="4" />
    <link:loc xlink:type="locator" xlink:href="mem.xsd#s2c_x7" xlink:label="loc_s2c_x7" />
    <link:presentationArc xlink:type="arc" xlink:arcrole="http://www.xbrl.org/2003/arcrole/parent-child" xlink:from="loc_s2c_x0" xlink:to="loc_s2c_x7" order="5" />
    <link:loc xlink:type="locator" xlink:href="mem.xsd#s2c_x8" xlink:label="loc_s2c_x8" />
    <link:presentationArc xlink:type="arc" xlink:arcrole="http://www.xbrl.org/2003/arcrole/parent-child" xlink:from="loc_s2c_x0" xlink:to="loc_s2c_x8" order="6" />
    <link:loc xlink:type="locator" xlink:href="mem.xsd#s2c_x9" xlink:label="loc_s2c_x9" />
    <link:presentationArc xlink:type="arc" xlink:arcrole="http://www.xbrl.org/2003/arcrole/parent-child" xlink:from="loc_s2c_x0" xlink:to="loc_s2c_x9" order="7" />
    <link:loc xlink:type="locator" xlink:href="mem.xsd#s2c_x10" xlink:label="loc_s2c_x10" />
    <link:presentationArc xlink:type="arc" xlink:arcrole="http://www.xbrl.org/2003/arcrole/parent-child" xlink:from="loc_s2c_x0" xlink:to="loc_s2c_x10" order="8" />
    <link:loc xlink:type="locator" xlink:href="mem.xsd#s2c_x11" xlink:label="loc_s2c_x11" />
    <link:presentationArc xlink:type="arc" xlink:arcrole="http://www.xbrl.org/2003/arcrole/parent-child" xlink:from="loc_s2c_x0" xlink:to="loc_s2c_x11" order="9" />
    <link:loc xlink:type="locator" xlink:href="mem.xsd#s2c_x12" xlink:label="loc_s2c_x12" />
    <link:presentationArc xlink:type="arc" xlink:arcrole="http://www.xbrl.org/2003/arcrole/parent-child" xlink:from="loc_s2c_x0" xlink:to="loc_s2c_x12" order="10" />
    <link:loc xlink:type="locator" xlink:href="mem.xsd#s2c_x13" xlink:label="loc_s2c_x13" />
    <link:presentationArc xlink:type="arc" xlink:arcrole="http://www.xbrl.org/2003/arcrole/parent-child" xlink:from="loc_s2c_x0" xlink:to="loc_s2c_x13" order="11" />
    <link:loc xlink:type="locator" xlink:href="mem.xsd#s2c_x14" xlink:label="loc_s2c_x14" />
    <link:presentationArc xlink:type="arc" xlink:arcrole="http://www.xbrl.org/2003/arcrole/parent-child" xlink:from="loc_s2c_x0" xlink:to="loc_s2c_x14" order="12" />
  </link:presentationLink>
</link:linkbase>