<?xml version="1.0" encoding="UTF-8"?>
<!--(C) EIOPA - XBRL Solvency 2 Taxonomy-->
<?officialURI http://eiopa.europa.eu/eu/xbrl/s2c/dict/dom/ap/hier-lab-en.xml?>
<?taxonomy-version 2.1.0?>
<?taxonomy-date 2016-07-15?>
<link:linkbase xmlns:xsi="http://www.w3.org/2001/XMLSchema-instance" xmlns:xlink="http://www.w3.org/1999/xlink" xmlns:link="http://www.xbrl.org/2003/linkbase" xmlns:gen="http://xbrl.org/2008/generic" xmlns:label="http://xbrl.org/2008/label" xsi:schemaLocation="http://www.xbrl.org/2003/linkbase http://www.xbrl.org/2003/xbrl-linkbase-2003-12-31.xsd http://xbrl.org/2008/generic http://www.xbrl.org/2008/generic-link.xsd http://xbrl.org/2008/label http://www.xbrl.org/2008/generic-label.xsd">
  <link:arcroleRef arcroleURI="http://xbrl.org/arcrole/2008/element-label" xlink:type="simple" xlink:href="http://www.xbrl.org/2008/generic-label.xsd#element-label" />
  <link:roleRef roleURI="http://www.xbrl.org/2008/role/label" xlink:type="simple" xlink:href="http://www.xbrl.org/2008/generic-label.xsd#standard-label" />
  <link:roleRef roleURI="http://www.xbrl.org/2008/role/verboseLabel" xlink:type="simple" xlink:href="http://www.xbrl.org/2008/generic-label.xsd#verbose-label" />
  <gen:link xlink:type="extended" xlink:role="http://www.xbrl.org/2003/role/link">
    <link:loc xlink:type="locator" xlink:href="hier.xsd#s2c_1" xlink:label="loc_s2c_AP_1." />
    <label:label xlink:type="resource" xlink:label="label_s2c_AP_1." xml:lang="en" xlink:role="http://www.xbrl.org/2008/role/label">Standard or internal model</label:label>
    <gen:arc xlink:type="arc" xlink:arcrole="http://xbrl.org/arcrole/2008/element-label" xlink:from="loc_s2c_AP_1." xlink:to="label_s2c_AP_1." />
    <label:label xlink:type="resource" xlink:label="label_s2c_AP_1._1" xml:lang="en" xlink:role="http://www.xbrl.org/2008/role/verboseLabel">II</label:label>
    <gen:arc xlink:type="arc" xlink:arcrole="http://xbrl.org/arcrole/2008/element-label" xlink:from="loc_s2c_AP_1." xlink:to="label_s2c_AP_1._1" />
    <link:loc xlink:type="locator" xlink:href="hier.xsd#s2c_2" xlink:label="loc_s2c_AP_2." />
    <label:label xlink:type="resource" xlink:label="label_s2c_AP_2." xml:lang="en" xlink:role="http://www.xbrl.org/2008/role/label">Standard or internal model</label:label>
    <gen:arc xlink:type="arc" xlink:arcrole="http://xbrl.org/arcrole/2008/element-label" xlink:from="loc_s2c_AP_2." xlink:to="label_s2c_AP_2." />
    <label:label xlink:type="resource" xlink:label="label_s2c_AP_2._1" xml:lang="en" xlink:role="http://www.xbrl.org/2008/role/verboseLabel">II</label:label>
    <gen:arc xlink:type="arc" xlink:arcrole="http://xbrl.org/arcrole/2008/element-label" xlink:from="loc_s2c_AP_2." xlink:to="label_s2c_AP_2._1" />
    <link:loc xlink:type="locator" xlink:href="hier.xsd#s2c_3" xlink:label="loc_s2c_AP_3." />
    <label:label xlink:type="resource" xlink:label="label_s2c_AP_3." xml:lang="en" xlink:role="http://www.xbrl.org/2008/role/label">Method of Calculation of the SCR</label:label>
    <gen:arc xlink:type="arc" xlink:arcrole="http://xbrl.org/arcrole/2008/element-label" xlink:from="loc_s2c_AP_3." xlink:to="label_s2c_AP_3." />
    <label:label xlink:type="resource" xlink:label="label_s2c_AP_3._1" xml:lang="en" xlink:role="http://www.xbrl.org/2008/role/verboseLabel">II</label:label>
    <gen:arc xlink:type="arc" xlink:arcrole="http://xbrl.org/arcrole/2008/element-label" xlink:from="loc_s2c_AP_3." xlink:to="label_s2c_AP_3._1" />
    <link:loc xlink:type="locator" xlink:href="hier.xsd#s2c_4" xlink:label="loc_s2c_AP_4." />
    <label:label xlink:type="resource" xlink:label="label_s2c_AP_4." xml:lang="en" xlink:role="http://www.xbrl.org/2008/role/label">Use of undertaking specific parameters (Individual)</label:label>
    <gen:arc xlink:type="arc" xlink:arcrole="http://xbrl.org/arcrole/2008/element-label" xlink:from="loc_s2c_AP_4." xlink:to="label_s2c_AP_4." />
    <label:label xlink:type="resource" xlink:label="label_s2c_AP_4._1" xml:lang="en" xlink:role="http://www.xbrl.org/2008/role/verboseLabel">N/A</label:label>
    <gen:arc xlink:type="arc" xlink:arcrole="http://xbrl.org/arcrole/2008/element-label" xlink:from="loc_s2c_AP_4." xlink:to="label_s2c_AP_4._1" />
    <link:loc xlink:type="locator" xlink:href="hier.xsd#s2c_5" xlink:label="loc_s2c_AP_5." />
    <label:label xlink:type="resource" xlink:label="label_s2c_AP_5." xml:lang="en" xlink:role="http://www.xbrl.org/2008/role/label">Volatility adjustment</label:label>
    <gen:arc xlink:type="arc" xlink:arcrole="http://xbrl.org/arcrole/2008/element-label" xlink:from="loc_s2c_AP_5." xlink:to="label_s2c_AP_5." />
    <label:label xlink:type="resource" xlink:label="label_s2c_AP_5._1" xml:lang="en" xlink:role="http://www.xbrl.org/2008/role/verboseLabel">TF</label:label>
    <gen:arc xlink:type="arc" xlink:arcrole="http://xbrl.org/arcrole/2008/element-label" xlink:from="loc_s2c_AP_5." xlink:to="label_s2c_AP_5._1" />
    <link:loc xlink:type="locator" xlink:href="hier.xsd#s2c_6" xlink:label="loc_s2c_AP_6." />
    <label:label xlink:type="resource" xlink:label="label_s2c_AP_6." xml:lang="en" xlink:role="http://www.xbrl.org/2008/role/label">Transitional measure on the risk-free interest rate</label:label>
    <gen:arc xlink:type="arc" xlink:arcrole="http://xbrl.org/arcrole/2008/element-label" xlink:from="loc_s2c_AP_6." xlink:to="label_s2c_AP_6." />
    <label:label xlink:type="resource" xlink:label="label_s2c_AP_6._1" xml:lang="en" xlink:role="http://www.xbrl.org/2008/role/verboseLabel">TF</label:label>
    <gen:arc xlink:type="arc" xlink:arcrole="http://xbrl.org/arcrole/2008/element-label" xlink:from="loc_s2c_AP_6." xlink:to="label_s2c_AP_6._1" />
    <link:loc xlink:type="locator" xlink:href="hier.xsd#s2c_7" xlink:label="loc_s2c_AP_7." />
    <label:label xlink:type="resource" xlink:label="label_s2c_AP_7." xml:lang="en" xlink:role="http://www.xbrl.org/2008/role/label">Transitional measure on technical provisions</label:label>
    <gen:arc xlink:type="arc" xlink:arcrole="http://xbrl.org/arcrole/2008/element-label" xlink:from="loc_s2c_AP_7." xlink:to="label_s2c_AP_7." />
    <label:label xlink:type="resource" xlink:label="label_s2c_AP_7._1" xml:lang="en" xlink:role="http://www.xbrl.org/2008/role/verboseLabel">TF</label:label>
    <gen:arc xlink:type="arc" xlink:arcrole="http://xbrl.org/arcrole/2008/element-label" xlink:from="loc_s2c_AP_7." xlink:to="label_s2c_AP_7._1" />
    <link:loc xlink:type="locator" xlink:href="hier.xsd#s2c_8" xlink:label="loc_s2c_AP_8." />
    <label:label xlink:type="resource" xlink:label="label_s2c_AP_8." xml:lang="en" xlink:role="http://www.xbrl.org/2008/role/label">Use of undertaking specific parameters (Group)</label:label>
    <gen:arc xlink:type="arc" xlink:arcrole="http://xbrl.org/arcrole/2008/element-label" xlink:from="loc_s2c_AP_8." xlink:to="label_s2c_AP_8." />
    <label:label xlink:type="resource" xlink:label="label_s2c_AP_8._1" xml:lang="en" xlink:role="http://www.xbrl.org/2008/role/verboseLabel">N/A</label:label>
    <gen:arc xlink:type="arc" xlink:arcrole="http://xbrl.org/arcrole/2008/element-label" xlink:from="loc_s2c_AP_8." xlink:to="label_s2c_AP_8._1" />
    <link:loc xlink:type="locator" xlink:href="hier.xsd#s2c_9" xlink:label="loc_s2c_AP_9." />
    <label:label xlink:type="resource" xlink:label="label_s2c_AP_9." xml:lang="en" xlink:role="http://www.xbrl.org/2008/role/label">Article 304</label:label>
    <gen:arc xlink:type="arc" xlink:arcrole="http://xbrl.org/arcrole/2008/element-label" xlink:from="loc_s2c_AP_9." xlink:to="label_s2c_AP_9." />
    <label:label xlink:type="resource" xlink:label="label_s2c_AP_9._1" xml:lang="en" xlink:role="http://www.xbrl.org/2008/role/verboseLabel">N/A</label:label>
    <gen:arc xlink:type="arc" xlink:arcrole="http://xbrl.org/arcrole/2008/element-label" xlink:from="loc_s2c_AP_9." xlink:to="label_s2c_AP_9._1" />
    <link:loc xlink:type="locator" xlink:href="hier.xsd#s2c_10" xlink:label="loc_s2c_AP_10." />
    <label:label xlink:type="resource" xlink:label="label_s2c_AP_10." xml:lang="en" xlink:role="http://www.xbrl.org/2008/role/label">Transitional measure on technical provisions</label:label>
    <gen:arc xlink:type="arc" xlink:arcrole="http://xbrl.org/arcrole/2008/element-label" xlink:from="loc_s2c_AP_10." xlink:to="label_s2c_AP_10." />
    <label:label xlink:type="resource" xlink:label="label_s2c_AP_10._1" xml:lang="en" xlink:role="http://www.xbrl.org/2008/role/verboseLabel">TF</label:label>
    <gen:arc xlink:type="arc" xlink:arcrole="http://xbrl.org/arcrole/2008/element-label" xlink:from="loc_s2c_AP_10." xlink:to="label_s2c_AP_10._1" />
    <link:loc xlink:type="locator" xlink:href="hier.xsd#s2c_11" xlink:label="loc_s2c_AP_11." />
    <label:label xlink:type="resource" xlink:label="label_s2c_AP_11." xml:lang="en" xlink:role="http://www.xbrl.org/2008/role/label">Material</label:label>
    <gen:arc xlink:type="arc" xlink:arcrole="http://xbrl.org/arcrole/2008/element-label" xlink:from="loc_s2c_AP_11." xlink:to="label_s2c_AP_11." />
    <label:label xlink:type="resource" xlink:label="label_s2c_AP_11._1" xml:lang="en" xlink:role="http://www.xbrl.org/2008/role/verboseLabel">MT</label:label>
    <gen:arc xlink:type="arc" xlink:arcrole="http://xbrl.org/arcrole/2008/element-label" xlink:from="loc_s2c_AP_11." xlink:to="label_s2c_AP_11._1" />
    <link:loc xlink:type="locator" xlink:href="hier.xsd#s2c_12" xlink:label="loc_s2c_AP_12." />
    <label:label xlink:type="resource" xlink:label="label_s2c_AP_12." xml:lang="en" xlink:role="http://www.xbrl.org/2008/role/label">USP Standard Deviation gross/net</label:label>
    <gen:arc xlink:type="arc" xlink:arcrole="http://xbrl.org/arcrole/2008/element-label" xlink:from="loc_s2c_AP_12." xlink:to="label_s2c_AP_12." />
    <label:label xlink:type="resource" xlink:label="label_s2c_AP_12._1" xml:lang="en" xlink:role="http://www.xbrl.org/2008/role/verboseLabel">N/A</label:label>
    <gen:arc xlink:type="arc" xlink:arcrole="http://xbrl.org/arcrole/2008/element-label" xlink:from="loc_s2c_AP_12." xlink:to="label_s2c_AP_12._1" />
    <link:loc xlink:type="locator" xlink:href="hier.xsd#s2c_13" xlink:label="loc_s2c_AP_13." />
    <label:label xlink:type="resource" xlink:label="label_s2c_AP_13." xml:lang="en" xlink:role="http://www.xbrl.org/2008/role/label">Standard or internal model</label:label>
    <gen:arc xlink:type="arc" xlink:arcrole="http://xbrl.org/arcrole/2008/element-label" xlink:from="loc_s2c_AP_13." xlink:to="label_s2c_AP_13." />
    <label:label xlink:type="resource" xlink:label="label_s2c_AP_13._1" xml:lang="en" xlink:role="http://www.xbrl.org/2008/role/verboseLabel">II</label:label>
    <gen:arc xlink:type="arc" xlink:arcrole="http://xbrl.org/arcrole/2008/element-label" xlink:from="loc_s2c_AP_13." xlink:to="label_s2c_AP_13._1" />
    <link:loc xlink:type="locator" xlink:href="hier.xsd#s2c_14" xlink:label="loc_s2c_AP_14." />
    <label:label xlink:type="resource" xlink:label="label_s2c_AP_14." xml:lang="en" xlink:role="http://www.xbrl.org/2008/role/label">Future management actions regarding technical provisions and/or deferred taxes</label:label>
    <gen:arc xlink:type="arc" xlink:arcrole="http://xbrl.org/arcrole/2008/element-label" xlink:from="loc_s2c_AP_14." xlink:to="label_s2c_AP_14." />
    <label:label xlink:type="resource" xlink:label="label_s2c_AP_14._1" xml:lang="en" xlink:role="http://www.xbrl.org/2008/role/verboseLabel">N/A</label:label>
    <gen:arc xlink:type="arc" xlink:arcrole="http://xbrl.org/arcrole/2008/element-label" xlink:from="loc_s2c_AP_14." xlink:to="label_s2c_AP_14._1" />
    <link:loc xlink:type="locator" xlink:href="hier.xsd#s2c_15" xlink:label="loc_s2c_AP_15." />
    <label:label xlink:type="resource" xlink:label="label_s2c_AP_15." xml:lang="en" xlink:role="http://www.xbrl.org/2008/role/label">Compliance with fully funded requirement throughout the period</label:label>
    <gen:arc xlink:type="arc" xlink:arcrole="http://xbrl.org/arcrole/2008/element-label" xlink:from="loc_s2c_AP_15." xlink:to="label_s2c_AP_15." />
    <label:label xlink:type="resource" xlink:label="label_s2c_AP_15._1" xml:lang="en" xlink:role="http://www.xbrl.org/2008/role/verboseLabel">N/A</label:label>
    <gen:arc xlink:type="arc" xlink:arcrole="http://xbrl.org/arcrole/2008/element-label" xlink:from="loc_s2c_AP_15." xlink:to="label_s2c_AP_15._1" />
    <link:loc xlink:type="locator" xlink:href="hier.xsd#s2c_16" xlink:label="loc_s2c_AP_16." />
    <label:label xlink:type="resource" xlink:label="label_s2c_AP_16." xml:lang="en" xlink:role="http://www.xbrl.org/2008/role/label">Issues/ uses commenced prior to implementation</label:label>
    <gen:arc xlink:type="arc" xlink:arcrole="http://xbrl.org/arcrole/2008/element-label" xlink:from="loc_s2c_AP_16." xlink:to="label_s2c_AP_16." />
    <label:label xlink:type="resource" xlink:label="label_s2c_AP_16._1" xml:lang="en" xlink:role="http://www.xbrl.org/2008/role/verboseLabel">N/A</label:label>
    <gen:arc xlink:type="arc" xlink:arcrole="http://xbrl.org/arcrole/2008/element-label" xlink:from="loc_s2c_AP_16." xlink:to="label_s2c_AP_16._1" />
    <link:loc xlink:type="locator" xlink:href="hier.xsd#s2c_17" xlink:label="loc_s2c_AP_17." />
    <label:label xlink:type="resource" xlink:label="label_s2c_AP_17." xml:lang="en" xlink:role="http://www.xbrl.org/2008/role/label">Simplifications used/not used</label:label>
    <gen:arc xlink:type="arc" xlink:arcrole="http://xbrl.org/arcrole/2008/element-label" xlink:from="loc_s2c_AP_17." xlink:to="label_s2c_AP_17." />
    <label:label xlink:type="resource" xlink:label="label_s2c_AP_17._1" xml:lang="en" xlink:role="http://www.xbrl.org/2008/role/verboseLabel">N/A</label:label>
    <gen:arc xlink:type="arc" xlink:arcrole="http://xbrl.org/arcrole/2008/element-label" xlink:from="loc_s2c_AP_17." xlink:to="label_s2c_AP_17._1" />
    <link:loc xlink:type="locator" xlink:href="hier.xsd#s2c_18" xlink:label="loc_s2c_AP_18." />
    <label:label xlink:type="resource" xlink:label="label_s2c_AP_18." xml:lang="en" xlink:role="http://www.xbrl.org/2008/role/label">Risk concentration</label:label>
    <gen:arc xlink:type="arc" xlink:arcrole="http://xbrl.org/arcrole/2008/element-label" xlink:from="loc_s2c_AP_18." xlink:to="label_s2c_AP_18." />
    <label:label xlink:type="resource" xlink:label="label_s2c_AP_18._1" xml:lang="en" xlink:role="http://www.xbrl.org/2008/role/verboseLabel">N/A</label:label>
    <gen:arc xlink:type="arc" xlink:arcrole="http://xbrl.org/arcrole/2008/element-label" xlink:from="loc_s2c_AP_18." xlink:to="label_s2c_AP_18._1" />
  </gen:link>
</link:linkbase>