<?xml version="1.0" encoding="UTF-8"?>
<!--(C) EIOPA - XBRL Solvency 2 Taxonomy-->
<?officialURI http://eiopa.europa.eu/eu/xbrl/ext/filing-indicators-check.xml?>
<?taxonomy-version 2.1.0?>
<?taxonomy-date 2016-07-15?>
<link:linkbase xmlns:xsi="http://www.w3.org/2001/XMLSchema-instance" xsi:schemaLocation="http://www.xbrl.org/2003/linkbase http://www.xbrl.org/2003/xbrl-linkbase-2003-12-31.xsd http://xbrl.org/2008/generic http://www.xbrl.org/2008/generic-link.xsd http://xbrl.org/2008/formula http://www.xbrl.org/2008/formula.xsd http://xbrl.org/2008/label http://www.xbrl.org/2008/generic-label.xsd http://xbrl.org/2008/reference http://www.xbrl.org/2008/generic-reference.xsd http://xbrl.org/2008/assertion/consistency http://www.xbrl.org/2008/consistency-assertion.xsd http://xbrl.org/2008/assertion/existence http://www.xbrl.org/2008/existence-assertion.xsd http://xbrl.org/2008/assertion/value http://www.xbrl.org/2008/value-assertion.xsd http://xbrl.org/2008/filter/concept http://www.xbrl.org/2008/concept-filter.xsd http://xbrl.org/2008/filter/tuple http://www.xbrl.org/2008/tuple-filter.xsd" xmlns:link="http://www.xbrl.org/2003/linkbase" xmlns:gen="http://xbrl.org/2008/generic" xmlns:va="http://xbrl.org/2008/assertion/value" xmlns:xfi="http://www.xbrl.org/2008/function/instance" xmlns:cf="http://xbrl.org/2008/filter/concept" xmlns:tf="http://xbrl.org/2008/filter/tuple" xmlns:ca="http://xbrl.org/2008/assertion/consistency" xmlns:variable="http://xbrl.org/2008/variable" xmlns:label="http://xbrl.org/2008/label" xmlns:ea="http://xbrl.org/2008/assertion/existence" xmlns:find="http://www.eurofiling.info/xbrl/ext/filing-indicators" xmlns:fn="http://www.w3.org/2005/xpath-functions" xmlns:xs="http://www.w3.org/2001/XMLSchema" xmlns:validation="http://xbrl.org/2008/validation" xmlns:formula="http://xbrl.org/2008/formula" xmlns:xlink="http://www.w3.org/1999/xlink">
  <link:arcroleRef arcroleURI="http://xbrl.org/arcrole/2008/variable-filter" xlink:type="simple" xlink:href="http://www.xbrl.org/2008/variable.xsd#variable-filter" />
  <link:arcroleRef arcroleURI="http://xbrl.org/arcrole/2008/variable-set" xlink:type="simple" xlink:href="http://www.xbrl.org/2008/variable.xsd#variable-set" />
  <gen:link xlink:type="extended" xlink:role="http://www.xbrl.org/2003/role/link">
    <va:valueAssertion xlink:type="resource" xlink:label="filingIndicatorOutsidefIndicatorsTupleAssertion" id="filingIndicatorOutsidefIndicatorsTupleAssertion" test="false()" aspectModel="dimensional" implicitFiltering="true" />
    <variable:factVariable xlink:type="resource" xlink:label="filingIndicatorOutsidefIndicatorsVariable" bindAsSequence="false" />
    <variable:variableArc xlink:type="arc" xlink:arcrole="http://xbrl.org/arcrole/2008/variable-set" xlink:from="filingIndicatorOutsidefIndicatorsTupleAssertion" xlink:to="filingIndicatorOutsidefIndicatorsVariable" name="filingIndicator" />
    <cf:conceptName xlink:type="resource" xlink:label="filingIndicator">
      <cf:concept>
        <cf:qname>find:filingIndicator</cf:qname>
      </cf:concept>
    </cf:conceptName>
    <variable:variableFilterArc xlink:type="arc" xlink:arcrole="http://xbrl.org/arcrole/2008/variable-filter" xlink:from="filingIndicatorOutsidefIndicatorsVariable" xlink:to="filingIndicator" cover="true" complement="false" />
    <tf:parentFilter xlink:type="resource" xlink:label="fIndicators">
      <tf:parent>
        <tf:qname>find:fIndicators</tf:qname>
      </tf:parent>
    </tf:parentFilter>
    <variable:variableFilterArc xlink:type="arc" xlink:arcrole="http://xbrl.org/arcrole/2008/variable-filter" xlink:from="filingIndicatorOutsidefIndicatorsVariable" xlink:to="fIndicators" cover="true" complement="true" />
    <ea:existenceAssertion xlink:type="resource" xlink:label="filingIndicatorsExistanceAssertion" id="filingIndicatorsExistanceAssertion" aspectModel="dimensional" implicitFiltering="true" test=". gt 0" />
    <variable:factVariable xlink:type="resource" xlink:label="filingIndicatorsExistaneVariable" bindAsSequence="true" fallbackValue="." />
    <variable:variableArc xlink:type="arc" xlink:arcrole="http://xbrl.org/arcrole/2008/variable-set" xlink:from="filingIndicatorsExistanceAssertion" xlink:to="filingIndicatorsExistaneVariable" name="filingIndicator" />
    <variable:variableFilterArc xlink:type="arc" xlink:arcrole="http://xbrl.org/arcrole/2008/variable-filter" xlink:from="filingIndicatorsExistaneVariable" xlink:to="filingIndicator" cover="true" complement="false" />
    <variable:variableFilterArc xlink:type="arc" xlink:arcrole="http://xbrl.org/arcrole/2008/variable-filter" xlink:from="filingIndicatorsExistaneVariable" xlink:to="fIndicators" cover="true" complement="false" />
  </gen:link>
</link:linkbase>