<?xml version="1.0" encoding="UTF-8"?>
<!--(C) EIOPA - XBRL Solvency 2 Taxonomy-->
<?officialURI http://eiopa.europa.eu/eu/xbrl/ext/filing-indicators-check-lab-en.xml?>
<?taxonomy-version 2.1.0?>
<?taxonomy-date 2016-07-15?>
<link:linkbase xmlns:xsi="http://www.w3.org/2001/XMLSchema-instance" xmlns:xlink="http://www.w3.org/1999/xlink" xmlns:link="http://www.xbrl.org/2003/linkbase" xmlns:gen="http://xbrl.org/2008/generic" xmlns:label="http://xbrl.org/2008/label" xsi:schemaLocation="http://www.xbrl.org/2003/linkbase http://www.xbrl.org/2003/xbrl-linkbase-2003-12-31.xsd http://xbrl.org/2008/generic http://www.xbrl.org/2008/generic-link.xsd http://xbrl.org/2008/label http://www.xbrl.org/2008/generic-label.xsd">
  <link:arcroleRef arcroleURI="http://xbrl.org/arcrole/2008/element-label" xlink:type="simple" xlink:href="http://www.xbrl.org/2008/generic-label.xsd#element-label" />
  <link:roleRef roleURI="http://www.xbrl.org/2008/role/label" xlink:type="simple" xlink:href="http://www.xbrl.org/2008/generic-label.xsd#standard-label" />
  <link:roleRef roleURI="http://www.xbrl.org/2008/role/verboseLabel" xlink:type="simple" xlink:href="http://www.xbrl.org/2008/generic-label.xsd#verbose-label" />
  <gen:link xlink:type="extended" xlink:role="http://www.xbrl.org/2003/role/link">
    <link:loc xlink:type="locator" xlink:href="filing-indicators-check.xml#filingIndicatorOutsidefIndicatorsTupleAssertion" xlink:label="filingIndicatorOutsidefIndicatorsTupleAssertion_loc" />
    <label:label xlink:type="resource" xlink:label="filingIndicatorOutsidefIndicatorsTupleAssertion_lab" xml:lang="en" xlink:role="http://www.xbrl.org/2008/role/label">Filing indicator not in find:fIndicators tuple.</label:label>
    <gen:arc xlink:type="arc" xlink:arcrole="http://xbrl.org/arcrole/2008/element-label" xlink:from="filingIndicatorOutsidefIndicatorsTupleAssertion_loc" xlink:to="filingIndicatorOutsidefIndicatorsTupleAssertion_lab" />
    <link:loc xlink:type="locator" xlink:href="filing-indicators-check.xml#filingIndicatorsExistanceAssertion" xlink:label="filingIndicatorsExistanceAssertion_loc" />
    <label:label xlink:type="resource" xlink:label="filingIndicatorsExistanceAssertion_lab" xml:lang="en" xlink:role="http://www.xbrl.org/2008/role/label">Filing indicators missing in the report.</label:label>
    <gen:arc xlink:type="arc" xlink:arcrole="http://xbrl.org/arcrole/2008/element-label" xlink:from="filingIndicatorsExistanceAssertion_loc" xlink:to="filingIndicatorsExistanceAssertion_lab" />
  </gen:link>
</link:linkbase>