<?xml version="1.0" encoding="UTF-8"?>
<!--(C) EIOPA - XBRL Solvency 2 Taxonomy-->
<?officialURI http://eiopa.europa.eu/eu/xbrl/s2md/fws/solvency/solvency2/2016-07-15/tab/e.02.01.16.01/e.02.01.16.01-def.xml?>
<?taxonomy-version 2.1.0?>
<?taxonomy-date 2016-07-15?>
<link:linkbase xmlns:xsi="http://www.w3.org/2001/XMLSchema-instance" xmlns:xlink="http://www.w3.org/1999/xlink" xmlns:link="http://www.xbrl.org/2003/linkbase" xmlns:xbrldt="http://xbrl.org/2005/xbrldt" xsi:schemaLocation="http://www.xbrl.org/2003/linkbase http://www.xbrl.org/2003/xbrl-linkbase-2003-12-31.xsd http://xbrl.org/2005/xbrldt http://www.xbrl.org/2005/xbrldt-2005.xsd">
  <link:arcroleRef arcroleURI="http://xbrl.org/int/dim/arcrole/all" xlink:type="simple" xlink:href="http://www.xbrl.org/2005/xbrldt-2005.xsd#all" />
  <link:arcroleRef arcroleURI="http://xbrl.org/int/dim/arcrole/dimension-domain" xlink:type="simple" xlink:href="http://www.xbrl.org/2005/xbrldt-2005.xsd#dimension-domain" />
  <link:arcroleRef arcroleURI="http://xbrl.org/int/dim/arcrole/domain-member" xlink:type="simple" xlink:href="http://www.xbrl.org/2005/xbrldt-2005.xsd#domain-member" />
  <link:arcroleRef arcroleURI="http://xbrl.org/int/dim/arcrole/hypercube-dimension" xlink:type="simple" xlink:href="http://www.xbrl.org/2005/xbrldt-2005.xsd#hypercube-dimension" />
  <link:roleRef roleURI="http://eiopa.europa.eu/xbrl/s2md/role/fws/solvency/solvency2/2016-07-15/tab/E.02.01.16.01/1" xlink:type="simple" xlink:href="e.02.01.16.01.xsd#role1" />
  <link:definitionLink xlink:type="extended" xlink:role="http://eiopa.europa.eu/xbrl/s2md/role/fws/solvency/solvency2/2016-07-15/tab/E.02.01.16.01/1">
    <link:loc xlink:type="locator" xlink:href="../../../../../../dict/met/met.xsd#s2md_mi363" xlink:label="loc_s2md_mi363" />
    <link:loc xlink:type="locator" xlink:href="http://www.eurofiling.info/eu/fr/xbrl/ext/model.xsd#hyp" xlink:label="loc_hyp" />
    <link:definitionArc xlink:type="arc" xlink:arcrole="http://xbrl.org/int/dim/arcrole/all" xlink:from="loc_s2md_mi363" xlink:to="loc_hyp" xbrldt:closed="true" xbrldt:contextElement="scenario" order="1" />
    <link:loc xlink:type="locator" xlink:href="../../../../../../../s2c/dict/dim/dim.xsd#s2c_VL" xlink:label="loc_s2c_VL" />
    <link:definitionArc xlink:type="arc" xlink:arcrole="http://xbrl.org/int/dim/arcrole/hypercube-dimension" xlink:from="loc_hyp" xlink:to="loc_s2c_VL" order="1" />
    <link:loc xlink:type="locator" xlink:href="../../../../../../../s2c/dict/dom/exp.xsd#s2c_VM" xlink:label="loc_s2c_VM" />
    <link:definitionArc xlink:type="arc" xlink:arcrole="http://xbrl.org/int/dim/arcrole/dimension-domain" xlink:from="loc_s2c_VL" xlink:to="loc_s2c_VM" xbrldt:usable="false" order="1" />
    <link:loc xlink:type="locator" xlink:href="../../../../../../../s2c/dict/dom/vm/mem.xsd#s2c_x9" xlink:label="loc_s2c_x9" />
    <link:definitionArc xlink:type="arc" xlink:arcrole="http://xbrl.org/int/dim/arcrole/domain-member" xlink:from="loc_s2c_VM" xlink:to="loc_s2c_x9" order="1" />
    <link:loc xlink:type="locator" xlink:href="../../../../../../../s2c/dict/dim/dim.xsd#s2c_RZ" xlink:label="loc_s2c_RZ" />
    <link:definitionArc xlink:type="arc" xlink:arcrole="http://xbrl.org/int/dim/arcrole/hypercube-dimension" xlink:from="loc_hyp" xlink:to="loc_s2c_RZ" order="2" />
    <link:loc xlink:type="locator" xlink:href="../../../../../../../s2c/dict/dom/exp.xsd#s2c_LB" xlink:label="loc_s2c_LB" />
    <link:definitionArc xlink:type="arc" xlink:arcrole="http://xbrl.org/int/dim/arcrole/dimension-domain" xlink:from="loc_s2c_RZ" xlink:to="loc_s2c_LB" xbrldt:usable="false" order="1" />
    <link:loc xlink:type="locator" xlink:href="../../../../../../../s2c/dict/dom/lb/mem.xsd#s2c_x182" xlink:label="loc_s2c_x182" />
    <link:definitionArc xlink:type="arc" xlink:arcrole="http://xbrl.org/int/dim/arcrole/domain-member" xlink:from="loc_s2c_LB" xlink:to="loc_s2c_x182" order="1" />
    <link:loc xlink:type="locator" xlink:href="../../../../../../../s2c/dict/dom/lb/mem.xsd#s2c_x177" xlink:label="loc_s2c_x177" />
    <link:definitionArc xlink:type="arc" xlink:arcrole="http://xbrl.org/int/dim/arcrole/domain-member" xlink:from="loc_s2c_LB" xlink:to="loc_s2c_x177" order="2" />
    <link:loc xlink:type="locator" xlink:href="../../../../../../../s2c/dict/dom/lb/mem.xsd#s2c_x178" xlink:label="loc_s2c_x178" />
    <link:definitionArc xlink:type="arc" xlink:arcrole="http://xbrl.org/int/dim/arcrole/domain-member" xlink:from="loc_s2c_LB" xlink:to="loc_s2c_x178" order="3" />
    <link:loc xlink:type="locator" xlink:href="../../../../../../../s2c/dict/dom/lb/mem.xsd#s2c_x179" xlink:label="loc_s2c_x179" />
    <link:definitionArc xlink:type="arc" xlink:arcrole="http://xbrl.org/int/dim/arcrole/domain-member" xlink:from="loc_s2c_LB" xlink:to="loc_s2c_x179" order="4" />
    <link:loc xlink:type="locator" xlink:href="../../../../../../../s2c/dict/dom/lb/mem.xsd#s2c_x180" xlink:label="loc_s2c_x180" />
    <link:definitionArc xlink:type="arc" xlink:arcrole="http://xbrl.org/int/dim/arcrole/domain-member" xlink:from="loc_s2c_LB" xlink:to="loc_s2c_x180" order="5" />
    <link:loc xlink:type="locator" xlink:href="../../../../../../../s2c/dict/dim/dim.xsd#s2c_VG" xlink:label="loc_s2c_VG" />
    <link:definitionArc xlink:type="arc" xlink:arcrole="http://xbrl.org/int/dim/arcrole/hypercube-dimension" xlink:from="loc_hyp" xlink:to="loc_s2c_VG" order="3" />
    <link:loc xlink:type="locator" xlink:href="../../../../../../../s2c/dict/dom/exp.xsd#s2c_AM" xlink:label="loc_s2c_AM" />
    <link:definitionArc xlink:type="arc" xlink:arcrole="http://xbrl.org/int/dim/arcrole/dimension-domain" xlink:from="loc_s2c_VG" xlink:to="loc_s2c_AM" xbrldt:usable="false" order="1" />
    <link:loc xlink:type="locator" xlink:href="../../../../../../../s2c/dict/dom/am/mem.xsd#s2c_x80" xlink:label="loc_s2c_x80" />
    <link:definitionArc xlink:type="arc" xlink:arcrole="http://xbrl.org/int/dim/arcrole/domain-member" xlink:from="loc_s2c_AM" xlink:to="loc_s2c_x80" order="1" />
  </link:definitionLink>
</link:linkbase>