<?xml version="1.0" encoding="UTF-8"?>
<!--(C) EIOPA - XBRL Solvency 2 Taxonomy-->
<?officialURI http://eiopa.europa.eu/eu/xbrl/s2c/dict/dom/cn/hier-lab-en.xml?>
<?taxonomy-version 2.1.0?>
<?taxonomy-date 2016-07-15?>
<link:linkbase xmlns:xsi="http://www.w3.org/2001/XMLSchema-instance" xmlns:xlink="http://www.w3.org/1999/xlink" xmlns:link="http://www.xbrl.org/2003/linkbase" xmlns:gen="http://xbrl.org/2008/generic" xmlns:label="http://xbrl.org/2008/label" xsi:schemaLocation="http://www.xbrl.org/2003/linkbase http://www.xbrl.org/2003/xbrl-linkbase-2003-12-31.xsd http://xbrl.org/2008/generic http://www.xbrl.org/2008/generic-link.xsd http://xbrl.org/2008/label http://www.xbrl.org/2008/generic-label.xsd">
  <link:arcroleRef arcroleURI="http://xbrl.org/arcrole/2008/element-label" xlink:type="simple" xlink:href="http://www.xbrl.org/2008/generic-label.xsd#element-label" />
  <link:roleRef roleURI="http://www.xbrl.org/2008/role/label" xlink:type="simple" xlink:href="http://www.xbrl.org/2008/generic-label.xsd#standard-label" />
  <link:roleRef roleURI="http://www.xbrl.org/2008/role/verboseLabel" xlink:type="simple" xlink:href="http://www.xbrl.org/2008/generic-label.xsd#verbose-label" />
  <gen:link xlink:type="extended" xlink:role="http://www.xbrl.org/2003/role/link">
    <link:loc xlink:type="locator" xlink:href="hier.xsd#s2c_1" xlink:label="loc_s2c_CN_1." />
    <label:label xlink:type="resource" xlink:label="label_s2c_CN_1." xml:lang="en" xlink:role="http://www.xbrl.org/2008/role/label">Content</label:label>
    <gen:arc xlink:type="arc" xlink:arcrole="http://xbrl.org/arcrole/2008/element-label" xlink:from="loc_s2c_CN_1." xlink:to="label_s2c_CN_1." />
    <label:label xlink:type="resource" xlink:label="label_s2c_CN_1._1" xml:lang="en" xlink:role="http://www.xbrl.org/2008/role/verboseLabel">N/A</label:label>
    <gen:arc xlink:type="arc" xlink:arcrole="http://xbrl.org/arcrole/2008/element-label" xlink:from="loc_s2c_CN_1." xlink:to="label_s2c_CN_1._1" />
    <link:loc xlink:type="locator" xlink:href="hier.xsd#s2c_2" xlink:label="loc_s2c_CN_2." />
    <label:label xlink:type="resource" xlink:label="label_s2c_CN_2." xml:lang="en" xlink:role="http://www.xbrl.org/2008/role/label">Basic Information</label:label>
    <gen:arc xlink:type="arc" xlink:arcrole="http://xbrl.org/arcrole/2008/element-label" xlink:from="loc_s2c_CN_2." xlink:to="label_s2c_CN_2." />
    <label:label xlink:type="resource" xlink:label="label_s2c_CN_2._1" xml:lang="en" xlink:role="http://www.xbrl.org/2008/role/verboseLabel">N/A</label:label>
    <gen:arc xlink:type="arc" xlink:arcrole="http://xbrl.org/arcrole/2008/element-label" xlink:from="loc_s2c_CN_2." xlink:to="label_s2c_CN_2._1" />
    <link:loc xlink:type="locator" xlink:href="hier.xsd#s2c_3" xlink:label="loc_s2c_CN_3." />
    <label:label xlink:type="resource" xlink:label="label_s2c_CN_3." xml:lang="en" xlink:role="http://www.xbrl.org/2008/role/label">Assets and liabilities by currency</label:label>
    <gen:arc xlink:type="arc" xlink:arcrole="http://xbrl.org/arcrole/2008/element-label" xlink:from="loc_s2c_CN_3." xlink:to="label_s2c_CN_3." />
    <label:label xlink:type="resource" xlink:label="label_s2c_CN_3._1" xml:lang="en" xlink:role="http://www.xbrl.org/2008/role/verboseLabel">N/A</label:label>
    <gen:arc xlink:type="arc" xlink:arcrole="http://xbrl.org/arcrole/2008/element-label" xlink:from="loc_s2c_CN_3." xlink:to="label_s2c_CN_3._1" />
    <link:loc xlink:type="locator" xlink:href="hier.xsd#s2c_4" xlink:label="loc_s2c_CN_4." />
    <label:label xlink:type="resource" xlink:label="label_s2c_CN_4." xml:lang="en" xlink:role="http://www.xbrl.org/2008/role/label">Open derivatives</label:label>
    <gen:arc xlink:type="arc" xlink:arcrole="http://xbrl.org/arcrole/2008/element-label" xlink:from="loc_s2c_CN_4." xlink:to="label_s2c_CN_4." />
    <label:label xlink:type="resource" xlink:label="label_s2c_CN_4._1" xml:lang="en" xlink:role="http://www.xbrl.org/2008/role/verboseLabel">N/A</label:label>
    <gen:arc xlink:type="arc" xlink:arcrole="http://xbrl.org/arcrole/2008/element-label" xlink:from="loc_s2c_CN_4." xlink:to="label_s2c_CN_4._1" />
    <link:loc xlink:type="locator" xlink:href="hier.xsd#s2c_5" xlink:label="loc_s2c_CN_5." />
    <label:label xlink:type="resource" xlink:label="label_s2c_CN_5." xml:lang="en" xlink:role="http://www.xbrl.org/2008/role/label">Life and Health SLT Technical Provisions (Preparatory scope)</label:label>
    <gen:arc xlink:type="arc" xlink:arcrole="http://xbrl.org/arcrole/2008/element-label" xlink:from="loc_s2c_CN_5." xlink:to="label_s2c_CN_5." />
    <label:label xlink:type="resource" xlink:label="label_s2c_CN_5._1" xml:lang="en" xlink:role="http://www.xbrl.org/2008/role/verboseLabel">N/A</label:label>
    <gen:arc xlink:type="arc" xlink:arcrole="http://xbrl.org/arcrole/2008/element-label" xlink:from="loc_s2c_CN_5." xlink:to="label_s2c_CN_5._1" />
    <link:loc xlink:type="locator" xlink:href="hier.xsd#s2c_6" xlink:label="loc_s2c_CN_6." />
    <label:label xlink:type="resource" xlink:label="label_s2c_CN_6." xml:lang="en" xlink:role="http://www.xbrl.org/2008/role/label">Non-Life Technical Provisions (Preparatory scope)</label:label>
    <gen:arc xlink:type="arc" xlink:arcrole="http://xbrl.org/arcrole/2008/element-label" xlink:from="loc_s2c_CN_6." xlink:to="label_s2c_CN_6." />
    <label:label xlink:type="resource" xlink:label="label_s2c_CN_6._1" xml:lang="en" xlink:role="http://www.xbrl.org/2008/role/verboseLabel">N/A</label:label>
    <gen:arc xlink:type="arc" xlink:arcrole="http://xbrl.org/arcrole/2008/element-label" xlink:from="loc_s2c_CN_6." xlink:to="label_s2c_CN_6._1" />
    <link:loc xlink:type="locator" xlink:href="hier.xsd#s2c_7" xlink:label="loc_s2c_CN_7." />
    <label:label xlink:type="resource" xlink:label="label_s2c_CN_7." xml:lang="en" xlink:role="http://www.xbrl.org/2008/role/label">Solvency Capital Requirement - SF (Preparatory scope)</label:label>
    <gen:arc xlink:type="arc" xlink:arcrole="http://xbrl.org/arcrole/2008/element-label" xlink:from="loc_s2c_CN_7." xlink:to="label_s2c_CN_7." />
    <label:label xlink:type="resource" xlink:label="label_s2c_CN_7._1" xml:lang="en" xlink:role="http://www.xbrl.org/2008/role/verboseLabel">N/A</label:label>
    <gen:arc xlink:type="arc" xlink:arcrole="http://xbrl.org/arcrole/2008/element-label" xlink:from="loc_s2c_CN_7." xlink:to="label_s2c_CN_7._1" />
    <link:loc xlink:type="locator" xlink:href="hier.xsd#s2c_8" xlink:label="loc_s2c_CN_8." />
    <label:label xlink:type="resource" xlink:label="label_s2c_CN_8." xml:lang="en" xlink:role="http://www.xbrl.org/2008/role/label">Solvency Capital Requirement - PIM (Preparatory scope)</label:label>
    <gen:arc xlink:type="arc" xlink:arcrole="http://xbrl.org/arcrole/2008/element-label" xlink:from="loc_s2c_CN_8." xlink:to="label_s2c_CN_8." />
    <label:label xlink:type="resource" xlink:label="label_s2c_CN_8._1" xml:lang="en" xlink:role="http://www.xbrl.org/2008/role/verboseLabel">N/A</label:label>
    <gen:arc xlink:type="arc" xlink:arcrole="http://xbrl.org/arcrole/2008/element-label" xlink:from="loc_s2c_CN_8." xlink:to="label_s2c_CN_8._1" />
    <link:loc xlink:type="locator" xlink:href="hier.xsd#s2c_9" xlink:label="loc_s2c_CN_9." />
    <label:label xlink:type="resource" xlink:label="label_s2c_CN_9." xml:lang="en" xlink:role="http://www.xbrl.org/2008/role/label">Solvency Capital Requirement - IM (Preparatory scope)</label:label>
    <gen:arc xlink:type="arc" xlink:arcrole="http://xbrl.org/arcrole/2008/element-label" xlink:from="loc_s2c_CN_9." xlink:to="label_s2c_CN_9." />
    <label:label xlink:type="resource" xlink:label="label_s2c_CN_9._1" xml:lang="en" xlink:role="http://www.xbrl.org/2008/role/verboseLabel">N/A</label:label>
    <gen:arc xlink:type="arc" xlink:arcrole="http://xbrl.org/arcrole/2008/element-label" xlink:from="loc_s2c_CN_9." xlink:to="label_s2c_CN_9._1" />
    <link:loc xlink:type="locator" xlink:href="hier.xsd#s2c_10" xlink:label="loc_s2c_CN_10." />
    <label:label xlink:type="resource" xlink:label="label_s2c_CN_10." xml:lang="en" xlink:role="http://www.xbrl.org/2008/role/label">Solvency Capital Requirement (Preparatory scope)</label:label>
    <gen:arc xlink:type="arc" xlink:arcrole="http://xbrl.org/arcrole/2008/element-label" xlink:from="loc_s2c_CN_10." xlink:to="label_s2c_CN_10." />
    <label:label xlink:type="resource" xlink:label="label_s2c_CN_10._1" xml:lang="en" xlink:role="http://www.xbrl.org/2008/role/verboseLabel">N/A</label:label>
    <gen:arc xlink:type="arc" xlink:arcrole="http://xbrl.org/arcrole/2008/element-label" xlink:from="loc_s2c_CN_10." xlink:to="label_s2c_CN_10._1" />
    <link:loc xlink:type="locator" xlink:href="hier.xsd#s2c_11" xlink:label="loc_s2c_CN_11." />
    <label:label xlink:type="resource" xlink:label="label_s2c_CN_11." xml:lang="en" xlink:role="http://www.xbrl.org/2008/role/label">Minimum Capital Requirement</label:label>
    <gen:arc xlink:type="arc" xlink:arcrole="http://xbrl.org/arcrole/2008/element-label" xlink:from="loc_s2c_CN_11." xlink:to="label_s2c_CN_11." />
    <label:label xlink:type="resource" xlink:label="label_s2c_CN_11._1" xml:lang="en" xlink:role="http://www.xbrl.org/2008/role/verboseLabel">N/A</label:label>
    <gen:arc xlink:type="arc" xlink:arcrole="http://xbrl.org/arcrole/2008/element-label" xlink:from="loc_s2c_CN_11." xlink:to="label_s2c_CN_11._1" />
    <link:loc xlink:type="locator" xlink:href="hier.xsd#s2c_12" xlink:label="loc_s2c_CN_12." />
    <label:label xlink:type="resource" xlink:label="label_s2c_CN_12." xml:lang="en" xlink:role="http://www.xbrl.org/2008/role/label">Minimum Capital Requirement - Composite</label:label>
    <gen:arc xlink:type="arc" xlink:arcrole="http://xbrl.org/arcrole/2008/element-label" xlink:from="loc_s2c_CN_12." xlink:to="label_s2c_CN_12." />
    <label:label xlink:type="resource" xlink:label="label_s2c_CN_12._1" xml:lang="en" xlink:role="http://www.xbrl.org/2008/role/verboseLabel">N/A</label:label>
    <gen:arc xlink:type="arc" xlink:arcrole="http://xbrl.org/arcrole/2008/element-label" xlink:from="loc_s2c_CN_12." xlink:to="label_s2c_CN_12._1" />
    <link:loc xlink:type="locator" xlink:href="hier.xsd#s2c_13" xlink:label="loc_s2c_CN_13." />
    <label:label xlink:type="resource" xlink:label="label_s2c_CN_13." xml:lang="en" xlink:role="http://www.xbrl.org/2008/role/label">Non-(re)insurance individual requirements</label:label>
    <gen:arc xlink:type="arc" xlink:arcrole="http://xbrl.org/arcrole/2008/element-label" xlink:from="loc_s2c_CN_13." xlink:to="label_s2c_CN_13." />
    <label:label xlink:type="resource" xlink:label="label_s2c_CN_13._1" xml:lang="en" xlink:role="http://www.xbrl.org/2008/role/verboseLabel">N/A</label:label>
    <gen:arc xlink:type="arc" xlink:arcrole="http://xbrl.org/arcrole/2008/element-label" xlink:from="loc_s2c_CN_13." xlink:to="label_s2c_CN_13._1" />
    <link:loc xlink:type="locator" xlink:href="hier.xsd#s2c_14" xlink:label="loc_s2c_CN_14." />
    <label:label xlink:type="resource" xlink:label="label_s2c_CN_14." xml:lang="en" xlink:role="http://www.xbrl.org/2008/role/label">Basic Information - RFF and matching adjustment portfolios (Full scope individual)</label:label>
    <gen:arc xlink:type="arc" xlink:arcrole="http://xbrl.org/arcrole/2008/element-label" xlink:from="loc_s2c_CN_14." xlink:to="label_s2c_CN_14." />
    <label:label xlink:type="resource" xlink:label="label_s2c_CN_14._1" xml:lang="en" xlink:role="http://www.xbrl.org/2008/role/verboseLabel">N/A</label:label>
    <gen:arc xlink:type="arc" xlink:arcrole="http://xbrl.org/arcrole/2008/element-label" xlink:from="loc_s2c_CN_14." xlink:to="label_s2c_CN_14._1" />
    <link:loc xlink:type="locator" xlink:href="hier.xsd#s2c_15" xlink:label="loc_s2c_CN_15." />
    <label:label xlink:type="resource" xlink:label="label_s2c_CN_15." xml:lang="en" xlink:role="http://www.xbrl.org/2008/role/label">Content</label:label>
    <gen:arc xlink:type="arc" xlink:arcrole="http://xbrl.org/arcrole/2008/element-label" xlink:from="loc_s2c_CN_15." xlink:to="label_s2c_CN_15." />
    <label:label xlink:type="resource" xlink:label="label_s2c_CN_15._1" xml:lang="en" xlink:role="http://www.xbrl.org/2008/role/verboseLabel">N/A</label:label>
    <gen:arc xlink:type="arc" xlink:arcrole="http://xbrl.org/arcrole/2008/element-label" xlink:from="loc_s2c_CN_15." xlink:to="label_s2c_CN_15._1" />
    <link:loc xlink:type="locator" xlink:href="hier.xsd#s2c_16" xlink:label="loc_s2c_CN_16." />
    <label:label xlink:type="resource" xlink:label="label_s2c_CN_16." xml:lang="en" xlink:role="http://www.xbrl.org/2008/role/label">Balance Sheet (Full scope group)</label:label>
    <gen:arc xlink:type="arc" xlink:arcrole="http://xbrl.org/arcrole/2008/element-label" xlink:from="loc_s2c_CN_16." xlink:to="label_s2c_CN_16." />
    <label:label xlink:type="resource" xlink:label="label_s2c_CN_16._1" xml:lang="en" xlink:role="http://www.xbrl.org/2008/role/verboseLabel">N/A</label:label>
    <gen:arc xlink:type="arc" xlink:arcrole="http://xbrl.org/arcrole/2008/element-label" xlink:from="loc_s2c_CN_16." xlink:to="label_s2c_CN_16._1" />
    <link:loc xlink:type="locator" xlink:href="hier.xsd#s2c_17" xlink:label="loc_s2c_CN_17." />
    <label:label xlink:type="resource" xlink:label="label_s2c_CN_17." xml:lang="en" xlink:role="http://www.xbrl.org/2008/role/label">Basic Information - RFF and matching adjustment portfolios (Full scope group)</label:label>
    <gen:arc xlink:type="arc" xlink:arcrole="http://xbrl.org/arcrole/2008/element-label" xlink:from="loc_s2c_CN_17." xlink:to="label_s2c_CN_17." />
    <label:label xlink:type="resource" xlink:label="label_s2c_CN_17._1" xml:lang="en" xlink:role="http://www.xbrl.org/2008/role/verboseLabel">N/A</label:label>
    <gen:arc xlink:type="arc" xlink:arcrole="http://xbrl.org/arcrole/2008/element-label" xlink:from="loc_s2c_CN_17." xlink:to="label_s2c_CN_17._1" />
    <link:loc xlink:type="locator" xlink:href="hier.xsd#s2c_18" xlink:label="loc_s2c_CN_18." />
    <label:label xlink:type="resource" xlink:label="label_s2c_CN_18." xml:lang="en" xlink:role="http://www.xbrl.org/2008/role/label">Assets and liabilities by currency (Full scope individual)</label:label>
    <gen:arc xlink:type="arc" xlink:arcrole="http://xbrl.org/arcrole/2008/element-label" xlink:from="loc_s2c_CN_18." xlink:to="label_s2c_CN_18." />
    <label:label xlink:type="resource" xlink:label="label_s2c_CN_18._1" xml:lang="en" xlink:role="http://www.xbrl.org/2008/role/verboseLabel">N/A</label:label>
    <gen:arc xlink:type="arc" xlink:arcrole="http://xbrl.org/arcrole/2008/element-label" xlink:from="loc_s2c_CN_18." xlink:to="label_s2c_CN_18._1" />
    <link:loc xlink:type="locator" xlink:href="hier.xsd#s2c_19" xlink:label="loc_s2c_CN_19." />
    <label:label xlink:type="resource" xlink:label="label_s2c_CN_19." xml:lang="en" xlink:role="http://www.xbrl.org/2008/role/label">Assets and liabilities by currency (Full scope group)</label:label>
    <gen:arc xlink:type="arc" xlink:arcrole="http://xbrl.org/arcrole/2008/element-label" xlink:from="loc_s2c_CN_19." xlink:to="label_s2c_CN_19." />
    <label:label xlink:type="resource" xlink:label="label_s2c_CN_19._1" xml:lang="en" xlink:role="http://www.xbrl.org/2008/role/verboseLabel">N/A</label:label>
    <gen:arc xlink:type="arc" xlink:arcrole="http://xbrl.org/arcrole/2008/element-label" xlink:from="loc_s2c_CN_19." xlink:to="label_s2c_CN_19._1" />
    <link:loc xlink:type="locator" xlink:href="hier.xsd#s2c_20" xlink:label="loc_s2c_CN_20." />
    <label:label xlink:type="resource" xlink:label="label_s2c_CN_20." xml:lang="en" xlink:role="http://www.xbrl.org/2008/role/label">Off-balance sheet items - general</label:label>
    <gen:arc xlink:type="arc" xlink:arcrole="http://xbrl.org/arcrole/2008/element-label" xlink:from="loc_s2c_CN_20." xlink:to="label_s2c_CN_20." />
    <label:label xlink:type="resource" xlink:label="label_s2c_CN_20._1" xml:lang="en" xlink:role="http://www.xbrl.org/2008/role/verboseLabel">N/A</label:label>
    <gen:arc xlink:type="arc" xlink:arcrole="http://xbrl.org/arcrole/2008/element-label" xlink:from="loc_s2c_CN_20." xlink:to="label_s2c_CN_20._1" />
    <link:loc xlink:type="locator" xlink:href="hier.xsd#s2c_23" xlink:label="loc_s2c_CN_23." />
    <label:label xlink:type="resource" xlink:label="label_s2c_CN_23." xml:lang="en" xlink:role="http://www.xbrl.org/2008/role/label">List of assets (Full scope individual)</label:label>
    <gen:arc xlink:type="arc" xlink:arcrole="http://xbrl.org/arcrole/2008/element-label" xlink:from="loc_s2c_CN_23." xlink:to="label_s2c_CN_23." />
    <label:label xlink:type="resource" xlink:label="label_s2c_CN_23._1" xml:lang="en" xlink:role="http://www.xbrl.org/2008/role/verboseLabel">N/A</label:label>
    <gen:arc xlink:type="arc" xlink:arcrole="http://xbrl.org/arcrole/2008/element-label" xlink:from="loc_s2c_CN_23." xlink:to="label_s2c_CN_23._1" />
    <link:loc xlink:type="locator" xlink:href="hier.xsd#s2c_24" xlink:label="loc_s2c_CN_24." />
    <label:label xlink:type="resource" xlink:label="label_s2c_CN_24." xml:lang="en" xlink:role="http://www.xbrl.org/2008/role/label">List of assets (Full scope group)</label:label>
    <gen:arc xlink:type="arc" xlink:arcrole="http://xbrl.org/arcrole/2008/element-label" xlink:from="loc_s2c_CN_24." xlink:to="label_s2c_CN_24." />
    <label:label xlink:type="resource" xlink:label="label_s2c_CN_24._1" xml:lang="en" xlink:role="http://www.xbrl.org/2008/role/verboseLabel">N/A</label:label>
    <gen:arc xlink:type="arc" xlink:arcrole="http://xbrl.org/arcrole/2008/element-label" xlink:from="loc_s2c_CN_24." xlink:to="label_s2c_CN_24._1" />
    <link:loc xlink:type="locator" xlink:href="hier.xsd#s2c_25" xlink:label="loc_s2c_CN_25." />
    <label:label xlink:type="resource" xlink:label="label_s2c_CN_25." xml:lang="en" xlink:role="http://www.xbrl.org/2008/role/label">Collective investment undertakings - look-through approach (Individual)</label:label>
    <gen:arc xlink:type="arc" xlink:arcrole="http://xbrl.org/arcrole/2008/element-label" xlink:from="loc_s2c_CN_25." xlink:to="label_s2c_CN_25." />
    <label:label xlink:type="resource" xlink:label="label_s2c_CN_25._1" xml:lang="en" xlink:role="http://www.xbrl.org/2008/role/verboseLabel">N/A</label:label>
    <gen:arc xlink:type="arc" xlink:arcrole="http://xbrl.org/arcrole/2008/element-label" xlink:from="loc_s2c_CN_25." xlink:to="label_s2c_CN_25._1" />
    <link:loc xlink:type="locator" xlink:href="hier.xsd#s2c_26" xlink:label="loc_s2c_CN_26." />
    <label:label xlink:type="resource" xlink:label="label_s2c_CN_26." xml:lang="en" xlink:role="http://www.xbrl.org/2008/role/label">Collective investment undertakings - look-through approach (Group)</label:label>
    <gen:arc xlink:type="arc" xlink:arcrole="http://xbrl.org/arcrole/2008/element-label" xlink:from="loc_s2c_CN_26." xlink:to="label_s2c_CN_26." />
    <label:label xlink:type="resource" xlink:label="label_s2c_CN_26._1" xml:lang="en" xlink:role="http://www.xbrl.org/2008/role/verboseLabel">N/A</label:label>
    <gen:arc xlink:type="arc" xlink:arcrole="http://xbrl.org/arcrole/2008/element-label" xlink:from="loc_s2c_CN_26." xlink:to="label_s2c_CN_26._1" />
    <link:loc xlink:type="locator" xlink:href="hier.xsd#s2c_27" xlink:label="loc_s2c_CN_27." />
    <label:label xlink:type="resource" xlink:label="label_s2c_CN_27." xml:lang="en" xlink:role="http://www.xbrl.org/2008/role/label">Summary of Assets</label:label>
    <gen:arc xlink:type="arc" xlink:arcrole="http://xbrl.org/arcrole/2008/element-label" xlink:from="loc_s2c_CN_27." xlink:to="label_s2c_CN_27." />
    <label:label xlink:type="resource" xlink:label="label_s2c_CN_27._1" xml:lang="en" xlink:role="http://www.xbrl.org/2008/role/verboseLabel">N/A</label:label>
    <gen:arc xlink:type="arc" xlink:arcrole="http://xbrl.org/arcrole/2008/element-label" xlink:from="loc_s2c_CN_27." xlink:to="label_s2c_CN_27._1" />
    <link:loc xlink:type="locator" xlink:href="hier.xsd#s2c_28" xlink:label="loc_s2c_CN_28." />
    <label:label xlink:type="resource" xlink:label="label_s2c_CN_28." xml:lang="en" xlink:role="http://www.xbrl.org/2008/role/label">Open derivatives (Full scope individual)</label:label>
    <gen:arc xlink:type="arc" xlink:arcrole="http://xbrl.org/arcrole/2008/element-label" xlink:from="loc_s2c_CN_28." xlink:to="label_s2c_CN_28." />
    <label:label xlink:type="resource" xlink:label="label_s2c_CN_28._1" xml:lang="en" xlink:role="http://www.xbrl.org/2008/role/verboseLabel">N/A</label:label>
    <gen:arc xlink:type="arc" xlink:arcrole="http://xbrl.org/arcrole/2008/element-label" xlink:from="loc_s2c_CN_28." xlink:to="label_s2c_CN_28._1" />
    <link:loc xlink:type="locator" xlink:href="hier.xsd#s2c_29" xlink:label="loc_s2c_CN_29." />
    <label:label xlink:type="resource" xlink:label="label_s2c_CN_29." xml:lang="en" xlink:role="http://www.xbrl.org/2008/role/label">Open derivatives (Full scope group)</label:label>
    <gen:arc xlink:type="arc" xlink:arcrole="http://xbrl.org/arcrole/2008/element-label" xlink:from="loc_s2c_CN_29." xlink:to="label_s2c_CN_29." />
    <label:label xlink:type="resource" xlink:label="label_s2c_CN_29._1" xml:lang="en" xlink:role="http://www.xbrl.org/2008/role/verboseLabel">N/A</label:label>
    <gen:arc xlink:type="arc" xlink:arcrole="http://xbrl.org/arcrole/2008/element-label" xlink:from="loc_s2c_CN_29." xlink:to="label_s2c_CN_29._1" />
    <link:loc xlink:type="locator" xlink:href="hier.xsd#s2c_30" xlink:label="loc_s2c_CN_30." />
    <label:label xlink:type="resource" xlink:label="label_s2c_CN_30." xml:lang="en" xlink:role="http://www.xbrl.org/2008/role/label">Life and Health SLT Technical Provisions (Full scope)</label:label>
    <gen:arc xlink:type="arc" xlink:arcrole="http://xbrl.org/arcrole/2008/element-label" xlink:from="loc_s2c_CN_30." xlink:to="label_s2c_CN_30." />
    <label:label xlink:type="resource" xlink:label="label_s2c_CN_30._1" xml:lang="en" xlink:role="http://www.xbrl.org/2008/role/verboseLabel">N/A</label:label>
    <gen:arc xlink:type="arc" xlink:arcrole="http://xbrl.org/arcrole/2008/element-label" xlink:from="loc_s2c_CN_30." xlink:to="label_s2c_CN_30._1" />
    <link:loc xlink:type="locator" xlink:href="hier.xsd#s2c_31" xlink:label="loc_s2c_CN_31." />
    <label:label xlink:type="resource" xlink:label="label_s2c_CN_31." xml:lang="en" xlink:role="http://www.xbrl.org/2008/role/label">Life and Health SLT Technical Provisions (Full scope by country)</label:label>
    <gen:arc xlink:type="arc" xlink:arcrole="http://xbrl.org/arcrole/2008/element-label" xlink:from="loc_s2c_CN_31." xlink:to="label_s2c_CN_31." />
    <label:label xlink:type="resource" xlink:label="label_s2c_CN_31._1" xml:lang="en" xlink:role="http://www.xbrl.org/2008/role/verboseLabel">N/A</label:label>
    <gen:arc xlink:type="arc" xlink:arcrole="http://xbrl.org/arcrole/2008/element-label" xlink:from="loc_s2c_CN_31." xlink:to="label_s2c_CN_31._1" />
    <link:loc xlink:type="locator" xlink:href="hier.xsd#s2c_32" xlink:label="loc_s2c_CN_32." />
    <label:label xlink:type="resource" xlink:label="label_s2c_CN_32." xml:lang="en" xlink:role="http://www.xbrl.org/2008/role/label">Non-Life Technical Provisions (Full scope)</label:label>
    <gen:arc xlink:type="arc" xlink:arcrole="http://xbrl.org/arcrole/2008/element-label" xlink:from="loc_s2c_CN_32." xlink:to="label_s2c_CN_32." />
    <label:label xlink:type="resource" xlink:label="label_s2c_CN_32._1" xml:lang="en" xlink:role="http://www.xbrl.org/2008/role/verboseLabel">N/A</label:label>
    <gen:arc xlink:type="arc" xlink:arcrole="http://xbrl.org/arcrole/2008/element-label" xlink:from="loc_s2c_CN_32." xlink:to="label_s2c_CN_32._1" />
    <link:loc xlink:type="locator" xlink:href="hier.xsd#s2c_33" xlink:label="loc_s2c_CN_33." />
    <label:label xlink:type="resource" xlink:label="label_s2c_CN_33." xml:lang="en" xlink:role="http://www.xbrl.org/2008/role/label">Non-Life Technical Provisions (Full scope)</label:label>
    <gen:arc xlink:type="arc" xlink:arcrole="http://xbrl.org/arcrole/2008/element-label" xlink:from="loc_s2c_CN_33." xlink:to="label_s2c_CN_33." />
    <label:label xlink:type="resource" xlink:label="label_s2c_CN_33._1" xml:lang="en" xlink:role="http://www.xbrl.org/2008/role/verboseLabel">N/A</label:label>
    <gen:arc xlink:type="arc" xlink:arcrole="http://xbrl.org/arcrole/2008/element-label" xlink:from="loc_s2c_CN_33." xlink:to="label_s2c_CN_33._1" />
    <link:loc xlink:type="locator" xlink:href="hier.xsd#s2c_34" xlink:label="loc_s2c_CN_34." />
    <label:label xlink:type="resource" xlink:label="label_s2c_CN_34." xml:lang="en" xlink:role="http://www.xbrl.org/2008/role/label">Off-balance sheet items - List of unlimited guarantees received by the undertaking</label:label>
    <gen:arc xlink:type="arc" xlink:arcrole="http://xbrl.org/arcrole/2008/element-label" xlink:from="loc_s2c_CN_34." xlink:to="label_s2c_CN_34." />
    <label:label xlink:type="resource" xlink:label="label_s2c_CN_34._1" xml:lang="en" xlink:role="http://www.xbrl.org/2008/role/verboseLabel">N/A</label:label>
    <gen:arc xlink:type="arc" xlink:arcrole="http://xbrl.org/arcrole/2008/element-label" xlink:from="loc_s2c_CN_34." xlink:to="label_s2c_CN_34._1" />
    <link:loc xlink:type="locator" xlink:href="hier.xsd#s2c_35" xlink:label="loc_s2c_CN_35." />
    <label:label xlink:type="resource" xlink:label="label_s2c_CN_35." xml:lang="en" xlink:role="http://www.xbrl.org/2008/role/label">Off-balance sheet items - List of unlimited guarantees provided by the undertaking</label:label>
    <gen:arc xlink:type="arc" xlink:arcrole="http://xbrl.org/arcrole/2008/element-label" xlink:from="loc_s2c_CN_35." xlink:to="label_s2c_CN_35." />
    <label:label xlink:type="resource" xlink:label="label_s2c_CN_35._1" xml:lang="en" xlink:role="http://www.xbrl.org/2008/role/verboseLabel">N/A</label:label>
    <gen:arc xlink:type="arc" xlink:arcrole="http://xbrl.org/arcrole/2008/element-label" xlink:from="loc_s2c_CN_35." xlink:to="label_s2c_CN_35._1" />
    <link:loc xlink:type="locator" xlink:href="hier.xsd#s2c_36" xlink:label="loc_s2c_CN_36." />
    <label:label xlink:type="resource" xlink:label="label_s2c_CN_36." xml:lang="en" xlink:role="http://www.xbrl.org/2008/role/label">Activity by country</label:label>
    <gen:arc xlink:type="arc" xlink:arcrole="http://xbrl.org/arcrole/2008/element-label" xlink:from="loc_s2c_CN_36." xlink:to="label_s2c_CN_36." />
    <label:label xlink:type="resource" xlink:label="label_s2c_CN_36._1" xml:lang="en" xlink:role="http://www.xbrl.org/2008/role/verboseLabel">N/A</label:label>
    <gen:arc xlink:type="arc" xlink:arcrole="http://xbrl.org/arcrole/2008/element-label" xlink:from="loc_s2c_CN_36." xlink:to="label_s2c_CN_36._1" />
    <link:loc xlink:type="locator" xlink:href="hier.xsd#s2c_37" xlink:label="loc_s2c_CN_37." />
    <label:label xlink:type="resource" xlink:label="label_s2c_CN_37." xml:lang="en" xlink:role="http://www.xbrl.org/2008/role/label">Information on class 10 in Part A of Annex I of Solvency II Directive, excluding carrier's liability</label:label>
    <gen:arc xlink:type="arc" xlink:arcrole="http://xbrl.org/arcrole/2008/element-label" xlink:from="loc_s2c_CN_37." xlink:to="label_s2c_CN_37." />
    <label:label xlink:type="resource" xlink:label="label_s2c_CN_37._1" xml:lang="en" xlink:role="http://www.xbrl.org/2008/role/verboseLabel">N/A</label:label>
    <gen:arc xlink:type="arc" xlink:arcrole="http://xbrl.org/arcrole/2008/element-label" xlink:from="loc_s2c_CN_37." xlink:to="label_s2c_CN_37._1" />
    <link:loc xlink:type="locator" xlink:href="hier.xsd#s2c_38" xlink:label="loc_s2c_CN_38." />
    <label:label xlink:type="resource" xlink:label="label_s2c_CN_38." xml:lang="en" xlink:role="http://www.xbrl.org/2008/role/label">Structured products</label:label>
    <gen:arc xlink:type="arc" xlink:arcrole="http://xbrl.org/arcrole/2008/element-label" xlink:from="loc_s2c_CN_38." xlink:to="label_s2c_CN_38." />
    <label:label xlink:type="resource" xlink:label="label_s2c_CN_38._1" xml:lang="en" xlink:role="http://www.xbrl.org/2008/role/verboseLabel">N/A</label:label>
    <gen:arc xlink:type="arc" xlink:arcrole="http://xbrl.org/arcrole/2008/element-label" xlink:from="loc_s2c_CN_38." xlink:to="label_s2c_CN_38._1" />
    <link:loc xlink:type="locator" xlink:href="hier.xsd#s2c_39" xlink:label="loc_s2c_CN_39." />
    <label:label xlink:type="resource" xlink:label="label_s2c_CN_39." xml:lang="en" xlink:role="http://www.xbrl.org/2008/role/label">Securities lending and repos (Individual and group)</label:label>
    <gen:arc xlink:type="arc" xlink:arcrole="http://xbrl.org/arcrole/2008/element-label" xlink:from="loc_s2c_CN_39." xlink:to="label_s2c_CN_39." />
    <label:label xlink:type="resource" xlink:label="label_s2c_CN_39._1" xml:lang="en" xlink:role="http://www.xbrl.org/2008/role/verboseLabel">N/A</label:label>
    <gen:arc xlink:type="arc" xlink:arcrole="http://xbrl.org/arcrole/2008/element-label" xlink:from="loc_s2c_CN_39." xlink:to="label_s2c_CN_39._1" />
    <link:loc xlink:type="locator" xlink:href="hier.xsd#s2c_40" xlink:label="loc_s2c_CN_40." />
    <label:label xlink:type="resource" xlink:label="label_s2c_CN_40." xml:lang="en" xlink:role="http://www.xbrl.org/2008/role/label">Assets held as collateral</label:label>
    <gen:arc xlink:type="arc" xlink:arcrole="http://xbrl.org/arcrole/2008/element-label" xlink:from="loc_s2c_CN_40." xlink:to="label_s2c_CN_40." />
    <label:label xlink:type="resource" xlink:label="label_s2c_CN_40._1" xml:lang="en" xlink:role="http://www.xbrl.org/2008/role/verboseLabel">N/A</label:label>
    <gen:arc xlink:type="arc" xlink:arcrole="http://xbrl.org/arcrole/2008/element-label" xlink:from="loc_s2c_CN_40." xlink:to="label_s2c_CN_40._1" />
    <link:loc xlink:type="locator" xlink:href="hier.xsd#s2c_41" xlink:label="loc_s2c_CN_41." />
    <label:label xlink:type="resource" xlink:label="label_s2c_CN_41." xml:lang="en" xlink:role="http://www.xbrl.org/2008/role/label">Assets held as collateral</label:label>
    <gen:arc xlink:type="arc" xlink:arcrole="http://xbrl.org/arcrole/2008/element-label" xlink:from="loc_s2c_CN_41." xlink:to="label_s2c_CN_41." />
    <label:label xlink:type="resource" xlink:label="label_s2c_CN_41._1" xml:lang="en" xlink:role="http://www.xbrl.org/2008/role/verboseLabel">N/A</label:label>
    <gen:arc xlink:type="arc" xlink:arcrole="http://xbrl.org/arcrole/2008/element-label" xlink:from="loc_s2c_CN_41." xlink:to="label_s2c_CN_41._1" />
    <link:loc xlink:type="locator" xlink:href="hier.xsd#s2c_42" xlink:label="loc_s2c_CN_42." />
    <label:label xlink:type="resource" xlink:label="label_s2c_CN_42." xml:lang="en" xlink:role="http://www.xbrl.org/2008/role/label">Information on annuities stemming from Non-Life Insurance obligations</label:label>
    <gen:arc xlink:type="arc" xlink:arcrole="http://xbrl.org/arcrole/2008/element-label" xlink:from="loc_s2c_CN_42." xlink:to="label_s2c_CN_42." />
    <label:label xlink:type="resource" xlink:label="label_s2c_CN_42._1" xml:lang="en" xlink:role="http://www.xbrl.org/2008/role/verboseLabel">N/A</label:label>
    <gen:arc xlink:type="arc" xlink:arcrole="http://xbrl.org/arcrole/2008/element-label" xlink:from="loc_s2c_CN_42." xlink:to="label_s2c_CN_42._1" />
    <link:loc xlink:type="locator" xlink:href="hier.xsd#s2c_43" xlink:label="loc_s2c_CN_43." />
    <label:label xlink:type="resource" xlink:label="label_s2c_CN_43." xml:lang="en" xlink:role="http://www.xbrl.org/2008/role/label">Impact of long term guarantees and transitional measures</label:label>
    <gen:arc xlink:type="arc" xlink:arcrole="http://xbrl.org/arcrole/2008/element-label" xlink:from="loc_s2c_CN_43." xlink:to="label_s2c_CN_43." />
    <label:label xlink:type="resource" xlink:label="label_s2c_CN_43._1" xml:lang="en" xlink:role="http://www.xbrl.org/2008/role/verboseLabel">N/A</label:label>
    <gen:arc xlink:type="arc" xlink:arcrole="http://xbrl.org/arcrole/2008/element-label" xlink:from="loc_s2c_CN_43." xlink:to="label_s2c_CN_43._1" />
    <link:loc xlink:type="locator" xlink:href="hier.xsd#s2c_44" xlink:label="loc_s2c_CN_44." />
    <label:label xlink:type="resource" xlink:label="label_s2c_CN_44." xml:lang="en" xlink:role="http://www.xbrl.org/2008/role/label">Projection of future cash flows (Best Estimate - Matching portfolios)</label:label>
    <gen:arc xlink:type="arc" xlink:arcrole="http://xbrl.org/arcrole/2008/element-label" xlink:from="loc_s2c_CN_44." xlink:to="label_s2c_CN_44." />
    <label:label xlink:type="resource" xlink:label="label_s2c_CN_44._1" xml:lang="en" xlink:role="http://www.xbrl.org/2008/role/verboseLabel">N/A</label:label>
    <gen:arc xlink:type="arc" xlink:arcrole="http://xbrl.org/arcrole/2008/element-label" xlink:from="loc_s2c_CN_44." xlink:to="label_s2c_CN_44._1" />
    <link:loc xlink:type="locator" xlink:href="hier.xsd#s2c_45" xlink:label="loc_s2c_CN_45." />
    <label:label xlink:type="resource" xlink:label="label_s2c_CN_45." xml:lang="en" xlink:role="http://www.xbrl.org/2008/role/label">Information on the transitional on interest rates calculation</label:label>
    <gen:arc xlink:type="arc" xlink:arcrole="http://xbrl.org/arcrole/2008/element-label" xlink:from="loc_s2c_CN_45." xlink:to="label_s2c_CN_45." />
    <label:label xlink:type="resource" xlink:label="label_s2c_CN_45._1" xml:lang="en" xlink:role="http://www.xbrl.org/2008/role/verboseLabel">N/A</label:label>
    <gen:arc xlink:type="arc" xlink:arcrole="http://xbrl.org/arcrole/2008/element-label" xlink:from="loc_s2c_CN_45." xlink:to="label_s2c_CN_45._1" />
    <link:loc xlink:type="locator" xlink:href="hier.xsd#s2c_46" xlink:label="loc_s2c_CN_46." />
    <label:label xlink:type="resource" xlink:label="label_s2c_CN_46." xml:lang="en" xlink:role="http://www.xbrl.org/2008/role/label">Participations held</label:label>
    <gen:arc xlink:type="arc" xlink:arcrole="http://xbrl.org/arcrole/2008/element-label" xlink:from="loc_s2c_CN_46." xlink:to="label_s2c_CN_46." />
    <label:label xlink:type="resource" xlink:label="label_s2c_CN_46._1" xml:lang="en" xlink:role="http://www.xbrl.org/2008/role/verboseLabel">N/A</label:label>
    <gen:arc xlink:type="arc" xlink:arcrole="http://xbrl.org/arcrole/2008/element-label" xlink:from="loc_s2c_CN_46." xlink:to="label_s2c_CN_46._1" />
    <link:loc xlink:type="locator" xlink:href="hier.xsd#s2c_47" xlink:label="loc_s2c_CN_47." />
    <label:label xlink:type="resource" xlink:label="label_s2c_CN_47." xml:lang="en" xlink:role="http://www.xbrl.org/2008/role/label">Solvency Capital Requirement - Only SF (Full scope individual)</label:label>
    <gen:arc xlink:type="arc" xlink:arcrole="http://xbrl.org/arcrole/2008/element-label" xlink:from="loc_s2c_CN_47." xlink:to="label_s2c_CN_47." />
    <label:label xlink:type="resource" xlink:label="label_s2c_CN_47._1" xml:lang="en" xlink:role="http://www.xbrl.org/2008/role/verboseLabel">N/A</label:label>
    <gen:arc xlink:type="arc" xlink:arcrole="http://xbrl.org/arcrole/2008/element-label" xlink:from="loc_s2c_CN_47." xlink:to="label_s2c_CN_47._1" />
    <link:loc xlink:type="locator" xlink:href="hier.xsd#s2c_48" xlink:label="loc_s2c_CN_48." />
    <label:label xlink:type="resource" xlink:label="label_s2c_CN_48." xml:lang="en" xlink:role="http://www.xbrl.org/2008/role/label">Solvency Capital Requirement - SF (Full scope group)</label:label>
    <gen:arc xlink:type="arc" xlink:arcrole="http://xbrl.org/arcrole/2008/element-label" xlink:from="loc_s2c_CN_48." xlink:to="label_s2c_CN_48." />
    <label:label xlink:type="resource" xlink:label="label_s2c_CN_48._1" xml:lang="en" xlink:role="http://www.xbrl.org/2008/role/verboseLabel">N/A</label:label>
    <gen:arc xlink:type="arc" xlink:arcrole="http://xbrl.org/arcrole/2008/element-label" xlink:from="loc_s2c_CN_48." xlink:to="label_s2c_CN_48._1" />
    <link:loc xlink:type="locator" xlink:href="hier.xsd#s2c_49" xlink:label="loc_s2c_CN_49." />
    <label:label xlink:type="resource" xlink:label="label_s2c_CN_49." xml:lang="en" xlink:role="http://www.xbrl.org/2008/role/label">Solvency Capital Requirement - SF and PIM (Full scope group)</label:label>
    <gen:arc xlink:type="arc" xlink:arcrole="http://xbrl.org/arcrole/2008/element-label" xlink:from="loc_s2c_CN_49." xlink:to="label_s2c_CN_49." />
    <label:label xlink:type="resource" xlink:label="label_s2c_CN_49._1" xml:lang="en" xlink:role="http://www.xbrl.org/2008/role/verboseLabel">N/A</label:label>
    <gen:arc xlink:type="arc" xlink:arcrole="http://xbrl.org/arcrole/2008/element-label" xlink:from="loc_s2c_CN_49." xlink:to="label_s2c_CN_49._1" />
    <link:loc xlink:type="locator" xlink:href="hier.xsd#s2c_50" xlink:label="loc_s2c_CN_50." />
    <label:label xlink:type="resource" xlink:label="label_s2c_CN_50." xml:lang="en" xlink:role="http://www.xbrl.org/2008/role/label">Solvency Capital Requirement - IM (Full scope group)</label:label>
    <gen:arc xlink:type="arc" xlink:arcrole="http://xbrl.org/arcrole/2008/element-label" xlink:from="loc_s2c_CN_50." xlink:to="label_s2c_CN_50." />
    <label:label xlink:type="resource" xlink:label="label_s2c_CN_50._1" xml:lang="en" xlink:role="http://www.xbrl.org/2008/role/verboseLabel">N/A</label:label>
    <gen:arc xlink:type="arc" xlink:arcrole="http://xbrl.org/arcrole/2008/element-label" xlink:from="loc_s2c_CN_50." xlink:to="label_s2c_CN_50._1" />
    <link:loc xlink:type="locator" xlink:href="hier.xsd#s2c_51" xlink:label="loc_s2c_CN_51." />
    <label:label xlink:type="resource" xlink:label="label_s2c_CN_51." xml:lang="en" xlink:role="http://www.xbrl.org/2008/role/label">Solvency Capital Requirement (Full scope individual)</label:label>
    <gen:arc xlink:type="arc" xlink:arcrole="http://xbrl.org/arcrole/2008/element-label" xlink:from="loc_s2c_CN_51." xlink:to="label_s2c_CN_51." />
    <label:label xlink:type="resource" xlink:label="label_s2c_CN_51._1" xml:lang="en" xlink:role="http://www.xbrl.org/2008/role/verboseLabel">N/A</label:label>
    <gen:arc xlink:type="arc" xlink:arcrole="http://xbrl.org/arcrole/2008/element-label" xlink:from="loc_s2c_CN_51." xlink:to="label_s2c_CN_51._1" />
    <link:loc xlink:type="locator" xlink:href="hier.xsd#s2c_52" xlink:label="loc_s2c_CN_52." />
    <label:label xlink:type="resource" xlink:label="label_s2c_CN_52." xml:lang="en" xlink:role="http://www.xbrl.org/2008/role/label">Solvency Capital Requirement (Full scope group)</label:label>
    <gen:arc xlink:type="arc" xlink:arcrole="http://xbrl.org/arcrole/2008/element-label" xlink:from="loc_s2c_CN_52." xlink:to="label_s2c_CN_52." />
    <label:label xlink:type="resource" xlink:label="label_s2c_CN_52._1" xml:lang="en" xlink:role="http://www.xbrl.org/2008/role/verboseLabel">N/A</label:label>
    <gen:arc xlink:type="arc" xlink:arcrole="http://xbrl.org/arcrole/2008/element-label" xlink:from="loc_s2c_CN_52." xlink:to="label_s2c_CN_52._1" />
    <link:loc xlink:type="locator" xlink:href="hier.xsd#s2c_53" xlink:label="loc_s2c_CN_53." />
    <label:label xlink:type="resource" xlink:label="label_s2c_CN_53." xml:lang="en" xlink:role="http://www.xbrl.org/2008/role/label">Solvency Capital Requirement - Operational risk (Full scope individual)</label:label>
    <gen:arc xlink:type="arc" xlink:arcrole="http://xbrl.org/arcrole/2008/element-label" xlink:from="loc_s2c_CN_53." xlink:to="label_s2c_CN_53." />
    <label:label xlink:type="resource" xlink:label="label_s2c_CN_53._1" xml:lang="en" xlink:role="http://www.xbrl.org/2008/role/verboseLabel">N/A</label:label>
    <gen:arc xlink:type="arc" xlink:arcrole="http://xbrl.org/arcrole/2008/element-label" xlink:from="loc_s2c_CN_53." xlink:to="label_s2c_CN_53._1" />
    <link:loc xlink:type="locator" xlink:href="hier.xsd#s2c_54" xlink:label="loc_s2c_CN_54." />
    <label:label xlink:type="resource" xlink:label="label_s2c_CN_54." xml:lang="en" xlink:role="http://www.xbrl.org/2008/role/label">Solvency Capital Requirement - Operational risk (Full scope individual)</label:label>
    <gen:arc xlink:type="arc" xlink:arcrole="http://xbrl.org/arcrole/2008/element-label" xlink:from="loc_s2c_CN_54." xlink:to="label_s2c_CN_54." />
    <label:label xlink:type="resource" xlink:label="label_s2c_CN_54._1" xml:lang="en" xlink:role="http://www.xbrl.org/2008/role/verboseLabel">N/A</label:label>
    <gen:arc xlink:type="arc" xlink:arcrole="http://xbrl.org/arcrole/2008/element-label" xlink:from="loc_s2c_CN_54." xlink:to="label_s2c_CN_54._1" />
    <link:loc xlink:type="locator" xlink:href="hier.xsd#s2c_55" xlink:label="loc_s2c_CN_55." />
    <label:label xlink:type="resource" xlink:label="label_s2c_CN_55." xml:lang="en" xlink:role="http://www.xbrl.org/2008/role/label">Solvency Capital Requirement - Simplifications (Full scope individual)</label:label>
    <gen:arc xlink:type="arc" xlink:arcrole="http://xbrl.org/arcrole/2008/element-label" xlink:from="loc_s2c_CN_55." xlink:to="label_s2c_CN_55." />
    <label:label xlink:type="resource" xlink:label="label_s2c_CN_55._1" xml:lang="en" xlink:role="http://www.xbrl.org/2008/role/verboseLabel">N/A</label:label>
    <gen:arc xlink:type="arc" xlink:arcrole="http://xbrl.org/arcrole/2008/element-label" xlink:from="loc_s2c_CN_55." xlink:to="label_s2c_CN_55._1" />
    <link:loc xlink:type="locator" xlink:href="hier.xsd#s2c_56" xlink:label="loc_s2c_CN_56." />
    <label:label xlink:type="resource" xlink:label="label_s2c_CN_56." xml:lang="en" xlink:role="http://www.xbrl.org/2008/role/label">Solvency Capital Requirement - Simplifications (Full scope group)</label:label>
    <gen:arc xlink:type="arc" xlink:arcrole="http://xbrl.org/arcrole/2008/element-label" xlink:from="loc_s2c_CN_56." xlink:to="label_s2c_CN_56." />
    <label:label xlink:type="resource" xlink:label="label_s2c_CN_56._1" xml:lang="en" xlink:role="http://www.xbrl.org/2008/role/verboseLabel">N/A</label:label>
    <gen:arc xlink:type="arc" xlink:arcrole="http://xbrl.org/arcrole/2008/element-label" xlink:from="loc_s2c_CN_56." xlink:to="label_s2c_CN_56._1" />
    <link:loc xlink:type="locator" xlink:href="hier.xsd#s2c_57" xlink:label="loc_s2c_CN_57." />
    <label:label xlink:type="resource" xlink:label="label_s2c_CN_57." xml:lang="en" xlink:role="http://www.xbrl.org/2008/role/label">Facultative covers for non-life and life</label:label>
    <gen:arc xlink:type="arc" xlink:arcrole="http://xbrl.org/arcrole/2008/element-label" xlink:from="loc_s2c_CN_57." xlink:to="label_s2c_CN_57." />
    <label:label xlink:type="resource" xlink:label="label_s2c_CN_57._1" xml:lang="en" xlink:role="http://www.xbrl.org/2008/role/verboseLabel">N/A</label:label>
    <gen:arc xlink:type="arc" xlink:arcrole="http://xbrl.org/arcrole/2008/element-label" xlink:from="loc_s2c_CN_57." xlink:to="label_s2c_CN_57._1" />
    <link:loc xlink:type="locator" xlink:href="hier.xsd#s2c_58" xlink:label="loc_s2c_CN_58." />
    <label:label xlink:type="resource" xlink:label="label_s2c_CN_58." xml:lang="en" xlink:role="http://www.xbrl.org/2008/role/label">Reinsurance Data</label:label>
    <gen:arc xlink:type="arc" xlink:arcrole="http://xbrl.org/arcrole/2008/element-label" xlink:from="loc_s2c_CN_58." xlink:to="label_s2c_CN_58." />
    <label:label xlink:type="resource" xlink:label="label_s2c_CN_58._1" xml:lang="en" xlink:role="http://www.xbrl.org/2008/role/verboseLabel">N/A</label:label>
    <gen:arc xlink:type="arc" xlink:arcrole="http://xbrl.org/arcrole/2008/element-label" xlink:from="loc_s2c_CN_58." xlink:to="label_s2c_CN_58._1" />
    <link:loc xlink:type="locator" xlink:href="hier.xsd#s2c_59" xlink:label="loc_s2c_CN_59." />
    <label:label xlink:type="resource" xlink:label="label_s2c_CN_59." xml:lang="en" xlink:role="http://www.xbrl.org/2008/role/label">Special Purpose Vehicles</label:label>
    <gen:arc xlink:type="arc" xlink:arcrole="http://xbrl.org/arcrole/2008/element-label" xlink:from="loc_s2c_CN_59." xlink:to="label_s2c_CN_59." />
    <label:label xlink:type="resource" xlink:label="label_s2c_CN_59._1" xml:lang="en" xlink:role="http://www.xbrl.org/2008/role/verboseLabel">N/A</label:label>
    <gen:arc xlink:type="arc" xlink:arcrole="http://xbrl.org/arcrole/2008/element-label" xlink:from="loc_s2c_CN_59." xlink:to="label_s2c_CN_59._1" />
    <link:loc xlink:type="locator" xlink:href="hier.xsd#s2c_60" xlink:label="loc_s2c_CN_60." />
    <label:label xlink:type="resource" xlink:label="label_s2c_CN_60." xml:lang="en" xlink:role="http://www.xbrl.org/2008/role/label">IGT - Equity-type transactions, debt and asset transfer (Full scope individual)</label:label>
    <gen:arc xlink:type="arc" xlink:arcrole="http://xbrl.org/arcrole/2008/element-label" xlink:from="loc_s2c_CN_60." xlink:to="label_s2c_CN_60." />
    <label:label xlink:type="resource" xlink:label="label_s2c_CN_60._1" xml:lang="en" xlink:role="http://www.xbrl.org/2008/role/verboseLabel">N/A</label:label>
    <gen:arc xlink:type="arc" xlink:arcrole="http://xbrl.org/arcrole/2008/element-label" xlink:from="loc_s2c_CN_60." xlink:to="label_s2c_CN_60._1" />
    <link:loc xlink:type="locator" xlink:href="hier.xsd#s2c_61" xlink:label="loc_s2c_CN_61." />
    <label:label xlink:type="resource" xlink:label="label_s2c_CN_61." xml:lang="en" xlink:role="http://www.xbrl.org/2008/role/label">IGT - Equity-type transactions, debt and asset transfer (Full scope group)</label:label>
    <gen:arc xlink:type="arc" xlink:arcrole="http://xbrl.org/arcrole/2008/element-label" xlink:from="loc_s2c_CN_61." xlink:to="label_s2c_CN_61." />
    <label:label xlink:type="resource" xlink:label="label_s2c_CN_61._1" xml:lang="en" xlink:role="http://www.xbrl.org/2008/role/verboseLabel">N/A</label:label>
    <gen:arc xlink:type="arc" xlink:arcrole="http://xbrl.org/arcrole/2008/element-label" xlink:from="loc_s2c_CN_61." xlink:to="label_s2c_CN_61._1" />
    <link:loc xlink:type="locator" xlink:href="hier.xsd#s2c_62" xlink:label="loc_s2c_CN_62." />
    <label:label xlink:type="resource" xlink:label="label_s2c_CN_62." xml:lang="en" xlink:role="http://www.xbrl.org/2008/role/label">IGT - Derivatives (Full scope individual)</label:label>
    <gen:arc xlink:type="arc" xlink:arcrole="http://xbrl.org/arcrole/2008/element-label" xlink:from="loc_s2c_CN_62." xlink:to="label_s2c_CN_62." />
    <label:label xlink:type="resource" xlink:label="label_s2c_CN_62._1" xml:lang="en" xlink:role="http://www.xbrl.org/2008/role/verboseLabel">N/A</label:label>
    <gen:arc xlink:type="arc" xlink:arcrole="http://xbrl.org/arcrole/2008/element-label" xlink:from="loc_s2c_CN_62." xlink:to="label_s2c_CN_62._1" />
    <link:loc xlink:type="locator" xlink:href="hier.xsd#s2c_63" xlink:label="loc_s2c_CN_63." />
    <label:label xlink:type="resource" xlink:label="label_s2c_CN_63." xml:lang="en" xlink:role="http://www.xbrl.org/2008/role/label">IGT - Derivatives (Full scope group)</label:label>
    <gen:arc xlink:type="arc" xlink:arcrole="http://xbrl.org/arcrole/2008/element-label" xlink:from="loc_s2c_CN_63." xlink:to="label_s2c_CN_63." />
    <label:label xlink:type="resource" xlink:label="label_s2c_CN_63._1" xml:lang="en" xlink:role="http://www.xbrl.org/2008/role/verboseLabel">N/A</label:label>
    <gen:arc xlink:type="arc" xlink:arcrole="http://xbrl.org/arcrole/2008/element-label" xlink:from="loc_s2c_CN_63." xlink:to="label_s2c_CN_63._1" />
    <link:loc xlink:type="locator" xlink:href="hier.xsd#s2c_64" xlink:label="loc_s2c_CN_64." />
    <label:label xlink:type="resource" xlink:label="label_s2c_CN_64." xml:lang="en" xlink:role="http://www.xbrl.org/2008/role/label">IGT - Internal reinsurance (Full scope individual)</label:label>
    <gen:arc xlink:type="arc" xlink:arcrole="http://xbrl.org/arcrole/2008/element-label" xlink:from="loc_s2c_CN_64." xlink:to="label_s2c_CN_64." />
    <label:label xlink:type="resource" xlink:label="label_s2c_CN_64._1" xml:lang="en" xlink:role="http://www.xbrl.org/2008/role/verboseLabel">N/A</label:label>
    <gen:arc xlink:type="arc" xlink:arcrole="http://xbrl.org/arcrole/2008/element-label" xlink:from="loc_s2c_CN_64." xlink:to="label_s2c_CN_64._1" />
    <link:loc xlink:type="locator" xlink:href="hier.xsd#s2c_65" xlink:label="loc_s2c_CN_65." />
    <label:label xlink:type="resource" xlink:label="label_s2c_CN_65." xml:lang="en" xlink:role="http://www.xbrl.org/2008/role/label">IGT - Internal reinsurance (Full scope group)</label:label>
    <gen:arc xlink:type="arc" xlink:arcrole="http://xbrl.org/arcrole/2008/element-label" xlink:from="loc_s2c_CN_65." xlink:to="label_s2c_CN_65." />
    <label:label xlink:type="resource" xlink:label="label_s2c_CN_65._1" xml:lang="en" xlink:role="http://www.xbrl.org/2008/role/verboseLabel">N/A</label:label>
    <gen:arc xlink:type="arc" xlink:arcrole="http://xbrl.org/arcrole/2008/element-label" xlink:from="loc_s2c_CN_65." xlink:to="label_s2c_CN_65._1" />
    <link:loc xlink:type="locator" xlink:href="hier.xsd#s2c_66" xlink:label="loc_s2c_CN_66." />
    <label:label xlink:type="resource" xlink:label="label_s2c_CN_66." xml:lang="en" xlink:role="http://www.xbrl.org/2008/role/label">IGT - Cost Sharing, contingent liabilities, off BS and other items (Full scope individual)</label:label>
    <gen:arc xlink:type="arc" xlink:arcrole="http://xbrl.org/arcrole/2008/element-label" xlink:from="loc_s2c_CN_66." xlink:to="label_s2c_CN_66." />
    <label:label xlink:type="resource" xlink:label="label_s2c_CN_66._1" xml:lang="en" xlink:role="http://www.xbrl.org/2008/role/verboseLabel">N/A</label:label>
    <gen:arc xlink:type="arc" xlink:arcrole="http://xbrl.org/arcrole/2008/element-label" xlink:from="loc_s2c_CN_66." xlink:to="label_s2c_CN_66._1" />
    <link:loc xlink:type="locator" xlink:href="hier.xsd#s2c_67" xlink:label="loc_s2c_CN_67." />
    <label:label xlink:type="resource" xlink:label="label_s2c_CN_67." xml:lang="en" xlink:role="http://www.xbrl.org/2008/role/label">IGT - Cost Sharing, contingent liabilities, off BS and other items (Full scope group)</label:label>
    <gen:arc xlink:type="arc" xlink:arcrole="http://xbrl.org/arcrole/2008/element-label" xlink:from="loc_s2c_CN_67." xlink:to="label_s2c_CN_67." />
    <label:label xlink:type="resource" xlink:label="label_s2c_CN_67._1" xml:lang="en" xlink:role="http://www.xbrl.org/2008/role/verboseLabel">N/A</label:label>
    <gen:arc xlink:type="arc" xlink:arcrole="http://xbrl.org/arcrole/2008/element-label" xlink:from="loc_s2c_CN_67." xlink:to="label_s2c_CN_67._1" />
    <link:loc xlink:type="locator" xlink:href="hier.xsd#s2c_68" xlink:label="loc_s2c_CN_68." />
    <label:label xlink:type="resource" xlink:label="label_s2c_CN_68." xml:lang="en" xlink:role="http://www.xbrl.org/2008/role/label">Risk concentration</label:label>
    <gen:arc xlink:type="arc" xlink:arcrole="http://xbrl.org/arcrole/2008/element-label" xlink:from="loc_s2c_CN_68." xlink:to="label_s2c_CN_68." />
    <label:label xlink:type="resource" xlink:label="label_s2c_CN_68._1" xml:lang="en" xlink:role="http://www.xbrl.org/2008/role/verboseLabel">N/A</label:label>
    <gen:arc xlink:type="arc" xlink:arcrole="http://xbrl.org/arcrole/2008/element-label" xlink:from="loc_s2c_CN_68." xlink:to="label_s2c_CN_68._1" />
    <link:loc xlink:type="locator" xlink:href="hier.xsd#s2c_69" xlink:label="loc_s2c_CN_69." />
    <label:label xlink:type="resource" xlink:label="label_s2c_CN_69." xml:lang="en" xlink:role="http://www.xbrl.org/2008/role/label">Risk concentration</label:label>
    <gen:arc xlink:type="arc" xlink:arcrole="http://xbrl.org/arcrole/2008/element-label" xlink:from="loc_s2c_CN_69." xlink:to="label_s2c_CN_69." />
    <label:label xlink:type="resource" xlink:label="label_s2c_CN_69._1" xml:lang="en" xlink:role="http://www.xbrl.org/2008/role/verboseLabel">N/A</label:label>
    <gen:arc xlink:type="arc" xlink:arcrole="http://xbrl.org/arcrole/2008/element-label" xlink:from="loc_s2c_CN_69." xlink:to="label_s2c_CN_69._1" />
    <link:loc xlink:type="locator" xlink:href="hier.xsd#s2c_71" xlink:label="loc_s2c_CN_71." />
    <label:label xlink:type="resource" xlink:label="label_s2c_CN_71." xml:lang="en" xlink:role="http://www.xbrl.org/2008/role/label">Pension entitlements</label:label>
    <gen:arc xlink:type="arc" xlink:arcrole="http://xbrl.org/arcrole/2008/element-label" xlink:from="loc_s2c_CN_71." xlink:to="label_s2c_CN_71." />
    <label:label xlink:type="resource" xlink:label="label_s2c_CN_71._1" xml:lang="en" xlink:role="http://www.xbrl.org/2008/role/verboseLabel">N/A</label:label>
    <gen:arc xlink:type="arc" xlink:arcrole="http://xbrl.org/arcrole/2008/element-label" xlink:from="loc_s2c_CN_71." xlink:to="label_s2c_CN_71._1" />
    <link:loc xlink:type="locator" xlink:href="hier.xsd#s2c_72" xlink:label="loc_s2c_CN_72." />
    <label:label xlink:type="resource" xlink:label="label_s2c_CN_72." xml:lang="en" xlink:role="http://www.xbrl.org/2008/role/label">Non-life Technical Provisions - reinsurance policies</label:label>
    <gen:arc xlink:type="arc" xlink:arcrole="http://xbrl.org/arcrole/2008/element-label" xlink:from="loc_s2c_CN_72." xlink:to="label_s2c_CN_72." />
    <label:label xlink:type="resource" xlink:label="label_s2c_CN_72._1" xml:lang="en" xlink:role="http://www.xbrl.org/2008/role/verboseLabel">N/A</label:label>
    <gen:arc xlink:type="arc" xlink:arcrole="http://xbrl.org/arcrole/2008/element-label" xlink:from="loc_s2c_CN_72." xlink:to="label_s2c_CN_72._1" />
    <link:loc xlink:type="locator" xlink:href="hier.xsd#s2c_73" xlink:label="loc_s2c_CN_73." />
    <label:label xlink:type="resource" xlink:label="label_s2c_CN_73." xml:lang="en" xlink:role="http://www.xbrl.org/2008/role/label">Collective investment undertakings - look-through approach (Financial stability)</label:label>
    <gen:arc xlink:type="arc" xlink:arcrole="http://xbrl.org/arcrole/2008/element-label" xlink:from="loc_s2c_CN_73." xlink:to="label_s2c_CN_73." />
    <label:label xlink:type="resource" xlink:label="label_s2c_CN_73._1" xml:lang="en" xlink:role="http://www.xbrl.org/2008/role/verboseLabel">N/A</label:label>
    <gen:arc xlink:type="arc" xlink:arcrole="http://xbrl.org/arcrole/2008/element-label" xlink:from="loc_s2c_CN_73." xlink:to="label_s2c_CN_73._1" />
    <link:loc xlink:type="locator" xlink:href="hier.xsd#s2c_74" xlink:label="loc_s2c_CN_74." />
    <label:label xlink:type="resource" xlink:label="label_s2c_CN_74." xml:lang="en" xlink:role="http://www.xbrl.org/2008/role/label">Securities lending and repos (Financial stability)</label:label>
    <gen:arc xlink:type="arc" xlink:arcrole="http://xbrl.org/arcrole/2008/element-label" xlink:from="loc_s2c_CN_74." xlink:to="label_s2c_CN_74." />
    <label:label xlink:type="resource" xlink:label="label_s2c_CN_74._1" xml:lang="en" xlink:role="http://www.xbrl.org/2008/role/verboseLabel">N/A</label:label>
    <gen:arc xlink:type="arc" xlink:arcrole="http://xbrl.org/arcrole/2008/element-label" xlink:from="loc_s2c_CN_74." xlink:to="label_s2c_CN_74._1" />
    <link:loc xlink:type="locator" xlink:href="hier.xsd#s2c_75" xlink:label="loc_s2c_CN_75." />
    <label:label xlink:type="resource" xlink:label="label_s2c_CN_75." xml:lang="en" xlink:role="http://www.xbrl.org/2008/role/label">Profit or loss sharing</label:label>
    <gen:arc xlink:type="arc" xlink:arcrole="http://xbrl.org/arcrole/2008/element-label" xlink:from="loc_s2c_CN_75." xlink:to="label_s2c_CN_75." />
    <label:label xlink:type="resource" xlink:label="label_s2c_CN_75._1" xml:lang="en" xlink:role="http://www.xbrl.org/2008/role/verboseLabel">N/A</label:label>
    <gen:arc xlink:type="arc" xlink:arcrole="http://xbrl.org/arcrole/2008/element-label" xlink:from="loc_s2c_CN_75." xlink:to="label_s2c_CN_75._1" />
    <link:loc xlink:type="locator" xlink:href="hier.xsd#s2c_77" xlink:label="loc_s2c_CN_77." />
    <label:label xlink:type="resource" xlink:label="label_s2c_CN_77." xml:lang="en" xlink:role="http://www.xbrl.org/2008/role/label">Balance Sheet (Full scope individual Ring-fenced fund/matching portfolio/remaining part)</label:label>
    <gen:arc xlink:type="arc" xlink:arcrole="http://xbrl.org/arcrole/2008/element-label" xlink:from="loc_s2c_CN_77." xlink:to="label_s2c_CN_77." />
    <label:label xlink:type="resource" xlink:label="label_s2c_CN_77._1" xml:lang="en" xlink:role="http://www.xbrl.org/2008/role/verboseLabel">N/A</label:label>
    <gen:arc xlink:type="arc" xlink:arcrole="http://xbrl.org/arcrole/2008/element-label" xlink:from="loc_s2c_CN_77." xlink:to="label_s2c_CN_77._1" />
    <link:loc xlink:type="locator" xlink:href="hier.xsd#s2c_78" xlink:label="loc_s2c_CN_78." />
    <label:label xlink:type="resource" xlink:label="label_s2c_CN_78." xml:lang="en" xlink:role="http://www.xbrl.org/2008/role/label">Balance Sheet (Full scope group Ring-fenced fund/matching portfolio/remaining part)</label:label>
    <gen:arc xlink:type="arc" xlink:arcrole="http://xbrl.org/arcrole/2008/element-label" xlink:from="loc_s2c_CN_78." xlink:to="label_s2c_CN_78." />
    <label:label xlink:type="resource" xlink:label="label_s2c_CN_78._1" xml:lang="en" xlink:role="http://www.xbrl.org/2008/role/verboseLabel">N/A</label:label>
    <gen:arc xlink:type="arc" xlink:arcrole="http://xbrl.org/arcrole/2008/element-label" xlink:from="loc_s2c_CN_78." xlink:to="label_s2c_CN_78._1" />
    <link:loc xlink:type="locator" xlink:href="hier.xsd#s2c_79" xlink:label="loc_s2c_CN_79." />
    <label:label xlink:type="resource" xlink:label="label_s2c_CN_79." xml:lang="en" xlink:role="http://www.xbrl.org/2008/role/label">Content</label:label>
    <gen:arc xlink:type="arc" xlink:arcrole="http://xbrl.org/arcrole/2008/element-label" xlink:from="loc_s2c_CN_79." xlink:to="label_s2c_CN_79." />
    <label:label xlink:type="resource" xlink:label="label_s2c_CN_79._1" xml:lang="en" xlink:role="http://www.xbrl.org/2008/role/verboseLabel">N/A</label:label>
    <gen:arc xlink:type="arc" xlink:arcrole="http://xbrl.org/arcrole/2008/element-label" xlink:from="loc_s2c_CN_79." xlink:to="label_s2c_CN_79._1" />
    <link:loc xlink:type="locator" xlink:href="hier.xsd#s2c_80" xlink:label="loc_s2c_CN_80." />
    <label:label xlink:type="resource" xlink:label="label_s2c_CN_80." xml:lang="en" xlink:role="http://www.xbrl.org/2008/role/label">Content</label:label>
    <gen:arc xlink:type="arc" xlink:arcrole="http://xbrl.org/arcrole/2008/element-label" xlink:from="loc_s2c_CN_80." xlink:to="label_s2c_CN_80." />
    <label:label xlink:type="resource" xlink:label="label_s2c_CN_80._1" xml:lang="en" xlink:role="http://www.xbrl.org/2008/role/verboseLabel">N/A</label:label>
    <gen:arc xlink:type="arc" xlink:arcrole="http://xbrl.org/arcrole/2008/element-label" xlink:from="loc_s2c_CN_80." xlink:to="label_s2c_CN_80._1" />
    <link:loc xlink:type="locator" xlink:href="hier.xsd#s2c_81" xlink:label="loc_s2c_CN_81." />
    <label:label xlink:type="resource" xlink:label="label_s2c_CN_81." xml:lang="en" xlink:role="http://www.xbrl.org/2008/role/label">Balance Sheet (Full scope individual)</label:label>
    <gen:arc xlink:type="arc" xlink:arcrole="http://xbrl.org/arcrole/2008/element-label" xlink:from="loc_s2c_CN_81." xlink:to="label_s2c_CN_81." />
    <label:label xlink:type="resource" xlink:label="label_s2c_CN_81._1" xml:lang="en" xlink:role="http://www.xbrl.org/2008/role/verboseLabel">N/A</label:label>
    <gen:arc xlink:type="arc" xlink:arcrole="http://xbrl.org/arcrole/2008/element-label" xlink:from="loc_s2c_CN_81." xlink:to="label_s2c_CN_81._1" />
    <link:loc xlink:type="locator" xlink:href="hier.xsd#s2c_82" xlink:label="loc_s2c_CN_82." />
    <label:label xlink:type="resource" xlink:label="label_s2c_CN_82." xml:lang="en" xlink:role="http://www.xbrl.org/2008/role/label">Content</label:label>
    <gen:arc xlink:type="arc" xlink:arcrole="http://xbrl.org/arcrole/2008/element-label" xlink:from="loc_s2c_CN_82." xlink:to="label_s2c_CN_82." />
    <label:label xlink:type="resource" xlink:label="label_s2c_CN_82._1" xml:lang="en" xlink:role="http://www.xbrl.org/2008/role/verboseLabel">N/A</label:label>
    <gen:arc xlink:type="arc" xlink:arcrole="http://xbrl.org/arcrole/2008/element-label" xlink:from="loc_s2c_CN_82." xlink:to="label_s2c_CN_82._1" />
    <link:loc xlink:type="locator" xlink:href="hier.xsd#s2c_83" xlink:label="loc_s2c_CN_83." />
    <label:label xlink:type="resource" xlink:label="label_s2c_CN_83." xml:lang="en" xlink:role="http://www.xbrl.org/2008/role/label">Life and Health SLT Technical Provisions (Full scope)</label:label>
    <gen:arc xlink:type="arc" xlink:arcrole="http://xbrl.org/arcrole/2008/element-label" xlink:from="loc_s2c_CN_83." xlink:to="label_s2c_CN_83." />
    <label:label xlink:type="resource" xlink:label="label_s2c_CN_83._1" xml:lang="en" xlink:role="http://www.xbrl.org/2008/role/verboseLabel">N/A</label:label>
    <gen:arc xlink:type="arc" xlink:arcrole="http://xbrl.org/arcrole/2008/element-label" xlink:from="loc_s2c_CN_83." xlink:to="label_s2c_CN_83._1" />
    <link:loc xlink:type="locator" xlink:href="hier.xsd#s2c_84" xlink:label="loc_s2c_CN_84." />
    <label:label xlink:type="resource" xlink:label="label_s2c_CN_84." xml:lang="en" xlink:role="http://www.xbrl.org/2008/role/label">Non-Life Technical Provisions (Full scope)</label:label>
    <gen:arc xlink:type="arc" xlink:arcrole="http://xbrl.org/arcrole/2008/element-label" xlink:from="loc_s2c_CN_84." xlink:to="label_s2c_CN_84." />
    <label:label xlink:type="resource" xlink:label="label_s2c_CN_84._1" xml:lang="en" xlink:role="http://www.xbrl.org/2008/role/verboseLabel">N/A</label:label>
    <gen:arc xlink:type="arc" xlink:arcrole="http://xbrl.org/arcrole/2008/element-label" xlink:from="loc_s2c_CN_84." xlink:to="label_s2c_CN_84._1" />
    <link:loc xlink:type="locator" xlink:href="hier.xsd#s2c_85" xlink:label="loc_s2c_CN_85." />
    <label:label xlink:type="resource" xlink:label="label_s2c_CN_85." xml:lang="en" xlink:role="http://www.xbrl.org/2008/role/label">Minimum Capital Requirement - Only life or only non-life insurance or reinsurance activity</label:label>
    <gen:arc xlink:type="arc" xlink:arcrole="http://xbrl.org/arcrole/2008/element-label" xlink:from="loc_s2c_CN_85." xlink:to="label_s2c_CN_85." />
    <label:label xlink:type="resource" xlink:label="label_s2c_CN_85._1" xml:lang="en" xlink:role="http://www.xbrl.org/2008/role/verboseLabel">N/A</label:label>
    <gen:arc xlink:type="arc" xlink:arcrole="http://xbrl.org/arcrole/2008/element-label" xlink:from="loc_s2c_CN_85." xlink:to="label_s2c_CN_85._1" />
    <link:loc xlink:type="locator" xlink:href="hier.xsd#s2c_86" xlink:label="loc_s2c_CN_86." />
    <label:label xlink:type="resource" xlink:label="label_s2c_CN_86." xml:lang="en" xlink:role="http://www.xbrl.org/2008/role/label">Minimum Capital Requirement - Both life and non-life insurance activity</label:label>
    <gen:arc xlink:type="arc" xlink:arcrole="http://xbrl.org/arcrole/2008/element-label" xlink:from="loc_s2c_CN_86." xlink:to="label_s2c_CN_86." />
    <label:label xlink:type="resource" xlink:label="label_s2c_CN_86._1" xml:lang="en" xlink:role="http://www.xbrl.org/2008/role/verboseLabel">N/A</label:label>
    <gen:arc xlink:type="arc" xlink:arcrole="http://xbrl.org/arcrole/2008/element-label" xlink:from="loc_s2c_CN_86." xlink:to="label_s2c_CN_86._1" />
    <link:loc xlink:type="locator" xlink:href="hier.xsd#s2c_87" xlink:label="loc_s2c_CN_87." />
    <label:label xlink:type="resource" xlink:label="label_s2c_CN_87." xml:lang="en" xlink:role="http://www.xbrl.org/2008/role/label">Content</label:label>
    <gen:arc xlink:type="arc" xlink:arcrole="http://xbrl.org/arcrole/2008/element-label" xlink:from="loc_s2c_CN_87." xlink:to="label_s2c_CN_87." />
    <label:label xlink:type="resource" xlink:label="label_s2c_CN_87._1" xml:lang="en" xlink:role="http://www.xbrl.org/2008/role/verboseLabel">N/A</label:label>
    <gen:arc xlink:type="arc" xlink:arcrole="http://xbrl.org/arcrole/2008/element-label" xlink:from="loc_s2c_CN_87." xlink:to="label_s2c_CN_87._1" />
    <link:loc xlink:type="locator" xlink:href="hier.xsd#s2c_88" xlink:label="loc_s2c_CN_88." />
    <label:label xlink:type="resource" xlink:label="label_s2c_CN_88." xml:lang="en" xlink:role="http://www.xbrl.org/2008/role/label">Structured products (Group)</label:label>
    <gen:arc xlink:type="arc" xlink:arcrole="http://xbrl.org/arcrole/2008/element-label" xlink:from="loc_s2c_CN_88." xlink:to="label_s2c_CN_88." />
    <label:label xlink:type="resource" xlink:label="label_s2c_CN_88._1" xml:lang="en" xlink:role="http://www.xbrl.org/2008/role/verboseLabel">N/A</label:label>
    <gen:arc xlink:type="arc" xlink:arcrole="http://xbrl.org/arcrole/2008/element-label" xlink:from="loc_s2c_CN_88." xlink:to="label_s2c_CN_88._1" />
    <link:loc xlink:type="locator" xlink:href="hier.xsd#s2c_89" xlink:label="loc_s2c_CN_89." />
    <label:label xlink:type="resource" xlink:label="label_s2c_CN_89." xml:lang="en" xlink:role="http://www.xbrl.org/2008/role/label">Securities lending and repos (Group)</label:label>
    <gen:arc xlink:type="arc" xlink:arcrole="http://xbrl.org/arcrole/2008/element-label" xlink:from="loc_s2c_CN_89." xlink:to="label_s2c_CN_89." />
    <label:label xlink:type="resource" xlink:label="label_s2c_CN_89._1" xml:lang="en" xlink:role="http://www.xbrl.org/2008/role/verboseLabel">N/A</label:label>
    <gen:arc xlink:type="arc" xlink:arcrole="http://xbrl.org/arcrole/2008/element-label" xlink:from="loc_s2c_CN_89." xlink:to="label_s2c_CN_89._1" />
    <link:loc xlink:type="locator" xlink:href="hier.xsd#s2c_90" xlink:label="loc_s2c_CN_90." />
    <label:label xlink:type="resource" xlink:label="label_s2c_CN_90." xml:lang="en" xlink:role="http://www.xbrl.org/2008/role/label">Assets held as collateral (Group)</label:label>
    <gen:arc xlink:type="arc" xlink:arcrole="http://xbrl.org/arcrole/2008/element-label" xlink:from="loc_s2c_CN_90." xlink:to="label_s2c_CN_90." />
    <label:label xlink:type="resource" xlink:label="label_s2c_CN_90._1" xml:lang="en" xlink:role="http://www.xbrl.org/2008/role/verboseLabel">N/A</label:label>
    <gen:arc xlink:type="arc" xlink:arcrole="http://xbrl.org/arcrole/2008/element-label" xlink:from="loc_s2c_CN_90." xlink:to="label_s2c_CN_90._1" />
    <link:loc xlink:type="locator" xlink:href="hier.xsd#s2c_91" xlink:label="loc_s2c_CN_91." />
    <label:label xlink:type="resource" xlink:label="label_s2c_CN_91." xml:lang="en" xlink:role="http://www.xbrl.org/2008/role/label">Content</label:label>
    <gen:arc xlink:type="arc" xlink:arcrole="http://xbrl.org/arcrole/2008/element-label" xlink:from="loc_s2c_CN_91." xlink:to="label_s2c_CN_91." />
    <label:label xlink:type="resource" xlink:label="label_s2c_CN_91._1" xml:lang="en" xlink:role="http://www.xbrl.org/2008/role/verboseLabel">N/A</label:label>
    <gen:arc xlink:type="arc" xlink:arcrole="http://xbrl.org/arcrole/2008/element-label" xlink:from="loc_s2c_CN_91." xlink:to="label_s2c_CN_91._1" />
    <link:loc xlink:type="locator" xlink:href="hier.xsd#s2c_92" xlink:label="loc_s2c_CN_92." />
    <label:label xlink:type="resource" xlink:label="label_s2c_CN_92." xml:lang="en" xlink:role="http://www.xbrl.org/2008/role/label">Life and Health SLT Technical Provisions (Full scope)</label:label>
    <gen:arc xlink:type="arc" xlink:arcrole="http://xbrl.org/arcrole/2008/element-label" xlink:from="loc_s2c_CN_92." xlink:to="label_s2c_CN_92." />
    <label:label xlink:type="resource" xlink:label="label_s2c_CN_92._1" xml:lang="en" xlink:role="http://www.xbrl.org/2008/role/verboseLabel">N/A</label:label>
    <gen:arc xlink:type="arc" xlink:arcrole="http://xbrl.org/arcrole/2008/element-label" xlink:from="loc_s2c_CN_92." xlink:to="label_s2c_CN_92._1" />
    <link:loc xlink:type="locator" xlink:href="hier.xsd#s2c_93" xlink:label="loc_s2c_CN_93." />
    <label:label xlink:type="resource" xlink:label="label_s2c_CN_93." xml:lang="en" xlink:role="http://www.xbrl.org/2008/role/label">Non-Life Technical Provisions (Full scope Ring-fenced fund/matching portfolio/remaining part)</label:label>
    <gen:arc xlink:type="arc" xlink:arcrole="http://xbrl.org/arcrole/2008/element-label" xlink:from="loc_s2c_CN_93." xlink:to="label_s2c_CN_93." />
    <label:label xlink:type="resource" xlink:label="label_s2c_CN_93._1" xml:lang="en" xlink:role="http://www.xbrl.org/2008/role/verboseLabel">N/A</label:label>
    <gen:arc xlink:type="arc" xlink:arcrole="http://xbrl.org/arcrole/2008/element-label" xlink:from="loc_s2c_CN_93." xlink:to="label_s2c_CN_93._1" />
    <link:loc xlink:type="locator" xlink:href="hier.xsd#s2c_94" xlink:label="loc_s2c_CN_94." />
    <label:label xlink:type="resource" xlink:label="label_s2c_CN_94." xml:lang="en" xlink:role="http://www.xbrl.org/2008/role/label">Pension entitlements</label:label>
    <gen:arc xlink:type="arc" xlink:arcrole="http://xbrl.org/arcrole/2008/element-label" xlink:from="loc_s2c_CN_94." xlink:to="label_s2c_CN_94." />
    <label:label xlink:type="resource" xlink:label="label_s2c_CN_94._1" xml:lang="en" xlink:role="http://www.xbrl.org/2008/role/verboseLabel">N/A</label:label>
    <gen:arc xlink:type="arc" xlink:arcrole="http://xbrl.org/arcrole/2008/element-label" xlink:from="loc_s2c_CN_94." xlink:to="label_s2c_CN_94._1" />
    <link:loc xlink:type="locator" xlink:href="hier.xsd#s2c_95" xlink:label="loc_s2c_CN_95." />
    <label:label xlink:type="resource" xlink:label="label_s2c_CN_95." xml:lang="en" xlink:role="http://www.xbrl.org/2008/role/label">Non-life Technical Provisions - reinsurance policies</label:label>
    <gen:arc xlink:type="arc" xlink:arcrole="http://xbrl.org/arcrole/2008/element-label" xlink:from="loc_s2c_CN_95." xlink:to="label_s2c_CN_95." />
    <label:label xlink:type="resource" xlink:label="label_s2c_CN_95._1" xml:lang="en" xlink:role="http://www.xbrl.org/2008/role/verboseLabel">N/A</label:label>
    <gen:arc xlink:type="arc" xlink:arcrole="http://xbrl.org/arcrole/2008/element-label" xlink:from="loc_s2c_CN_95." xlink:to="label_s2c_CN_95._1" />
    <link:loc xlink:type="locator" xlink:href="hier.xsd#s2c_96" xlink:label="loc_s2c_CN_96." />
    <label:label xlink:type="resource" xlink:label="label_s2c_CN_96." xml:lang="en" xlink:role="http://www.xbrl.org/2008/role/label">Balance Sheet (Full scope group)</label:label>
    <gen:arc xlink:type="arc" xlink:arcrole="http://xbrl.org/arcrole/2008/element-label" xlink:from="loc_s2c_CN_96." xlink:to="label_s2c_CN_96." />
    <label:label xlink:type="resource" xlink:label="label_s2c_CN_96._1" xml:lang="en" xlink:role="http://www.xbrl.org/2008/role/verboseLabel">N/A</label:label>
    <gen:arc xlink:type="arc" xlink:arcrole="http://xbrl.org/arcrole/2008/element-label" xlink:from="loc_s2c_CN_96." xlink:to="label_s2c_CN_96._1" />
    <link:loc xlink:type="locator" xlink:href="hier.xsd#s2c_97" xlink:label="loc_s2c_CN_97." />
    <label:label xlink:type="resource" xlink:label="label_s2c_CN_97." xml:lang="en" xlink:role="http://www.xbrl.org/2008/role/label">List of assets</label:label>
    <gen:arc xlink:type="arc" xlink:arcrole="http://xbrl.org/arcrole/2008/element-label" xlink:from="loc_s2c_CN_97." xlink:to="label_s2c_CN_97." />
    <label:label xlink:type="resource" xlink:label="label_s2c_CN_97._1" xml:lang="en" xlink:role="http://www.xbrl.org/2008/role/verboseLabel">N/A</label:label>
    <gen:arc xlink:type="arc" xlink:arcrole="http://xbrl.org/arcrole/2008/element-label" xlink:from="loc_s2c_CN_97." xlink:to="label_s2c_CN_97._1" />
    <link:loc xlink:type="locator" xlink:href="hier.xsd#s2c_98" xlink:label="loc_s2c_CN_98." />
    <label:label xlink:type="resource" xlink:label="label_s2c_CN_98." xml:lang="en" xlink:role="http://www.xbrl.org/2008/role/label">Collective investment undertakings - look-through approach (Individual)</label:label>
    <gen:arc xlink:type="arc" xlink:arcrole="http://xbrl.org/arcrole/2008/element-label" xlink:from="loc_s2c_CN_98." xlink:to="label_s2c_CN_98." />
    <label:label xlink:type="resource" xlink:label="label_s2c_CN_98._1" xml:lang="en" xlink:role="http://www.xbrl.org/2008/role/verboseLabel">N/A</label:label>
    <gen:arc xlink:type="arc" xlink:arcrole="http://xbrl.org/arcrole/2008/element-label" xlink:from="loc_s2c_CN_98." xlink:to="label_s2c_CN_98._1" />
    <link:loc xlink:type="locator" xlink:href="hier.xsd#s2c_99" xlink:label="loc_s2c_CN_99." />
    <label:label xlink:type="resource" xlink:label="label_s2c_CN_99." xml:lang="en" xlink:role="http://www.xbrl.org/2008/role/label">Structured products</label:label>
    <gen:arc xlink:type="arc" xlink:arcrole="http://xbrl.org/arcrole/2008/element-label" xlink:from="loc_s2c_CN_99." xlink:to="label_s2c_CN_99." />
    <label:label xlink:type="resource" xlink:label="label_s2c_CN_99._1" xml:lang="en" xlink:role="http://www.xbrl.org/2008/role/verboseLabel">N/A</label:label>
    <gen:arc xlink:type="arc" xlink:arcrole="http://xbrl.org/arcrole/2008/element-label" xlink:from="loc_s2c_CN_99." xlink:to="label_s2c_CN_99._1" />
    <link:loc xlink:type="locator" xlink:href="hier.xsd#s2c_100" xlink:label="loc_s2c_CN_100." />
    <label:label xlink:type="resource" xlink:label="label_s2c_CN_100." xml:lang="en" xlink:role="http://www.xbrl.org/2008/role/label">Open derivatives</label:label>
    <gen:arc xlink:type="arc" xlink:arcrole="http://xbrl.org/arcrole/2008/element-label" xlink:from="loc_s2c_CN_100." xlink:to="label_s2c_CN_100." />
    <label:label xlink:type="resource" xlink:label="label_s2c_CN_100._1" xml:lang="en" xlink:role="http://www.xbrl.org/2008/role/verboseLabel">N/A</label:label>
    <gen:arc xlink:type="arc" xlink:arcrole="http://xbrl.org/arcrole/2008/element-label" xlink:from="loc_s2c_CN_100." xlink:to="label_s2c_CN_100._1" />
    <link:loc xlink:type="locator" xlink:href="hier.xsd#s2c_101" xlink:label="loc_s2c_CN_101." />
    <label:label xlink:type="resource" xlink:label="label_s2c_CN_101." xml:lang="en" xlink:role="http://www.xbrl.org/2008/role/label">Securities lending and repos</label:label>
    <gen:arc xlink:type="arc" xlink:arcrole="http://xbrl.org/arcrole/2008/element-label" xlink:from="loc_s2c_CN_101." xlink:to="label_s2c_CN_101." />
    <label:label xlink:type="resource" xlink:label="label_s2c_CN_101._1" xml:lang="en" xlink:role="http://www.xbrl.org/2008/role/verboseLabel">N/A</label:label>
    <gen:arc xlink:type="arc" xlink:arcrole="http://xbrl.org/arcrole/2008/element-label" xlink:from="loc_s2c_CN_101." xlink:to="label_s2c_CN_101._1" />
    <link:loc xlink:type="locator" xlink:href="hier.xsd#s2c_102" xlink:label="loc_s2c_CN_102." />
    <label:label xlink:type="resource" xlink:label="label_s2c_CN_102." xml:lang="en" xlink:role="http://www.xbrl.org/2008/role/label">Assets held as collateral</label:label>
    <gen:arc xlink:type="arc" xlink:arcrole="http://xbrl.org/arcrole/2008/element-label" xlink:from="loc_s2c_CN_102." xlink:to="label_s2c_CN_102." />
    <label:label xlink:type="resource" xlink:label="label_s2c_CN_102._1" xml:lang="en" xlink:role="http://www.xbrl.org/2008/role/verboseLabel">N/A</label:label>
    <gen:arc xlink:type="arc" xlink:arcrole="http://xbrl.org/arcrole/2008/element-label" xlink:from="loc_s2c_CN_102." xlink:to="label_s2c_CN_102._1" />
    <link:loc xlink:type="locator" xlink:href="hier.xsd#s2c_103" xlink:label="loc_s2c_CN_103." />
    <label:label xlink:type="resource" xlink:label="label_s2c_CN_103." xml:lang="en" xlink:role="http://www.xbrl.org/2008/role/label">Life and Health SLT Technical Provisions (Full scope)</label:label>
    <gen:arc xlink:type="arc" xlink:arcrole="http://xbrl.org/arcrole/2008/element-label" xlink:from="loc_s2c_CN_103." xlink:to="label_s2c_CN_103." />
    <label:label xlink:type="resource" xlink:label="label_s2c_CN_103._1" xml:lang="en" xlink:role="http://www.xbrl.org/2008/role/verboseLabel">N/A</label:label>
    <gen:arc xlink:type="arc" xlink:arcrole="http://xbrl.org/arcrole/2008/element-label" xlink:from="loc_s2c_CN_103." xlink:to="label_s2c_CN_103._1" />
    <link:loc xlink:type="locator" xlink:href="hier.xsd#s2c_104" xlink:label="loc_s2c_CN_104." />
    <label:label xlink:type="resource" xlink:label="label_s2c_CN_104." xml:lang="en" xlink:role="http://www.xbrl.org/2008/role/label">Non-Life Technical Provisions</label:label>
    <gen:arc xlink:type="arc" xlink:arcrole="http://xbrl.org/arcrole/2008/element-label" xlink:from="loc_s2c_CN_104." xlink:to="label_s2c_CN_104." />
    <label:label xlink:type="resource" xlink:label="label_s2c_CN_104._1" xml:lang="en" xlink:role="http://www.xbrl.org/2008/role/verboseLabel">N/A</label:label>
    <gen:arc xlink:type="arc" xlink:arcrole="http://xbrl.org/arcrole/2008/element-label" xlink:from="loc_s2c_CN_104." xlink:to="label_s2c_CN_104._1" />
    <link:loc xlink:type="locator" xlink:href="hier.xsd#s2c_105" xlink:label="loc_s2c_CN_105." />
    <label:label xlink:type="resource" xlink:label="label_s2c_CN_105." xml:lang="en" xlink:role="http://www.xbrl.org/2008/role/label">Content</label:label>
    <gen:arc xlink:type="arc" xlink:arcrole="http://xbrl.org/arcrole/2008/element-label" xlink:from="loc_s2c_CN_105." xlink:to="label_s2c_CN_105." />
    <label:label xlink:type="resource" xlink:label="label_s2c_CN_105._1" xml:lang="en" xlink:role="http://www.xbrl.org/2008/role/verboseLabel">N/A</label:label>
    <gen:arc xlink:type="arc" xlink:arcrole="http://xbrl.org/arcrole/2008/element-label" xlink:from="loc_s2c_CN_105." xlink:to="label_s2c_CN_105._1" />
    <link:loc xlink:type="locator" xlink:href="hier.xsd#s2c_106" xlink:label="loc_s2c_CN_106." />
    <label:label xlink:type="resource" xlink:label="label_s2c_CN_106." xml:lang="en" xlink:role="http://www.xbrl.org/2008/role/label">Balance Sheet (Third country branches)</label:label>
    <gen:arc xlink:type="arc" xlink:arcrole="http://xbrl.org/arcrole/2008/element-label" xlink:from="loc_s2c_CN_106." xlink:to="label_s2c_CN_106." />
    <label:label xlink:type="resource" xlink:label="label_s2c_CN_106._1" xml:lang="en" xlink:role="http://www.xbrl.org/2008/role/verboseLabel">N/A</label:label>
    <gen:arc xlink:type="arc" xlink:arcrole="http://xbrl.org/arcrole/2008/element-label" xlink:from="loc_s2c_CN_106." xlink:to="label_s2c_CN_106._1" />
    <link:loc xlink:type="locator" xlink:href="hier.xsd#s2c_107" xlink:label="loc_s2c_CN_107." />
    <label:label xlink:type="resource" xlink:label="label_s2c_CN_107." xml:lang="en" xlink:role="http://www.xbrl.org/2008/role/label">Assets and liabilities by currency (Full scope individual)</label:label>
    <gen:arc xlink:type="arc" xlink:arcrole="http://xbrl.org/arcrole/2008/element-label" xlink:from="loc_s2c_CN_107." xlink:to="label_s2c_CN_107." />
    <label:label xlink:type="resource" xlink:label="label_s2c_CN_107._1" xml:lang="en" xlink:role="http://www.xbrl.org/2008/role/verboseLabel">N/A</label:label>
    <gen:arc xlink:type="arc" xlink:arcrole="http://xbrl.org/arcrole/2008/element-label" xlink:from="loc_s2c_CN_107." xlink:to="label_s2c_CN_107._1" />
    <link:loc xlink:type="locator" xlink:href="hier.xsd#s2c_108" xlink:label="loc_s2c_CN_108." />
    <label:label xlink:type="resource" xlink:label="label_s2c_CN_108." xml:lang="en" xlink:role="http://www.xbrl.org/2008/role/label">Solvency Capital Requirement - Only SF (Full scope individual)[210]</label:label>
    <gen:arc xlink:type="arc" xlink:arcrole="http://xbrl.org/arcrole/2008/element-label" xlink:from="loc_s2c_CN_108." xlink:to="label_s2c_CN_108." />
    <label:label xlink:type="resource" xlink:label="label_s2c_CN_108._1" xml:lang="en" xlink:role="http://www.xbrl.org/2008/role/verboseLabel">N/A</label:label>
    <gen:arc xlink:type="arc" xlink:arcrole="http://xbrl.org/arcrole/2008/element-label" xlink:from="loc_s2c_CN_108." xlink:to="label_s2c_CN_108._1" />
    <link:loc xlink:type="locator" xlink:href="hier.xsd#s2c_109" xlink:label="loc_s2c_CN_109." />
    <label:label xlink:type="resource" xlink:label="label_s2c_CN_109." xml:lang="en" xlink:role="http://www.xbrl.org/2008/role/label">Solvency Capital Requirement - SF (Full scope group)[210]</label:label>
    <gen:arc xlink:type="arc" xlink:arcrole="http://xbrl.org/arcrole/2008/element-label" xlink:from="loc_s2c_CN_109." xlink:to="label_s2c_CN_109." />
    <label:label xlink:type="resource" xlink:label="label_s2c_CN_109._1" xml:lang="en" xlink:role="http://www.xbrl.org/2008/role/verboseLabel">N/A</label:label>
    <gen:arc xlink:type="arc" xlink:arcrole="http://xbrl.org/arcrole/2008/element-label" xlink:from="loc_s2c_CN_109." xlink:to="label_s2c_CN_109._1" />
    <link:loc xlink:type="locator" xlink:href="hier.xsd#s2c_110" xlink:label="loc_s2c_CN_110." />
    <label:label xlink:type="resource" xlink:label="label_s2c_CN_110." xml:lang="en" xlink:role="http://www.xbrl.org/2008/role/label">Assets and liabilities by currency (Full scope group)[210]</label:label>
    <gen:arc xlink:type="arc" xlink:arcrole="http://xbrl.org/arcrole/2008/element-label" xlink:from="loc_s2c_CN_110." xlink:to="label_s2c_CN_110." />
    <label:label xlink:type="resource" xlink:label="label_s2c_CN_110._1" xml:lang="en" xlink:role="http://www.xbrl.org/2008/role/verboseLabel">N/A</label:label>
    <gen:arc xlink:type="arc" xlink:arcrole="http://xbrl.org/arcrole/2008/element-label" xlink:from="loc_s2c_CN_110." xlink:to="label_s2c_CN_110._1" />
    <link:loc xlink:type="locator" xlink:href="hier.xsd#s2c_111" xlink:label="loc_s2c_CN_111." />
    <label:label xlink:type="resource" xlink:label="label_s2c_CN_111." xml:lang="en" xlink:role="http://www.xbrl.org/2008/role/label">Deposits to cedants - line-by-line reporting (Full scope individual)[210]</label:label>
    <gen:arc xlink:type="arc" xlink:arcrole="http://xbrl.org/arcrole/2008/element-label" xlink:from="loc_s2c_CN_111." xlink:to="label_s2c_CN_111." />
    <label:label xlink:type="resource" xlink:label="label_s2c_CN_111._1" xml:lang="en" xlink:role="http://www.xbrl.org/2008/role/verboseLabel">N/A</label:label>
    <gen:arc xlink:type="arc" xlink:arcrole="http://xbrl.org/arcrole/2008/element-label" xlink:from="loc_s2c_CN_111." xlink:to="label_s2c_CN_111._1" />
    <link:loc xlink:type="locator" xlink:href="hier.xsd#s2c_112" xlink:label="loc_s2c_CN_112." />
    <label:label xlink:type="resource" xlink:label="label_s2c_CN_112." xml:lang="en" xlink:role="http://www.xbrl.org/2008/role/label">Best estimate subject to volatility adjustment by country and currency [210]</label:label>
    <gen:arc xlink:type="arc" xlink:arcrole="http://xbrl.org/arcrole/2008/element-label" xlink:from="loc_s2c_CN_112." xlink:to="label_s2c_CN_112." />
    <label:label xlink:type="resource" xlink:label="label_s2c_CN_112._1" xml:lang="en" xlink:role="http://www.xbrl.org/2008/role/verboseLabel">N/A</label:label>
    <gen:arc xlink:type="arc" xlink:arcrole="http://xbrl.org/arcrole/2008/element-label" xlink:from="loc_s2c_CN_112." xlink:to="label_s2c_CN_112._1" />
    <link:loc xlink:type="locator" xlink:href="hier.xsd#s2c_113" xlink:label="loc_s2c_CN_113." />
    <label:label xlink:type="resource" xlink:label="label_s2c_CN_113." xml:lang="en" xlink:role="http://www.xbrl.org/2008/role/label">Content [210]</label:label>
    <gen:arc xlink:type="arc" xlink:arcrole="http://xbrl.org/arcrole/2008/element-label" xlink:from="loc_s2c_CN_113." xlink:to="label_s2c_CN_113." />
    <label:label xlink:type="resource" xlink:label="label_s2c_CN_113._1" xml:lang="en" xlink:role="http://www.xbrl.org/2008/role/verboseLabel">N/A</label:label>
    <gen:arc xlink:type="arc" xlink:arcrole="http://xbrl.org/arcrole/2008/element-label" xlink:from="loc_s2c_CN_113." xlink:to="label_s2c_CN_113._1" />
    <link:loc xlink:type="locator" xlink:href="hier.xsd#s2c_114" xlink:label="loc_s2c_CN_114." />
    <label:label xlink:type="resource" xlink:label="label_s2c_CN_114." xml:lang="en" xlink:role="http://www.xbrl.org/2008/role/label">Content [210]</label:label>
    <gen:arc xlink:type="arc" xlink:arcrole="http://xbrl.org/arcrole/2008/element-label" xlink:from="loc_s2c_CN_114." xlink:to="label_s2c_CN_114." />
    <label:label xlink:type="resource" xlink:label="label_s2c_CN_114._1" xml:lang="en" xlink:role="http://www.xbrl.org/2008/role/verboseLabel">N/A</label:label>
    <gen:arc xlink:type="arc" xlink:arcrole="http://xbrl.org/arcrole/2008/element-label" xlink:from="loc_s2c_CN_114." xlink:to="label_s2c_CN_114._1" />
    <link:loc xlink:type="locator" xlink:href="hier.xsd#s2c_115" xlink:label="loc_s2c_CN_115." />
    <label:label xlink:type="resource" xlink:label="label_s2c_CN_115." xml:lang="en" xlink:role="http://www.xbrl.org/2008/role/label">Content [210]</label:label>
    <gen:arc xlink:type="arc" xlink:arcrole="http://xbrl.org/arcrole/2008/element-label" xlink:from="loc_s2c_CN_115." xlink:to="label_s2c_CN_115." />
    <label:label xlink:type="resource" xlink:label="label_s2c_CN_115._1" xml:lang="en" xlink:role="http://www.xbrl.org/2008/role/verboseLabel">N/A</label:label>
    <gen:arc xlink:type="arc" xlink:arcrole="http://xbrl.org/arcrole/2008/element-label" xlink:from="loc_s2c_CN_115." xlink:to="label_s2c_CN_115._1" />
    <link:loc xlink:type="locator" xlink:href="hier.xsd#s2c_116" xlink:label="loc_s2c_CN_116." />
    <label:label xlink:type="resource" xlink:label="label_s2c_CN_116." xml:lang="en" xlink:role="http://www.xbrl.org/2008/role/label">Assets and liabilities by currency (Full scope individual)[210]</label:label>
    <gen:arc xlink:type="arc" xlink:arcrole="http://xbrl.org/arcrole/2008/element-label" xlink:from="loc_s2c_CN_116." xlink:to="label_s2c_CN_116." />
    <label:label xlink:type="resource" xlink:label="label_s2c_CN_116._1" xml:lang="en" xlink:role="http://www.xbrl.org/2008/role/verboseLabel">N/A</label:label>
    <gen:arc xlink:type="arc" xlink:arcrole="http://xbrl.org/arcrole/2008/element-label" xlink:from="loc_s2c_CN_116." xlink:to="label_s2c_CN_116._1" />
    <link:loc xlink:type="locator" xlink:href="hier.xsd#s2c_117" xlink:label="loc_s2c_CN_117." />
    <label:label xlink:type="resource" xlink:label="label_s2c_CN_117." xml:lang="en" xlink:role="http://www.xbrl.org/2008/role/label">Collective investment undertakings - look-through approach (Individual)[210]</label:label>
    <gen:arc xlink:type="arc" xlink:arcrole="http://xbrl.org/arcrole/2008/element-label" xlink:from="loc_s2c_CN_117." xlink:to="label_s2c_CN_117." />
    <label:label xlink:type="resource" xlink:label="label_s2c_CN_117._1" xml:lang="en" xlink:role="http://www.xbrl.org/2008/role/verboseLabel">N/A</label:label>
    <gen:arc xlink:type="arc" xlink:arcrole="http://xbrl.org/arcrole/2008/element-label" xlink:from="loc_s2c_CN_117." xlink:to="label_s2c_CN_117._1" />
    <link:loc xlink:type="locator" xlink:href="hier.xsd#s2c_118" xlink:label="loc_s2c_CN_118." />
    <label:label xlink:type="resource" xlink:label="label_s2c_CN_118." xml:lang="en" xlink:role="http://www.xbrl.org/2008/role/label">Collective investment undertakings - look-through approach (Group)[210]</label:label>
    <gen:arc xlink:type="arc" xlink:arcrole="http://xbrl.org/arcrole/2008/element-label" xlink:from="loc_s2c_CN_118." xlink:to="label_s2c_CN_118." />
    <label:label xlink:type="resource" xlink:label="label_s2c_CN_118._1" xml:lang="en" xlink:role="http://www.xbrl.org/2008/role/verboseLabel">N/A</label:label>
    <gen:arc xlink:type="arc" xlink:arcrole="http://xbrl.org/arcrole/2008/element-label" xlink:from="loc_s2c_CN_118." xlink:to="label_s2c_CN_118._1" />
    <link:loc xlink:type="locator" xlink:href="hier.xsd#s2c_119" xlink:label="loc_s2c_CN_119." />
    <label:label xlink:type="resource" xlink:label="label_s2c_CN_119." xml:lang="en" xlink:role="http://www.xbrl.org/2008/role/label">Collective investment undertakings - look-through approach (Third country branches)[210]</label:label>
    <gen:arc xlink:type="arc" xlink:arcrole="http://xbrl.org/arcrole/2008/element-label" xlink:from="loc_s2c_CN_119." xlink:to="label_s2c_CN_119." />
    <label:label xlink:type="resource" xlink:label="label_s2c_CN_119._1" xml:lang="en" xlink:role="http://www.xbrl.org/2008/role/verboseLabel">N/A</label:label>
    <gen:arc xlink:type="arc" xlink:arcrole="http://xbrl.org/arcrole/2008/element-label" xlink:from="loc_s2c_CN_119." xlink:to="label_s2c_CN_119._1" />
    <link:loc xlink:type="locator" xlink:href="hier.xsd#s2c_120" xlink:label="loc_s2c_CN_120." />
    <label:label xlink:type="resource" xlink:label="label_s2c_CN_120." xml:lang="en" xlink:role="http://www.xbrl.org/2008/role/label">Structured products (Individual and Group)[210]</label:label>
    <gen:arc xlink:type="arc" xlink:arcrole="http://xbrl.org/arcrole/2008/element-label" xlink:from="loc_s2c_CN_120." xlink:to="label_s2c_CN_120." />
    <label:label xlink:type="resource" xlink:label="label_s2c_CN_120._1" xml:lang="en" xlink:role="http://www.xbrl.org/2008/role/verboseLabel">N/A</label:label>
    <gen:arc xlink:type="arc" xlink:arcrole="http://xbrl.org/arcrole/2008/element-label" xlink:from="loc_s2c_CN_120." xlink:to="label_s2c_CN_120._1" />
    <link:loc xlink:type="locator" xlink:href="hier.xsd#s2c_121" xlink:label="loc_s2c_CN_121." />
    <label:label xlink:type="resource" xlink:label="label_s2c_CN_121." xml:lang="en" xlink:role="http://www.xbrl.org/2008/role/label">Structured products (Third country branches)[210]</label:label>
    <gen:arc xlink:type="arc" xlink:arcrole="http://xbrl.org/arcrole/2008/element-label" xlink:from="loc_s2c_CN_121." xlink:to="label_s2c_CN_121." />
    <label:label xlink:type="resource" xlink:label="label_s2c_CN_121._1" xml:lang="en" xlink:role="http://www.xbrl.org/2008/role/verboseLabel">N/A</label:label>
    <gen:arc xlink:type="arc" xlink:arcrole="http://xbrl.org/arcrole/2008/element-label" xlink:from="loc_s2c_CN_121." xlink:to="label_s2c_CN_121._1" />
    <link:loc xlink:type="locator" xlink:href="hier.xsd#s2c_122" xlink:label="loc_s2c_CN_122." />
    <label:label xlink:type="resource" xlink:label="label_s2c_CN_122." xml:lang="en" xlink:role="http://www.xbrl.org/2008/role/label">Deposits to cedants - line-by-line reporting (Third country branches)[210]</label:label>
    <gen:arc xlink:type="arc" xlink:arcrole="http://xbrl.org/arcrole/2008/element-label" xlink:from="loc_s2c_CN_122." xlink:to="label_s2c_CN_122." />
    <label:label xlink:type="resource" xlink:label="label_s2c_CN_122._1" xml:lang="en" xlink:role="http://www.xbrl.org/2008/role/verboseLabel">N/A</label:label>
    <gen:arc xlink:type="arc" xlink:arcrole="http://xbrl.org/arcrole/2008/element-label" xlink:from="loc_s2c_CN_122." xlink:to="label_s2c_CN_122._1" />
  </gen:link>
</link:linkbase>