<?xml version="1.0" encoding="UTF-8"?>
<!--(C) EIOPA - XBRL Solvency 2 Taxonomy-->
<?officialURI http://eiopa.europa.eu/eu/xbrl/s2md/fws/solvency/solvency2/2016-07-15/tab/s.01.01.07.01/s.01.01.07.01-rend.xml?>
<?taxonomy-version 2.1.0?>
<?taxonomy-date 2016-07-15?>
<link:linkbase xmlns:xsi="http://www.w3.org/2001/XMLSchema-instance" xmlns:xlink="http://www.w3.org/1999/xlink" xmlns:link="http://www.xbrl.org/2003/linkbase" xmlns:gen="http://xbrl.org/2008/generic" xmlns:label="http://xbrl.org/2008/label" xmlns:formula="http://xbrl.org/2008/formula" xmlns:df="http://xbrl.org/2008/filter/dimension" xmlns:table="http://xbrl.org/2014/table" xmlns:model="http://www.eurofiling.info/xbrl/ext/model" xmlns:s2md_met="http://eiopa.europa.eu/xbrl/s2md/dict/met" xsi:schemaLocation="http://www.xbrl.org/2003/linkbase http://www.xbrl.org/2003/xbrl-linkbase-2003-12-31.xsd http://xbrl.org/2008/generic http://www.xbrl.org/2008/generic-link.xsd http://xbrl.org/2008/label http://www.xbrl.org/2008/generic-label.xsd http://xbrl.org/2008/formula http://www.xbrl.org/2008/formula.xsd http://xbrl.org/2008/filter/dimension http://www.xbrl.org/2008/dimension-filter.xsd http://xbrl.org/2014/table http://www.xbrl.org/2014/table.xsd http://www.eurofiling.info/xbrl/ext/model http://www.eurofiling.info/eu/fr/xbrl/ext/model.xsd">
  <link:arcroleRef arcroleURI="http://xbrl.org/arcrole/2014/breakdown-tree" xlink:type="simple" xlink:href="http://www.xbrl.org/2014/table.xsd#breakdown-tree" />
  <link:arcroleRef arcroleURI="http://xbrl.org/arcrole/2014/definition-node-subtree" xlink:type="simple" xlink:href="http://www.xbrl.org/2014/table.xsd#definition-node-subtree" />
  <link:arcroleRef arcroleURI="http://xbrl.org/arcrole/2014/table-breakdown" xlink:type="simple" xlink:href="http://www.xbrl.org/2014/table.xsd#table-breakdown" />
  <link:roleRef roleURI="http://eiopa.europa.eu/xbrl/s2md/role/fws/solvency/solvency2/2016-07-15/tab/S.01.01.07.01" xlink:type="simple" xlink:href="s.01.01.07.01.xsd#role" />
  <gen:link xlink:type="extended" xlink:role="http://eiopa.europa.eu/xbrl/s2md/role/fws/solvency/solvency2/2016-07-15/tab/S.01.01.07.01">
    <table:table xlink:type="resource" xlink:label="s2md_tS.01.01.07.01" id="s2md_tS.01.01.07.01" />
    <table:breakdown xlink:type="resource" xlink:label="s2md_a1" parentChildOrder="parent-first" id="s2md_a1" />
    <table:ruleNode xlink:type="resource" xlink:label="s2md_a1.root" abstract="true" merge="true" id="s2md_a1.root" />
    <table:breakdownTreeArc xlink:type="arc" xlink:arcrole="http://xbrl.org/arcrole/2014/breakdown-tree" xlink:from="s2md_a1" xlink:to="s2md_a1.root" order="0" />
    <table:ruleNode xlink:type="resource" xlink:label="s2md_c147" id="s2md_c147" />
    <table:definitionNodeSubtreeArc xlink:type="arc" xlink:arcrole="http://xbrl.org/arcrole/2014/definition-node-subtree" xlink:from="s2md_a1.root" xlink:to="s2md_c147" order="1" />
    <table:tableBreakdownArc xlink:type="arc" xlink:arcrole="http://xbrl.org/arcrole/2014/table-breakdown" xlink:from="s2md_tS.01.01.07.01" xlink:to="s2md_a1" axis="x" order="1" />
    <table:breakdown xlink:type="resource" xlink:label="s2md_a2" parentChildOrder="parent-first" id="s2md_a2" />
    <table:ruleNode xlink:type="resource" xlink:label="s2md_a2.root" abstract="true" merge="true" id="s2md_a2.root" />
    <table:breakdownTreeArc xlink:type="arc" xlink:arcrole="http://xbrl.org/arcrole/2014/breakdown-tree" xlink:from="s2md_a2" xlink:to="s2md_a2.root" order="0" />
    <table:ruleNode xlink:type="resource" xlink:label="s2md_c148" abstract="true" id="s2md_c148" />
    <table:ruleNode xlink:type="resource" xlink:label="s2md_c149" id="s2md_c149">
      <formula:concept>
        <formula:qname>s2md_met:ei1633</formula:qname>
      </formula:concept>
    </table:ruleNode>
    <table:definitionNodeSubtreeArc xlink:type="arc" xlink:arcrole="http://xbrl.org/arcrole/2014/definition-node-subtree" xlink:from="s2md_c148" xlink:to="s2md_c149" order="1" />
    <table:ruleNode xlink:type="resource" xlink:label="s2md_c150" id="s2md_c150">
      <formula:concept>
        <formula:qname>s2md_met:ei1668</formula:qname>
      </formula:concept>
    </table:ruleNode>
    <table:definitionNodeSubtreeArc xlink:type="arc" xlink:arcrole="http://xbrl.org/arcrole/2014/definition-node-subtree" xlink:from="s2md_c148" xlink:to="s2md_c150" order="2" />
    <table:ruleNode xlink:type="resource" xlink:label="s2md_c151" id="s2md_c151">
      <formula:concept>
        <formula:qname>s2md_met:ei2420</formula:qname>
      </formula:concept>
    </table:ruleNode>
    <table:definitionNodeSubtreeArc xlink:type="arc" xlink:arcrole="http://xbrl.org/arcrole/2014/definition-node-subtree" xlink:from="s2md_c148" xlink:to="s2md_c151" order="3" />
    <table:ruleNode xlink:type="resource" xlink:label="s2md_c152" id="s2md_c152">
      <formula:concept>
        <formula:qname>s2md_met:ei1672</formula:qname>
      </formula:concept>
    </table:ruleNode>
    <table:definitionNodeSubtreeArc xlink:type="arc" xlink:arcrole="http://xbrl.org/arcrole/2014/definition-node-subtree" xlink:from="s2md_c148" xlink:to="s2md_c152" order="4" />
    <table:ruleNode xlink:type="resource" xlink:label="s2md_c153" id="s2md_c153">
      <formula:concept>
        <formula:qname>s2md_met:ei2130</formula:qname>
      </formula:concept>
    </table:ruleNode>
    <table:definitionNodeSubtreeArc xlink:type="arc" xlink:arcrole="http://xbrl.org/arcrole/2014/definition-node-subtree" xlink:from="s2md_c148" xlink:to="s2md_c153" order="5" />
    <table:ruleNode xlink:type="resource" xlink:label="s2md_c154" id="s2md_c154">
      <formula:concept>
        <formula:qname>s2md_met:ei1674</formula:qname>
      </formula:concept>
    </table:ruleNode>
    <table:definitionNodeSubtreeArc xlink:type="arc" xlink:arcrole="http://xbrl.org/arcrole/2014/definition-node-subtree" xlink:from="s2md_c148" xlink:to="s2md_c154" order="6" />
    <table:ruleNode xlink:type="resource" xlink:label="s2md_c155" id="s2md_c155">
      <formula:concept>
        <formula:qname>s2md_met:ei1710</formula:qname>
      </formula:concept>
    </table:ruleNode>
    <table:definitionNodeSubtreeArc xlink:type="arc" xlink:arcrole="http://xbrl.org/arcrole/2014/definition-node-subtree" xlink:from="s2md_c148" xlink:to="s2md_c155" order="7" />
    <table:ruleNode xlink:type="resource" xlink:label="s2md_c156" id="s2md_c156">
      <formula:concept>
        <formula:qname>s2md_met:ei1711</formula:qname>
      </formula:concept>
    </table:ruleNode>
    <table:definitionNodeSubtreeArc xlink:type="arc" xlink:arcrole="http://xbrl.org/arcrole/2014/definition-node-subtree" xlink:from="s2md_c148" xlink:to="s2md_c156" order="8" />
    <table:ruleNode xlink:type="resource" xlink:label="s2md_c157" id="s2md_c157">
      <formula:concept>
        <formula:qname>s2md_met:ei2450</formula:qname>
      </formula:concept>
    </table:ruleNode>
    <table:definitionNodeSubtreeArc xlink:type="arc" xlink:arcrole="http://xbrl.org/arcrole/2014/definition-node-subtree" xlink:from="s2md_c148" xlink:to="s2md_c157" order="9" />
    <table:ruleNode xlink:type="resource" xlink:label="s2md_c158" id="s2md_c158">
      <formula:concept>
        <formula:qname>s2md_met:ei2451</formula:qname>
      </formula:concept>
    </table:ruleNode>
    <table:definitionNodeSubtreeArc xlink:type="arc" xlink:arcrole="http://xbrl.org/arcrole/2014/definition-node-subtree" xlink:from="s2md_c148" xlink:to="s2md_c158" order="10" />
    <table:ruleNode xlink:type="resource" xlink:label="s2md_c159" id="s2md_c159">
      <formula:concept>
        <formula:qname>s2md_met:ei2410</formula:qname>
      </formula:concept>
    </table:ruleNode>
    <table:definitionNodeSubtreeArc xlink:type="arc" xlink:arcrole="http://xbrl.org/arcrole/2014/definition-node-subtree" xlink:from="s2md_c148" xlink:to="s2md_c159" order="11" />
    <table:ruleNode xlink:type="resource" xlink:label="s2md_c160" id="s2md_c160">
      <formula:concept>
        <formula:qname>s2md_met:ei2458</formula:qname>
      </formula:concept>
    </table:ruleNode>
    <table:definitionNodeSubtreeArc xlink:type="arc" xlink:arcrole="http://xbrl.org/arcrole/2014/definition-node-subtree" xlink:from="s2md_c148" xlink:to="s2md_c160" order="12" />
    <table:ruleNode xlink:type="resource" xlink:label="s2md_c161" id="s2md_c161">
      <formula:concept>
        <formula:qname>s2md_met:ei2460</formula:qname>
      </formula:concept>
    </table:ruleNode>
    <table:definitionNodeSubtreeArc xlink:type="arc" xlink:arcrole="http://xbrl.org/arcrole/2014/definition-node-subtree" xlink:from="s2md_c148" xlink:to="s2md_c161" order="13" />
    <table:ruleNode xlink:type="resource" xlink:label="s2md_c162" id="s2md_c162">
      <formula:concept>
        <formula:qname>s2md_met:ei2413</formula:qname>
      </formula:concept>
    </table:ruleNode>
    <table:definitionNodeSubtreeArc xlink:type="arc" xlink:arcrole="http://xbrl.org/arcrole/2014/definition-node-subtree" xlink:from="s2md_c148" xlink:to="s2md_c162" order="14" />
    <table:ruleNode xlink:type="resource" xlink:label="s2md_c163" id="s2md_c163">
      <formula:concept>
        <formula:qname>s2md_met:ei2414</formula:qname>
      </formula:concept>
    </table:ruleNode>
    <table:definitionNodeSubtreeArc xlink:type="arc" xlink:arcrole="http://xbrl.org/arcrole/2014/definition-node-subtree" xlink:from="s2md_c148" xlink:to="s2md_c163" order="15" />
    <table:ruleNode xlink:type="resource" xlink:label="s2md_c164" id="s2md_c164">
      <formula:concept>
        <formula:qname>s2md_met:ei1715</formula:qname>
      </formula:concept>
    </table:ruleNode>
    <table:definitionNodeSubtreeArc xlink:type="arc" xlink:arcrole="http://xbrl.org/arcrole/2014/definition-node-subtree" xlink:from="s2md_c148" xlink:to="s2md_c164" order="16" />
    <table:ruleNode xlink:type="resource" xlink:label="s2md_c165" id="s2md_c165">
      <formula:concept>
        <formula:qname>s2md_met:ei2415</formula:qname>
      </formula:concept>
    </table:ruleNode>
    <table:definitionNodeSubtreeArc xlink:type="arc" xlink:arcrole="http://xbrl.org/arcrole/2014/definition-node-subtree" xlink:from="s2md_c148" xlink:to="s2md_c165" order="17" />
    <table:ruleNode xlink:type="resource" xlink:label="s2md_c166" id="s2md_c166">
      <formula:concept>
        <formula:qname>s2md_met:ei2416</formula:qname>
      </formula:concept>
    </table:ruleNode>
    <table:definitionNodeSubtreeArc xlink:type="arc" xlink:arcrole="http://xbrl.org/arcrole/2014/definition-node-subtree" xlink:from="s2md_c148" xlink:to="s2md_c166" order="18" />
    <table:ruleNode xlink:type="resource" xlink:label="s2md_c167" id="s2md_c167">
      <formula:concept>
        <formula:qname>s2md_met:ei2417</formula:qname>
      </formula:concept>
    </table:ruleNode>
    <table:definitionNodeSubtreeArc xlink:type="arc" xlink:arcrole="http://xbrl.org/arcrole/2014/definition-node-subtree" xlink:from="s2md_c148" xlink:to="s2md_c167" order="19" />
    <table:ruleNode xlink:type="resource" xlink:label="s2md_c168" id="s2md_c168">
      <formula:concept>
        <formula:qname>s2md_met:ei1707</formula:qname>
      </formula:concept>
    </table:ruleNode>
    <table:definitionNodeSubtreeArc xlink:type="arc" xlink:arcrole="http://xbrl.org/arcrole/2014/definition-node-subtree" xlink:from="s2md_c148" xlink:to="s2md_c168" order="20" />
    <table:ruleNode xlink:type="resource" xlink:label="s2md_c169" id="s2md_c169">
      <formula:concept>
        <formula:qname>s2md_met:ei1719</formula:qname>
      </formula:concept>
    </table:ruleNode>
    <table:definitionNodeSubtreeArc xlink:type="arc" xlink:arcrole="http://xbrl.org/arcrole/2014/definition-node-subtree" xlink:from="s2md_c148" xlink:to="s2md_c169" order="21" />
    <table:ruleNode xlink:type="resource" xlink:label="s2md_c170" id="s2md_c170">
      <formula:concept>
        <formula:qname>s2md_met:ei1720</formula:qname>
      </formula:concept>
    </table:ruleNode>
    <table:definitionNodeSubtreeArc xlink:type="arc" xlink:arcrole="http://xbrl.org/arcrole/2014/definition-node-subtree" xlink:from="s2md_c148" xlink:to="s2md_c170" order="22" />
    <table:ruleNode xlink:type="resource" xlink:label="s2md_c171" id="s2md_c171">
      <formula:concept>
        <formula:qname>s2md_met:ei1721</formula:qname>
      </formula:concept>
    </table:ruleNode>
    <table:definitionNodeSubtreeArc xlink:type="arc" xlink:arcrole="http://xbrl.org/arcrole/2014/definition-node-subtree" xlink:from="s2md_c148" xlink:to="s2md_c171" order="23" />
    <table:ruleNode xlink:type="resource" xlink:label="s2md_c172" id="s2md_c172">
      <formula:concept>
        <formula:qname>s2md_met:ei1722</formula:qname>
      </formula:concept>
    </table:ruleNode>
    <table:definitionNodeSubtreeArc xlink:type="arc" xlink:arcrole="http://xbrl.org/arcrole/2014/definition-node-subtree" xlink:from="s2md_c148" xlink:to="s2md_c172" order="24" />
    <table:ruleNode xlink:type="resource" xlink:label="s2md_c173" id="s2md_c173">
      <formula:concept>
        <formula:qname>s2md_met:ei1723</formula:qname>
      </formula:concept>
    </table:ruleNode>
    <table:definitionNodeSubtreeArc xlink:type="arc" xlink:arcrole="http://xbrl.org/arcrole/2014/definition-node-subtree" xlink:from="s2md_c148" xlink:to="s2md_c173" order="25" />
    <table:ruleNode xlink:type="resource" xlink:label="s2md_c174" id="s2md_c174">
      <formula:concept>
        <formula:qname>s2md_met:ei2418</formula:qname>
      </formula:concept>
    </table:ruleNode>
    <table:definitionNodeSubtreeArc xlink:type="arc" xlink:arcrole="http://xbrl.org/arcrole/2014/definition-node-subtree" xlink:from="s2md_c148" xlink:to="s2md_c174" order="26" />
    <table:ruleNode xlink:type="resource" xlink:label="s2md_c175" id="s2md_c175">
      <formula:concept>
        <formula:qname>s2md_met:ei1709</formula:qname>
      </formula:concept>
    </table:ruleNode>
    <table:definitionNodeSubtreeArc xlink:type="arc" xlink:arcrole="http://xbrl.org/arcrole/2014/definition-node-subtree" xlink:from="s2md_c148" xlink:to="s2md_c175" order="27" />
    <table:ruleNode xlink:type="resource" xlink:label="s2md_c176" id="s2md_c176">
      <formula:concept>
        <formula:qname>s2md_met:ei1725</formula:qname>
      </formula:concept>
    </table:ruleNode>
    <table:definitionNodeSubtreeArc xlink:type="arc" xlink:arcrole="http://xbrl.org/arcrole/2014/definition-node-subtree" xlink:from="s2md_c148" xlink:to="s2md_c176" order="28" />
    <table:ruleNode xlink:type="resource" xlink:label="s2md_c177" id="s2md_c177">
      <formula:concept>
        <formula:qname>s2md_met:ei1726</formula:qname>
      </formula:concept>
    </table:ruleNode>
    <table:definitionNodeSubtreeArc xlink:type="arc" xlink:arcrole="http://xbrl.org/arcrole/2014/definition-node-subtree" xlink:from="s2md_c148" xlink:to="s2md_c177" order="29" />
    <table:ruleNode xlink:type="resource" xlink:label="s2md_c178" id="s2md_c178">
      <formula:concept>
        <formula:qname>s2md_met:ei1727</formula:qname>
      </formula:concept>
    </table:ruleNode>
    <table:definitionNodeSubtreeArc xlink:type="arc" xlink:arcrole="http://xbrl.org/arcrole/2014/definition-node-subtree" xlink:from="s2md_c148" xlink:to="s2md_c178" order="30" />
    <table:ruleNode xlink:type="resource" xlink:label="s2md_c179" id="s2md_c179">
      <formula:concept>
        <formula:qname>s2md_met:ei1728</formula:qname>
      </formula:concept>
    </table:ruleNode>
    <table:definitionNodeSubtreeArc xlink:type="arc" xlink:arcrole="http://xbrl.org/arcrole/2014/definition-node-subtree" xlink:from="s2md_c148" xlink:to="s2md_c179" order="31" />
    <table:ruleNode xlink:type="resource" xlink:label="s2md_c180" id="s2md_c180">
      <formula:concept>
        <formula:qname>s2md_met:ei1729</formula:qname>
      </formula:concept>
    </table:ruleNode>
    <table:definitionNodeSubtreeArc xlink:type="arc" xlink:arcrole="http://xbrl.org/arcrole/2014/definition-node-subtree" xlink:from="s2md_c148" xlink:to="s2md_c180" order="32" />
    <table:ruleNode xlink:type="resource" xlink:label="s2md_c181" id="s2md_c181">
      <formula:concept>
        <formula:qname>s2md_met:ei1730</formula:qname>
      </formula:concept>
    </table:ruleNode>
    <table:definitionNodeSubtreeArc xlink:type="arc" xlink:arcrole="http://xbrl.org/arcrole/2014/definition-node-subtree" xlink:from="s2md_c148" xlink:to="s2md_c181" order="33" />
    <table:ruleNode xlink:type="resource" xlink:label="s2md_c182" id="s2md_c182">
      <formula:concept>
        <formula:qname>s2md_met:ei1731</formula:qname>
      </formula:concept>
    </table:ruleNode>
    <table:definitionNodeSubtreeArc xlink:type="arc" xlink:arcrole="http://xbrl.org/arcrole/2014/definition-node-subtree" xlink:from="s2md_c148" xlink:to="s2md_c182" order="34" />
    <table:ruleNode xlink:type="resource" xlink:label="s2md_c183" id="s2md_c183">
      <formula:concept>
        <formula:qname>s2md_met:ei1734</formula:qname>
      </formula:concept>
    </table:ruleNode>
    <table:definitionNodeSubtreeArc xlink:type="arc" xlink:arcrole="http://xbrl.org/arcrole/2014/definition-node-subtree" xlink:from="s2md_c148" xlink:to="s2md_c183" order="35" />
    <table:ruleNode xlink:type="resource" xlink:label="s2md_c184" id="s2md_c184">
      <formula:concept>
        <formula:qname>s2md_met:ei1735</formula:qname>
      </formula:concept>
    </table:ruleNode>
    <table:definitionNodeSubtreeArc xlink:type="arc" xlink:arcrole="http://xbrl.org/arcrole/2014/definition-node-subtree" xlink:from="s2md_c148" xlink:to="s2md_c184" order="36" />
    <table:ruleNode xlink:type="resource" xlink:label="s2md_c185" id="s2md_c185">
      <formula:concept>
        <formula:qname>s2md_met:ei2443</formula:qname>
      </formula:concept>
    </table:ruleNode>
    <table:definitionNodeSubtreeArc xlink:type="arc" xlink:arcrole="http://xbrl.org/arcrole/2014/definition-node-subtree" xlink:from="s2md_c148" xlink:to="s2md_c185" order="37" />
    <table:ruleNode xlink:type="resource" xlink:label="s2md_c186" id="s2md_c186">
      <formula:concept>
        <formula:qname>s2md_met:ei2449</formula:qname>
      </formula:concept>
    </table:ruleNode>
    <table:definitionNodeSubtreeArc xlink:type="arc" xlink:arcrole="http://xbrl.org/arcrole/2014/definition-node-subtree" xlink:from="s2md_c148" xlink:to="s2md_c186" order="38" />
    <table:ruleNode xlink:type="resource" xlink:label="s2md_c187" id="s2md_c187">
      <formula:concept>
        <formula:qname>s2md_met:ei1737</formula:qname>
      </formula:concept>
    </table:ruleNode>
    <table:definitionNodeSubtreeArc xlink:type="arc" xlink:arcrole="http://xbrl.org/arcrole/2014/definition-node-subtree" xlink:from="s2md_c148" xlink:to="s2md_c187" order="39" />
    <table:ruleNode xlink:type="resource" xlink:label="s2md_c188" id="s2md_c188">
      <formula:concept>
        <formula:qname>s2md_met:ei1739</formula:qname>
      </formula:concept>
    </table:ruleNode>
    <table:definitionNodeSubtreeArc xlink:type="arc" xlink:arcrole="http://xbrl.org/arcrole/2014/definition-node-subtree" xlink:from="s2md_c148" xlink:to="s2md_c188" order="40" />
    <table:ruleNode xlink:type="resource" xlink:label="s2md_c189" id="s2md_c189">
      <formula:concept>
        <formula:qname>s2md_met:ei2434</formula:qname>
      </formula:concept>
    </table:ruleNode>
    <table:definitionNodeSubtreeArc xlink:type="arc" xlink:arcrole="http://xbrl.org/arcrole/2014/definition-node-subtree" xlink:from="s2md_c148" xlink:to="s2md_c189" order="41" />
    <table:ruleNode xlink:type="resource" xlink:label="s2md_c190" id="s2md_c190">
      <formula:concept>
        <formula:qname>s2md_met:ei1642</formula:qname>
      </formula:concept>
    </table:ruleNode>
    <table:definitionNodeSubtreeArc xlink:type="arc" xlink:arcrole="http://xbrl.org/arcrole/2014/definition-node-subtree" xlink:from="s2md_c148" xlink:to="s2md_c190" order="42" />
    <table:ruleNode xlink:type="resource" xlink:label="s2md_c191" id="s2md_c191">
      <formula:concept>
        <formula:qname>s2md_met:ei1643</formula:qname>
      </formula:concept>
    </table:ruleNode>
    <table:definitionNodeSubtreeArc xlink:type="arc" xlink:arcrole="http://xbrl.org/arcrole/2014/definition-node-subtree" xlink:from="s2md_c148" xlink:to="s2md_c191" order="43" />
    <table:ruleNode xlink:type="resource" xlink:label="s2md_c192" id="s2md_c192">
      <formula:concept>
        <formula:qname>s2md_met:ei1744</formula:qname>
      </formula:concept>
    </table:ruleNode>
    <table:definitionNodeSubtreeArc xlink:type="arc" xlink:arcrole="http://xbrl.org/arcrole/2014/definition-node-subtree" xlink:from="s2md_c148" xlink:to="s2md_c192" order="44" />
    <table:ruleNode xlink:type="resource" xlink:label="s2md_c193" id="s2md_c193">
      <formula:concept>
        <formula:qname>s2md_met:ei1746</formula:qname>
      </formula:concept>
    </table:ruleNode>
    <table:definitionNodeSubtreeArc xlink:type="arc" xlink:arcrole="http://xbrl.org/arcrole/2014/definition-node-subtree" xlink:from="s2md_c148" xlink:to="s2md_c193" order="45" />
    <table:ruleNode xlink:type="resource" xlink:label="s2md_c194" id="s2md_c194">
      <formula:concept>
        <formula:qname>s2md_met:ei1748</formula:qname>
      </formula:concept>
    </table:ruleNode>
    <table:definitionNodeSubtreeArc xlink:type="arc" xlink:arcrole="http://xbrl.org/arcrole/2014/definition-node-subtree" xlink:from="s2md_c148" xlink:to="s2md_c194" order="46" />
    <table:ruleNode xlink:type="resource" xlink:label="s2md_c195" id="s2md_c195">
      <formula:concept>
        <formula:qname>s2md_met:ei1750</formula:qname>
      </formula:concept>
    </table:ruleNode>
    <table:definitionNodeSubtreeArc xlink:type="arc" xlink:arcrole="http://xbrl.org/arcrole/2014/definition-node-subtree" xlink:from="s2md_c148" xlink:to="s2md_c195" order="47" />
    <table:ruleNode xlink:type="resource" xlink:label="s2md_c196" id="s2md_c196">
      <formula:concept>
        <formula:qname>s2md_met:ei1752</formula:qname>
      </formula:concept>
    </table:ruleNode>
    <table:definitionNodeSubtreeArc xlink:type="arc" xlink:arcrole="http://xbrl.org/arcrole/2014/definition-node-subtree" xlink:from="s2md_c148" xlink:to="s2md_c196" order="48" />
    <table:ruleNode xlink:type="resource" xlink:label="s2md_c197" id="s2md_c197">
      <formula:concept>
        <formula:qname>s2md_met:ei1754</formula:qname>
      </formula:concept>
    </table:ruleNode>
    <table:definitionNodeSubtreeArc xlink:type="arc" xlink:arcrole="http://xbrl.org/arcrole/2014/definition-node-subtree" xlink:from="s2md_c148" xlink:to="s2md_c197" order="49" />
    <table:ruleNode xlink:type="resource" xlink:label="s2md_c198" id="s2md_c198">
      <formula:concept>
        <formula:qname>s2md_met:ei1756</formula:qname>
      </formula:concept>
    </table:ruleNode>
    <table:definitionNodeSubtreeArc xlink:type="arc" xlink:arcrole="http://xbrl.org/arcrole/2014/definition-node-subtree" xlink:from="s2md_c148" xlink:to="s2md_c198" order="50" />
    <table:ruleNode xlink:type="resource" xlink:label="s2md_c199" id="s2md_c199">
      <formula:concept>
        <formula:qname>s2md_met:ei1758</formula:qname>
      </formula:concept>
    </table:ruleNode>
    <table:definitionNodeSubtreeArc xlink:type="arc" xlink:arcrole="http://xbrl.org/arcrole/2014/definition-node-subtree" xlink:from="s2md_c148" xlink:to="s2md_c199" order="51" />
    <table:ruleNode xlink:type="resource" xlink:label="s2md_c200" id="s2md_c200">
      <formula:concept>
        <formula:qname>s2md_met:ei2291</formula:qname>
      </formula:concept>
    </table:ruleNode>
    <table:definitionNodeSubtreeArc xlink:type="arc" xlink:arcrole="http://xbrl.org/arcrole/2014/definition-node-subtree" xlink:from="s2md_c148" xlink:to="s2md_c200" order="52" />
    <table:ruleNode xlink:type="resource" xlink:label="s2md_c201" id="s2md_c201">
      <formula:concept>
        <formula:qname>s2md_met:ei2292</formula:qname>
      </formula:concept>
    </table:ruleNode>
    <table:definitionNodeSubtreeArc xlink:type="arc" xlink:arcrole="http://xbrl.org/arcrole/2014/definition-node-subtree" xlink:from="s2md_c148" xlink:to="s2md_c201" order="53" />
    <table:ruleNode xlink:type="resource" xlink:label="s2md_c202" id="s2md_c202">
      <formula:concept>
        <formula:qname>s2md_met:ei1760</formula:qname>
      </formula:concept>
    </table:ruleNode>
    <table:definitionNodeSubtreeArc xlink:type="arc" xlink:arcrole="http://xbrl.org/arcrole/2014/definition-node-subtree" xlink:from="s2md_c148" xlink:to="s2md_c202" order="54" />
    <table:ruleNode xlink:type="resource" xlink:label="s2md_c203" id="s2md_c203">
      <formula:concept>
        <formula:qname>s2md_met:ei1761</formula:qname>
      </formula:concept>
    </table:ruleNode>
    <table:definitionNodeSubtreeArc xlink:type="arc" xlink:arcrole="http://xbrl.org/arcrole/2014/definition-node-subtree" xlink:from="s2md_c148" xlink:to="s2md_c203" order="55" />
    <table:ruleNode xlink:type="resource" xlink:label="s2md_c204" id="s2md_c204">
      <formula:concept>
        <formula:qname>s2md_met:ei1762</formula:qname>
      </formula:concept>
    </table:ruleNode>
    <table:definitionNodeSubtreeArc xlink:type="arc" xlink:arcrole="http://xbrl.org/arcrole/2014/definition-node-subtree" xlink:from="s2md_c148" xlink:to="s2md_c204" order="56" />
    <table:ruleNode xlink:type="resource" xlink:label="s2md_c205" id="s2md_c205">
      <formula:concept>
        <formula:qname>s2md_met:ei1763</formula:qname>
      </formula:concept>
    </table:ruleNode>
    <table:definitionNodeSubtreeArc xlink:type="arc" xlink:arcrole="http://xbrl.org/arcrole/2014/definition-node-subtree" xlink:from="s2md_c148" xlink:to="s2md_c205" order="57" />
    <table:ruleNode xlink:type="resource" xlink:label="s2md_c206" id="s2md_c206">
      <formula:concept>
        <formula:qname>s2md_met:ei1764</formula:qname>
      </formula:concept>
    </table:ruleNode>
    <table:definitionNodeSubtreeArc xlink:type="arc" xlink:arcrole="http://xbrl.org/arcrole/2014/definition-node-subtree" xlink:from="s2md_c148" xlink:to="s2md_c206" order="58" />
    <table:ruleNode xlink:type="resource" xlink:label="s2md_c207" id="s2md_c207">
      <formula:concept>
        <formula:qname>s2md_met:ei1765</formula:qname>
      </formula:concept>
    </table:ruleNode>
    <table:definitionNodeSubtreeArc xlink:type="arc" xlink:arcrole="http://xbrl.org/arcrole/2014/definition-node-subtree" xlink:from="s2md_c148" xlink:to="s2md_c207" order="59" />
    <table:ruleNode xlink:type="resource" xlink:label="s2md_c208" id="s2md_c208">
      <formula:concept>
        <formula:qname>s2md_met:ei1766</formula:qname>
      </formula:concept>
    </table:ruleNode>
    <table:definitionNodeSubtreeArc xlink:type="arc" xlink:arcrole="http://xbrl.org/arcrole/2014/definition-node-subtree" xlink:from="s2md_c148" xlink:to="s2md_c208" order="60" />
    <table:ruleNode xlink:type="resource" xlink:label="s2md_c209" id="s2md_c209">
      <formula:concept>
        <formula:qname>s2md_met:ei1767</formula:qname>
      </formula:concept>
    </table:ruleNode>
    <table:definitionNodeSubtreeArc xlink:type="arc" xlink:arcrole="http://xbrl.org/arcrole/2014/definition-node-subtree" xlink:from="s2md_c148" xlink:to="s2md_c209" order="61" />
    <table:ruleNode xlink:type="resource" xlink:label="s2md_c210" id="s2md_c210">
      <formula:concept>
        <formula:qname>s2md_met:ei1768</formula:qname>
      </formula:concept>
    </table:ruleNode>
    <table:definitionNodeSubtreeArc xlink:type="arc" xlink:arcrole="http://xbrl.org/arcrole/2014/definition-node-subtree" xlink:from="s2md_c148" xlink:to="s2md_c210" order="62" />
    <table:ruleNode xlink:type="resource" xlink:label="s2md_c211" id="s2md_c211">
      <formula:concept>
        <formula:qname>s2md_met:ei1769</formula:qname>
      </formula:concept>
    </table:ruleNode>
    <table:definitionNodeSubtreeArc xlink:type="arc" xlink:arcrole="http://xbrl.org/arcrole/2014/definition-node-subtree" xlink:from="s2md_c148" xlink:to="s2md_c211" order="63" />
    <table:definitionNodeSubtreeArc xlink:type="arc" xlink:arcrole="http://xbrl.org/arcrole/2014/definition-node-subtree" xlink:from="s2md_a2.root" xlink:to="s2md_c148" order="1" />
    <table:tableBreakdownArc xlink:type="arc" xlink:arcrole="http://xbrl.org/arcrole/2014/table-breakdown" xlink:from="s2md_tS.01.01.07.01" xlink:to="s2md_a2" axis="y" order="2" />
  </gen:link>
</link:linkbase>