<?xml version="1.0" encoding="UTF-8"?>
<!--(C) EIOPA - XBRL Solvency 2 Taxonomy-->
<?officialURI http://eiopa.europa.eu/eu/xbrl/s2c/dict/dom/rt/hier-lab-en.xml?>
<?taxonomy-version 2.1.0?>
<?taxonomy-date 2016-07-15?>
<link:linkbase xmlns:xsi="http://www.w3.org/2001/XMLSchema-instance" xmlns:xlink="http://www.w3.org/1999/xlink" xmlns:link="http://www.xbrl.org/2003/linkbase" xmlns:gen="http://xbrl.org/2008/generic" xmlns:label="http://xbrl.org/2008/label" xsi:schemaLocation="http://www.xbrl.org/2003/linkbase http://www.xbrl.org/2003/xbrl-linkbase-2003-12-31.xsd http://xbrl.org/2008/generic http://www.xbrl.org/2008/generic-link.xsd http://xbrl.org/2008/label http://www.xbrl.org/2008/generic-label.xsd">
  <link:arcroleRef arcroleURI="http://xbrl.org/arcrole/2008/element-label" xlink:type="simple" xlink:href="http://www.xbrl.org/2008/generic-label.xsd#element-label" />
  <link:roleRef roleURI="http://www.xbrl.org/2008/role/label" xlink:type="simple" xlink:href="http://www.xbrl.org/2008/generic-label.xsd#standard-label" />
  <link:roleRef roleURI="http://www.xbrl.org/2008/role/verboseLabel" xlink:type="simple" xlink:href="http://www.xbrl.org/2008/generic-label.xsd#verbose-label" />
  <gen:link xlink:type="extended" xlink:role="http://www.xbrl.org/2003/role/link">
    <link:loc xlink:type="locator" xlink:href="hier.xsd#s2c_1" xlink:label="loc_s2c_RT_1." />
    <label:label xlink:type="resource" xlink:label="label_s2c_RT_1." xml:lang="en" xlink:role="http://www.xbrl.org/2008/role/label">Types of hedged risks</label:label>
    <gen:arc xlink:type="arc" xlink:arcrole="http://xbrl.org/arcrole/2008/element-label" xlink:from="loc_s2c_RT_1." xlink:to="label_s2c_RT_1." />
    <label:label xlink:type="resource" xlink:label="label_s2c_RT_1._1" xml:lang="en" xlink:role="http://www.xbrl.org/2008/role/verboseLabel">HD</label:label>
    <gen:arc xlink:type="arc" xlink:arcrole="http://xbrl.org/arcrole/2008/element-label" xlink:from="loc_s2c_RT_1." xlink:to="label_s2c_RT_1._1" />
    <link:loc xlink:type="locator" xlink:href="hier.xsd#s2c_3" xlink:label="loc_s2c_RT_3." />
    <label:label xlink:type="resource" xlink:label="label_s2c_RT_3." xml:lang="en" xlink:role="http://www.xbrl.org/2008/role/label">Risks inside or outside ring fenced funds</label:label>
    <gen:arc xlink:type="arc" xlink:arcrole="http://xbrl.org/arcrole/2008/element-label" xlink:from="loc_s2c_RT_3." xlink:to="label_s2c_RT_3." />
    <label:label xlink:type="resource" xlink:label="label_s2c_RT_3._1" xml:lang="en" xlink:role="http://www.xbrl.org/2008/role/verboseLabel">FZ</label:label>
    <gen:arc xlink:type="arc" xlink:arcrole="http://xbrl.org/arcrole/2008/element-label" xlink:from="loc_s2c_RT_3." xlink:to="label_s2c_RT_3._1" />
    <link:loc xlink:type="locator" xlink:href="hier.xsd#s2c_4" xlink:label="loc_s2c_RT_4." />
    <label:label xlink:type="resource" xlink:label="label_s2c_RT_4." xml:lang="en" xlink:role="http://www.xbrl.org/2008/role/label">Acceptance/cover of risks</label:label>
    <gen:arc xlink:type="arc" xlink:arcrole="http://xbrl.org/arcrole/2008/element-label" xlink:from="loc_s2c_RT_4." xlink:to="label_s2c_RT_4." />
    <label:label xlink:type="resource" xlink:label="label_s2c_RT_4._1" xml:lang="en" xlink:role="http://www.xbrl.org/2008/role/verboseLabel">IZ</label:label>
    <gen:arc xlink:type="arc" xlink:arcrole="http://xbrl.org/arcrole/2008/element-label" xlink:from="loc_s2c_RT_4." xlink:to="label_s2c_RT_4._1" />
    <link:loc xlink:type="locator" xlink:href="hier.xsd#s2c_5" xlink:label="loc_s2c_RT_5." />
    <label:label xlink:type="resource" xlink:label="label_s2c_RT_5." xml:lang="en" xlink:role="http://www.xbrl.org/2008/role/label">Acceptance/cover of risks</label:label>
    <gen:arc xlink:type="arc" xlink:arcrole="http://xbrl.org/arcrole/2008/element-label" xlink:from="loc_s2c_RT_5." xlink:to="label_s2c_RT_5." />
    <label:label xlink:type="resource" xlink:label="label_s2c_RT_5._1" xml:lang="en" xlink:role="http://www.xbrl.org/2008/role/verboseLabel">IZ</label:label>
    <gen:arc xlink:type="arc" xlink:arcrole="http://xbrl.org/arcrole/2008/element-label" xlink:from="loc_s2c_RT_5." xlink:to="label_s2c_RT_5._1" />
    <link:loc xlink:type="locator" xlink:href="hier.xsd#s2c_6" xlink:label="loc_s2c_RT_6." />
    <label:label xlink:type="resource" xlink:label="label_s2c_RT_6." xml:lang="en" xlink:role="http://www.xbrl.org/2008/role/label">Risk types</label:label>
    <gen:arc xlink:type="arc" xlink:arcrole="http://xbrl.org/arcrole/2008/element-label" xlink:from="loc_s2c_RT_6." xlink:to="label_s2c_RT_6." />
    <label:label xlink:type="resource" xlink:label="label_s2c_RT_6._1" xml:lang="en" xlink:role="http://www.xbrl.org/2008/role/verboseLabel">RT</label:label>
    <gen:arc xlink:type="arc" xlink:arcrole="http://xbrl.org/arcrole/2008/element-label" xlink:from="loc_s2c_RT_6." xlink:to="label_s2c_RT_6._1" />
    <link:loc xlink:type="locator" xlink:href="hier.xsd#s2c_7" xlink:label="loc_s2c_RT_7." />
    <label:label xlink:type="resource" xlink:label="label_s2c_RT_7." xml:lang="en" xlink:role="http://www.xbrl.org/2008/role/label">Treatment of components</label:label>
    <gen:arc xlink:type="arc" xlink:arcrole="http://xbrl.org/arcrole/2008/element-label" xlink:from="loc_s2c_RT_7." xlink:to="label_s2c_RT_7." />
    <label:label xlink:type="resource" xlink:label="label_s2c_RT_7._1" xml:lang="en" xlink:role="http://www.xbrl.org/2008/role/verboseLabel">N/A</label:label>
    <gen:arc xlink:type="arc" xlink:arcrole="http://xbrl.org/arcrole/2008/element-label" xlink:from="loc_s2c_RT_7." xlink:to="label_s2c_RT_7._1" />
    <link:loc xlink:type="locator" xlink:href="hier.xsd#s2c_8" xlink:label="loc_s2c_RT_8." />
    <label:label xlink:type="resource" xlink:label="label_s2c_RT_8." xml:lang="en" xlink:role="http://www.xbrl.org/2008/role/label">Scenarios related to hedging</label:label>
    <gen:arc xlink:type="arc" xlink:arcrole="http://xbrl.org/arcrole/2008/element-label" xlink:from="loc_s2c_RT_8." xlink:to="label_s2c_RT_8." />
    <label:label xlink:type="resource" xlink:label="label_s2c_RT_8._1" xml:lang="en" xlink:role="http://www.xbrl.org/2008/role/verboseLabel">SH</label:label>
    <gen:arc xlink:type="arc" xlink:arcrole="http://xbrl.org/arcrole/2008/element-label" xlink:from="loc_s2c_RT_8." xlink:to="label_s2c_RT_8._1" />
    <link:loc xlink:type="locator" xlink:href="hier.xsd#s2c_9" xlink:label="loc_s2c_RT_9." />
    <label:label xlink:type="resource" xlink:label="label_s2c_RT_9." xml:lang="en" xlink:role="http://www.xbrl.org/2008/role/label">Diversification of risk [on indicated level of risk aggregation]</label:label>
    <gen:arc xlink:type="arc" xlink:arcrole="http://xbrl.org/arcrole/2008/element-label" xlink:from="loc_s2c_RT_9." xlink:to="label_s2c_RT_9." />
    <label:label xlink:type="resource" xlink:label="label_s2c_RT_9._1" xml:lang="en" xlink:role="http://www.xbrl.org/2008/role/verboseLabel">DV</label:label>
    <gen:arc xlink:type="arc" xlink:arcrole="http://xbrl.org/arcrole/2008/element-label" xlink:from="loc_s2c_RT_9." xlink:to="label_s2c_RT_9._1" />
    <link:loc xlink:type="locator" xlink:href="hier.xsd#s2c_10" xlink:label="loc_s2c_RT_10." />
    <label:label xlink:type="resource" xlink:label="label_s2c_RT_10." xml:lang="en" xlink:role="http://www.xbrl.org/2008/role/label">Risk scenario</label:label>
    <gen:arc xlink:type="arc" xlink:arcrole="http://xbrl.org/arcrole/2008/element-label" xlink:from="loc_s2c_RT_10." xlink:to="label_s2c_RT_10." />
    <label:label xlink:type="resource" xlink:label="label_s2c_RT_10._1" xml:lang="en" xlink:role="http://www.xbrl.org/2008/role/verboseLabel">N/A</label:label>
    <gen:arc xlink:type="arc" xlink:arcrole="http://xbrl.org/arcrole/2008/element-label" xlink:from="loc_s2c_RT_10." xlink:to="label_s2c_RT_10._1" />
    <link:loc xlink:type="locator" xlink:href="hier.xsd#s2c_11" xlink:label="loc_s2c_RT_11." />
    <label:label xlink:type="resource" xlink:label="label_s2c_RT_11." xml:lang="en" xlink:role="http://www.xbrl.org/2008/role/label">Not recognized diversification of risk [on indicated level of risk aggregation between RFF and remaining]</label:label>
    <gen:arc xlink:type="arc" xlink:arcrole="http://xbrl.org/arcrole/2008/element-label" xlink:from="loc_s2c_RT_11." xlink:to="label_s2c_RT_11." />
    <label:label xlink:type="resource" xlink:label="label_s2c_RT_11._1" xml:lang="en" xlink:role="http://www.xbrl.org/2008/role/verboseLabel">UG</label:label>
    <gen:arc xlink:type="arc" xlink:arcrole="http://xbrl.org/arcrole/2008/element-label" xlink:from="loc_s2c_RT_11." xlink:to="label_s2c_RT_11._1" />
    <link:loc xlink:type="locator" xlink:href="hier.xsd#s2c_12" xlink:label="loc_s2c_RT_12." />
    <label:label xlink:type="resource" xlink:label="label_s2c_RT_12." xml:lang="en" xlink:role="http://www.xbrl.org/2008/role/label">Risk types</label:label>
    <gen:arc xlink:type="arc" xlink:arcrole="http://xbrl.org/arcrole/2008/element-label" xlink:from="loc_s2c_RT_12." xlink:to="label_s2c_RT_12." />
    <label:label xlink:type="resource" xlink:label="label_s2c_RT_12._1" xml:lang="en" xlink:role="http://www.xbrl.org/2008/role/verboseLabel">RT</label:label>
    <gen:arc xlink:type="arc" xlink:arcrole="http://xbrl.org/arcrole/2008/element-label" xlink:from="loc_s2c_RT_12." xlink:to="label_s2c_RT_12._1" />
    <link:loc xlink:type="locator" xlink:href="hier.xsd#s2c_13" xlink:label="loc_s2c_RT_13." />
    <label:label xlink:type="resource" xlink:label="label_s2c_RT_13." xml:lang="en" xlink:role="http://www.xbrl.org/2008/role/label">Risk types</label:label>
    <gen:arc xlink:type="arc" xlink:arcrole="http://xbrl.org/arcrole/2008/element-label" xlink:from="loc_s2c_RT_13." xlink:to="label_s2c_RT_13." />
    <label:label xlink:type="resource" xlink:label="label_s2c_RT_13._1" xml:lang="en" xlink:role="http://www.xbrl.org/2008/role/verboseLabel">RT</label:label>
    <gen:arc xlink:type="arc" xlink:arcrole="http://xbrl.org/arcrole/2008/element-label" xlink:from="loc_s2c_RT_13." xlink:to="label_s2c_RT_13._1" />
    <link:loc xlink:type="locator" xlink:href="hier.xsd#s2c_14" xlink:label="loc_s2c_RT_14." />
    <label:label xlink:type="resource" xlink:label="label_s2c_RT_14." xml:lang="en" xlink:role="http://www.xbrl.org/2008/role/label">Risk types</label:label>
    <gen:arc xlink:type="arc" xlink:arcrole="http://xbrl.org/arcrole/2008/element-label" xlink:from="loc_s2c_RT_14." xlink:to="label_s2c_RT_14." />
    <label:label xlink:type="resource" xlink:label="label_s2c_RT_14._1" xml:lang="en" xlink:role="http://www.xbrl.org/2008/role/verboseLabel">RT</label:label>
    <gen:arc xlink:type="arc" xlink:arcrole="http://xbrl.org/arcrole/2008/element-label" xlink:from="loc_s2c_RT_14." xlink:to="label_s2c_RT_14._1" />
    <link:loc xlink:type="locator" xlink:href="hier.xsd#s2c_15" xlink:label="loc_s2c_RT_15." />
    <label:label xlink:type="resource" xlink:label="label_s2c_RT_15." xml:lang="en" xlink:role="http://www.xbrl.org/2008/role/label">Recognized diversification of risk [on indicated level of risk aggregation between RFF and remaining]</label:label>
    <gen:arc xlink:type="arc" xlink:arcrole="http://xbrl.org/arcrole/2008/element-label" xlink:from="loc_s2c_RT_15." xlink:to="label_s2c_RT_15." />
    <label:label xlink:type="resource" xlink:label="label_s2c_RT_15._1" xml:lang="en" xlink:role="http://www.xbrl.org/2008/role/verboseLabel">UH</label:label>
    <gen:arc xlink:type="arc" xlink:arcrole="http://xbrl.org/arcrole/2008/element-label" xlink:from="loc_s2c_RT_15." xlink:to="label_s2c_RT_15._1" />
    <link:loc xlink:type="locator" xlink:href="hier.xsd#s2c_16" xlink:label="loc_s2c_RT_16." />
    <label:label xlink:type="resource" xlink:label="label_s2c_RT_16." xml:lang="en" xlink:role="http://www.xbrl.org/2008/role/label">Inclusion of catastrophic reinsurance cover</label:label>
    <gen:arc xlink:type="arc" xlink:arcrole="http://xbrl.org/arcrole/2008/element-label" xlink:from="loc_s2c_RT_16." xlink:to="label_s2c_RT_16." />
    <label:label xlink:type="resource" xlink:label="label_s2c_RT_16._1" xml:lang="en" xlink:role="http://www.xbrl.org/2008/role/verboseLabel">N/A</label:label>
    <gen:arc xlink:type="arc" xlink:arcrole="http://xbrl.org/arcrole/2008/element-label" xlink:from="loc_s2c_RT_16." xlink:to="label_s2c_RT_16._1" />
  </gen:link>
</link:linkbase>