<?xml version="1.0" encoding="UTF-8"?>
<!--(C) EIOPA - XBRL Solvency 2 Taxonomy-->
<?officialURI http://eiopa.europa.eu/eu/xbrl/s2c/dict/dom/la/hier-cal.xml?>
<?taxonomy-version 2.1.0?>
<?taxonomy-date 2016-07-15?>
<link:linkbase xmlns:xsi="http://www.w3.org/2001/XMLSchema-instance" xmlns:xlink="http://www.w3.org/1999/xlink" xmlns:link="http://www.xbrl.org/2003/linkbase" xsi:schemaLocation="http://www.xbrl.org/2003/linkbase http://www.xbrl.org/2003/xbrl-linkbase-2003-12-31.xsd">
  <link:arcroleRef arcroleURI="http://www.eurofiling.info/xbrl/arcrole/complete-breakdown" xlink:type="simple" xlink:href="http://www.eurofiling.info/eu/fr/xbrl/ext/model.xsd#complete-breakdown" />
  <link:roleRef roleURI="http://eiopa.europa.eu/xbrl/s2c/role/dict/dom/LA/1" xlink:type="simple" xlink:href="hier.xsd#s2c_1" />
  <link:calculationLink xlink:type="extended" xlink:role="http://eiopa.europa.eu/xbrl/s2c/role/dict/dom/LA/1">
    <link:loc xlink:type="locator" xlink:href="mem.xsd#s2c_x0" xlink:label="loc_s2c_x0" />
    <link:loc xlink:type="locator" xlink:href="mem.xsd#s2c_aa" xlink:label="loc_s2c_aa" />
    <link:calculationArc xlink:type="arc" xlink:arcrole="http://www.eurofiling.info/xbrl/arcrole/complete-breakdown" xlink:from="loc_s2c_x0" xlink:to="loc_s2c_aa" weight="1" order="1" />
    <link:loc xlink:type="locator" xlink:href="mem.xsd#s2c_ab" xlink:label="loc_s2c_ab" />
    <link:calculationArc xlink:type="arc" xlink:arcrole="http://www.eurofiling.info/xbrl/arcrole/complete-breakdown" xlink:from="loc_s2c_x0" xlink:to="loc_s2c_ab" weight="1" order="2" />
    <link:loc xlink:type="locator" xlink:href="mem.xsd#s2c_ae" xlink:label="loc_s2c_ae" />
    <link:calculationArc xlink:type="arc" xlink:arcrole="http://www.eurofiling.info/xbrl/arcrole/complete-breakdown" xlink:from="loc_s2c_x0" xlink:to="loc_s2c_ae" weight="1" order="3" />
    <link:loc xlink:type="locator" xlink:href="mem.xsd#s2c_af" xlink:label="loc_s2c_af" />
    <link:calculationArc xlink:type="arc" xlink:arcrole="http://www.eurofiling.info/xbrl/arcrole/complete-breakdown" xlink:from="loc_s2c_x0" xlink:to="loc_s2c_af" weight="1" order="4" />
    <link:loc xlink:type="locator" xlink:href="mem.xsd#s2c_ak" xlink:label="loc_s2c_ak" />
    <link:calculationArc xlink:type="arc" xlink:arcrole="http://www.eurofiling.info/xbrl/arcrole/complete-breakdown" xlink:from="loc_s2c_x0" xlink:to="loc_s2c_ak" weight="1" order="5" />
    <link:loc xlink:type="locator" xlink:href="mem.xsd#s2c_am" xlink:label="loc_s2c_am" />
    <link:calculationArc xlink:type="arc" xlink:arcrole="http://www.eurofiling.info/xbrl/arcrole/complete-breakdown" xlink:from="loc_s2c_x0" xlink:to="loc_s2c_am" weight="1" order="6" />
    <link:loc xlink:type="locator" xlink:href="mem.xsd#s2c_an" xlink:label="loc_s2c_an" />
    <link:calculationArc xlink:type="arc" xlink:arcrole="http://www.eurofiling.info/xbrl/arcrole/complete-breakdown" xlink:from="loc_s2c_x0" xlink:to="loc_s2c_an" weight="1" order="7" />
    <link:loc xlink:type="locator" xlink:href="mem.xsd#s2c_ar" xlink:label="loc_s2c_ar" />
    <link:calculationArc xlink:type="arc" xlink:arcrole="http://www.eurofiling.info/xbrl/arcrole/complete-breakdown" xlink:from="loc_s2c_x0" xlink:to="loc_s2c_ar" weight="1" order="8" />
    <link:loc xlink:type="locator" xlink:href="mem.xsd#s2c_as" xlink:label="loc_s2c_as" />
    <link:calculationArc xlink:type="arc" xlink:arcrole="http://www.eurofiling.info/xbrl/arcrole/complete-breakdown" xlink:from="loc_s2c_x0" xlink:to="loc_s2c_as" weight="1" order="9" />
    <link:loc xlink:type="locator" xlink:href="mem.xsd#s2c_av" xlink:label="loc_s2c_av" />
    <link:calculationArc xlink:type="arc" xlink:arcrole="http://www.eurofiling.info/xbrl/arcrole/complete-breakdown" xlink:from="loc_s2c_x0" xlink:to="loc_s2c_av" weight="1" order="10" />
    <link:loc xlink:type="locator" xlink:href="mem.xsd#s2c_ay" xlink:label="loc_s2c_ay" />
    <link:calculationArc xlink:type="arc" xlink:arcrole="http://www.eurofiling.info/xbrl/arcrole/complete-breakdown" xlink:from="loc_s2c_x0" xlink:to="loc_s2c_ay" weight="1" order="11" />
    <link:loc xlink:type="locator" xlink:href="mem.xsd#s2c_az" xlink:label="loc_s2c_az" />
    <link:calculationArc xlink:type="arc" xlink:arcrole="http://www.eurofiling.info/xbrl/arcrole/complete-breakdown" xlink:from="loc_s2c_x0" xlink:to="loc_s2c_az" weight="1" order="12" />
    <link:loc xlink:type="locator" xlink:href="mem.xsd#s2c_ba" xlink:label="loc_s2c_ba" />
    <link:calculationArc xlink:type="arc" xlink:arcrole="http://www.eurofiling.info/xbrl/arcrole/complete-breakdown" xlink:from="loc_s2c_x0" xlink:to="loc_s2c_ba" weight="1" order="13" />
    <link:loc xlink:type="locator" xlink:href="mem.xsd#s2c_be" xlink:label="loc_s2c_be" />
    <link:calculationArc xlink:type="arc" xlink:arcrole="http://www.eurofiling.info/xbrl/arcrole/complete-breakdown" xlink:from="loc_s2c_x0" xlink:to="loc_s2c_be" weight="1" order="14" />
    <link:loc xlink:type="locator" xlink:href="mem.xsd#s2c_bg" xlink:label="loc_s2c_bg" />
    <link:calculationArc xlink:type="arc" xlink:arcrole="http://www.eurofiling.info/xbrl/arcrole/complete-breakdown" xlink:from="loc_s2c_x0" xlink:to="loc_s2c_bg" weight="1" order="15" />
    <link:loc xlink:type="locator" xlink:href="mem.xsd#s2c_bh" xlink:label="loc_s2c_bh" />
    <link:calculationArc xlink:type="arc" xlink:arcrole="http://www.eurofiling.info/xbrl/arcrole/complete-breakdown" xlink:from="loc_s2c_x0" xlink:to="loc_s2c_bh" weight="1" order="16" />
    <link:loc xlink:type="locator" xlink:href="mem.xsd#s2c_bi" xlink:label="loc_s2c_bi" />
    <link:calculationArc xlink:type="arc" xlink:arcrole="http://www.eurofiling.info/xbrl/arcrole/complete-breakdown" xlink:from="loc_s2c_x0" xlink:to="loc_s2c_bi" weight="1" order="17" />
    <link:loc xlink:type="locator" xlink:href="mem.xsd#s2c_bm" xlink:label="loc_s2c_bm" />
    <link:calculationArc xlink:type="arc" xlink:arcrole="http://www.eurofiling.info/xbrl/arcrole/complete-breakdown" xlink:from="loc_s2c_x0" xlink:to="loc_s2c_bm" weight="1" order="18" />
    <link:loc xlink:type="locator" xlink:href="mem.xsd#s2c_bn" xlink:label="loc_s2c_bn" />
    <link:calculationArc xlink:type="arc" xlink:arcrole="http://www.eurofiling.info/xbrl/arcrole/complete-breakdown" xlink:from="loc_s2c_x0" xlink:to="loc_s2c_bn" weight="1" order="19" />
    <link:loc xlink:type="locator" xlink:href="mem.xsd#s2c_bo" xlink:label="loc_s2c_bo" />
    <link:calculationArc xlink:type="arc" xlink:arcrole="http://www.eurofiling.info/xbrl/arcrole/complete-breakdown" xlink:from="loc_s2c_x0" xlink:to="loc_s2c_bo" weight="1" order="20" />
    <link:loc xlink:type="locator" xlink:href="mem.xsd#s2c_br" xlink:label="loc_s2c_br" />
    <link:calculationArc xlink:type="arc" xlink:arcrole="http://www.eurofiling.info/xbrl/arcrole/complete-breakdown" xlink:from="loc_s2c_x0" xlink:to="loc_s2c_br" weight="1" order="21" />
    <link:loc xlink:type="locator" xlink:href="mem.xsd#s2c_bs" xlink:label="loc_s2c_bs" />
    <link:calculationArc xlink:type="arc" xlink:arcrole="http://www.eurofiling.info/xbrl/arcrole/complete-breakdown" xlink:from="loc_s2c_x0" xlink:to="loc_s2c_bs" weight="1" order="22" />
    <link:loc xlink:type="locator" xlink:href="mem.xsd#s2c_ca" xlink:label="loc_s2c_ca" />
    <link:calculationArc xlink:type="arc" xlink:arcrole="http://www.eurofiling.info/xbrl/arcrole/complete-breakdown" xlink:from="loc_s2c_x0" xlink:to="loc_s2c_ca" weight="1" order="23" />
    <link:loc xlink:type="locator" xlink:href="mem.xsd#s2c_ce" xlink:label="loc_s2c_ce" />
    <link:calculationArc xlink:type="arc" xlink:arcrole="http://www.eurofiling.info/xbrl/arcrole/complete-breakdown" xlink:from="loc_s2c_x0" xlink:to="loc_s2c_ce" weight="1" order="24" />
    <link:loc xlink:type="locator" xlink:href="mem.xsd#s2c_ch" xlink:label="loc_s2c_ch" />
    <link:calculationArc xlink:type="arc" xlink:arcrole="http://www.eurofiling.info/xbrl/arcrole/complete-breakdown" xlink:from="loc_s2c_x0" xlink:to="loc_s2c_ch" weight="1" order="25" />
    <link:loc xlink:type="locator" xlink:href="mem.xsd#s2c_co" xlink:label="loc_s2c_co" />
    <link:calculationArc xlink:type="arc" xlink:arcrole="http://www.eurofiling.info/xbrl/arcrole/complete-breakdown" xlink:from="loc_s2c_x0" xlink:to="loc_s2c_co" weight="1" order="26" />
    <link:loc xlink:type="locator" xlink:href="mem.xsd#s2c_cr" xlink:label="loc_s2c_cr" />
    <link:calculationArc xlink:type="arc" xlink:arcrole="http://www.eurofiling.info/xbrl/arcrole/complete-breakdown" xlink:from="loc_s2c_x0" xlink:to="loc_s2c_cr" weight="1" order="27" />
    <link:loc xlink:type="locator" xlink:href="mem.xsd#s2c_cs" xlink:label="loc_s2c_cs" />
    <link:calculationArc xlink:type="arc" xlink:arcrole="http://www.eurofiling.info/xbrl/arcrole/complete-breakdown" xlink:from="loc_s2c_x0" xlink:to="loc_s2c_cs" weight="1" order="28" />
    <link:loc xlink:type="locator" xlink:href="mem.xsd#s2c_cu" xlink:label="loc_s2c_cu" />
    <link:calculationArc xlink:type="arc" xlink:arcrole="http://www.eurofiling.info/xbrl/arcrole/complete-breakdown" xlink:from="loc_s2c_x0" xlink:to="loc_s2c_cu" weight="1" order="29" />
    <link:loc xlink:type="locator" xlink:href="mem.xsd#s2c_cv" xlink:label="loc_s2c_cv" />
    <link:calculationArc xlink:type="arc" xlink:arcrole="http://www.eurofiling.info/xbrl/arcrole/complete-breakdown" xlink:from="loc_s2c_x0" xlink:to="loc_s2c_cv" weight="1" order="30" />
    <link:loc xlink:type="locator" xlink:href="mem.xsd#s2c_cy" xlink:label="loc_s2c_cy" />
    <link:calculationArc xlink:type="arc" xlink:arcrole="http://www.eurofiling.info/xbrl/arcrole/complete-breakdown" xlink:from="loc_s2c_x0" xlink:to="loc_s2c_cy" weight="1" order="31" />
    <link:loc xlink:type="locator" xlink:href="mem.xsd#s2c_da" xlink:label="loc_s2c_da" />
    <link:calculationArc xlink:type="arc" xlink:arcrole="http://www.eurofiling.info/xbrl/arcrole/complete-breakdown" xlink:from="loc_s2c_x0" xlink:to="loc_s2c_da" weight="1" order="32" />
    <link:loc xlink:type="locator" xlink:href="mem.xsd#s2c_de" xlink:label="loc_s2c_de" />
    <link:calculationArc xlink:type="arc" xlink:arcrole="http://www.eurofiling.info/xbrl/arcrole/complete-breakdown" xlink:from="loc_s2c_x0" xlink:to="loc_s2c_de" weight="1" order="33" />
    <link:loc xlink:type="locator" xlink:href="mem.xsd#s2c_dv" xlink:label="loc_s2c_dv" />
    <link:calculationArc xlink:type="arc" xlink:arcrole="http://www.eurofiling.info/xbrl/arcrole/complete-breakdown" xlink:from="loc_s2c_x0" xlink:to="loc_s2c_dv" weight="1" order="34" />
    <link:loc xlink:type="locator" xlink:href="mem.xsd#s2c_dz" xlink:label="loc_s2c_dz" />
    <link:calculationArc xlink:type="arc" xlink:arcrole="http://www.eurofiling.info/xbrl/arcrole/complete-breakdown" xlink:from="loc_s2c_x0" xlink:to="loc_s2c_dz" weight="1" order="35" />
    <link:loc xlink:type="locator" xlink:href="mem.xsd#s2c_ee" xlink:label="loc_s2c_ee" />
    <link:calculationArc xlink:type="arc" xlink:arcrole="http://www.eurofiling.info/xbrl/arcrole/complete-breakdown" xlink:from="loc_s2c_x0" xlink:to="loc_s2c_ee" weight="1" order="36" />
    <link:loc xlink:type="locator" xlink:href="mem.xsd#s2c_el" xlink:label="loc_s2c_el" />
    <link:calculationArc xlink:type="arc" xlink:arcrole="http://www.eurofiling.info/xbrl/arcrole/complete-breakdown" xlink:from="loc_s2c_x0" xlink:to="loc_s2c_el" weight="1" order="37" />
    <link:loc xlink:type="locator" xlink:href="mem.xsd#s2c_en" xlink:label="loc_s2c_en" />
    <link:calculationArc xlink:type="arc" xlink:arcrole="http://www.eurofiling.info/xbrl/arcrole/complete-breakdown" xlink:from="loc_s2c_x0" xlink:to="loc_s2c_en" weight="1" order="38" />
    <link:loc xlink:type="locator" xlink:href="mem.xsd#s2c_eo" xlink:label="loc_s2c_eo" />
    <link:calculationArc xlink:type="arc" xlink:arcrole="http://www.eurofiling.info/xbrl/arcrole/complete-breakdown" xlink:from="loc_s2c_x0" xlink:to="loc_s2c_eo" weight="1" order="39" />
    <link:loc xlink:type="locator" xlink:href="mem.xsd#s2c_es" xlink:label="loc_s2c_es" />
    <link:calculationArc xlink:type="arc" xlink:arcrole="http://www.eurofiling.info/xbrl/arcrole/complete-breakdown" xlink:from="loc_s2c_x0" xlink:to="loc_s2c_es" weight="1" order="40" />
    <link:loc xlink:type="locator" xlink:href="mem.xsd#s2c_et" xlink:label="loc_s2c_et" />
    <link:calculationArc xlink:type="arc" xlink:arcrole="http://www.eurofiling.info/xbrl/arcrole/complete-breakdown" xlink:from="loc_s2c_x0" xlink:to="loc_s2c_et" weight="1" order="41" />
    <link:loc xlink:type="locator" xlink:href="mem.xsd#s2c_eu" xlink:label="loc_s2c_eu" />
    <link:calculationArc xlink:type="arc" xlink:arcrole="http://www.eurofiling.info/xbrl/arcrole/complete-breakdown" xlink:from="loc_s2c_x0" xlink:to="loc_s2c_eu" weight="1" order="42" />
    <link:loc xlink:type="locator" xlink:href="mem.xsd#s2c_fa" xlink:label="loc_s2c_fa" />
    <link:calculationArc xlink:type="arc" xlink:arcrole="http://www.eurofiling.info/xbrl/arcrole/complete-breakdown" xlink:from="loc_s2c_x0" xlink:to="loc_s2c_fa" weight="1" order="43" />
    <link:loc xlink:type="locator" xlink:href="mem.xsd#s2c_ff" xlink:label="loc_s2c_ff" />
    <link:calculationArc xlink:type="arc" xlink:arcrole="http://www.eurofiling.info/xbrl/arcrole/complete-breakdown" xlink:from="loc_s2c_x0" xlink:to="loc_s2c_ff" weight="1" order="44" />
    <link:loc xlink:type="locator" xlink:href="mem.xsd#s2c_fi" xlink:label="loc_s2c_fi" />
    <link:calculationArc xlink:type="arc" xlink:arcrole="http://www.eurofiling.info/xbrl/arcrole/complete-breakdown" xlink:from="loc_s2c_x0" xlink:to="loc_s2c_fi" weight="1" order="45" />
    <link:loc xlink:type="locator" xlink:href="mem.xsd#s2c_fj" xlink:label="loc_s2c_fj" />
    <link:calculationArc xlink:type="arc" xlink:arcrole="http://www.eurofiling.info/xbrl/arcrole/complete-breakdown" xlink:from="loc_s2c_x0" xlink:to="loc_s2c_fj" weight="1" order="46" />
    <link:loc xlink:type="locator" xlink:href="mem.xsd#s2c_fo" xlink:label="loc_s2c_fo" />
    <link:calculationArc xlink:type="arc" xlink:arcrole="http://www.eurofiling.info/xbrl/arcrole/complete-breakdown" xlink:from="loc_s2c_x0" xlink:to="loc_s2c_fo" weight="1" order="47" />
    <link:loc xlink:type="locator" xlink:href="mem.xsd#s2c_fr" xlink:label="loc_s2c_fr" />
    <link:calculationArc xlink:type="arc" xlink:arcrole="http://www.eurofiling.info/xbrl/arcrole/complete-breakdown" xlink:from="loc_s2c_x0" xlink:to="loc_s2c_fr" weight="1" order="48" />
    <link:loc xlink:type="locator" xlink:href="mem.xsd#s2c_fy" xlink:label="loc_s2c_fy" />
    <link:calculationArc xlink:type="arc" xlink:arcrole="http://www.eurofiling.info/xbrl/arcrole/complete-breakdown" xlink:from="loc_s2c_x0" xlink:to="loc_s2c_fy" weight="1" order="49" />
    <link:loc xlink:type="locator" xlink:href="mem.xsd#s2c_ga" xlink:label="loc_s2c_ga" />
    <link:calculationArc xlink:type="arc" xlink:arcrole="http://www.eurofiling.info/xbrl/arcrole/complete-breakdown" xlink:from="loc_s2c_x0" xlink:to="loc_s2c_ga" weight="1" order="50" />
    <link:loc xlink:type="locator" xlink:href="mem.xsd#s2c_gd" xlink:label="loc_s2c_gd" />
    <link:calculationArc xlink:type="arc" xlink:arcrole="http://www.eurofiling.info/xbrl/arcrole/complete-breakdown" xlink:from="loc_s2c_x0" xlink:to="loc_s2c_gd" weight="1" order="51" />
    <link:loc xlink:type="locator" xlink:href="mem.xsd#s2c_gl" xlink:label="loc_s2c_gl" />
    <link:calculationArc xlink:type="arc" xlink:arcrole="http://www.eurofiling.info/xbrl/arcrole/complete-breakdown" xlink:from="loc_s2c_x0" xlink:to="loc_s2c_gl" weight="1" order="52" />
    <link:loc xlink:type="locator" xlink:href="mem.xsd#s2c_gn" xlink:label="loc_s2c_gn" />
    <link:calculationArc xlink:type="arc" xlink:arcrole="http://www.eurofiling.info/xbrl/arcrole/complete-breakdown" xlink:from="loc_s2c_x0" xlink:to="loc_s2c_gn" weight="1" order="53" />
    <link:loc xlink:type="locator" xlink:href="mem.xsd#s2c_gu" xlink:label="loc_s2c_gu" />
    <link:calculationArc xlink:type="arc" xlink:arcrole="http://www.eurofiling.info/xbrl/arcrole/complete-breakdown" xlink:from="loc_s2c_x0" xlink:to="loc_s2c_gu" weight="1" order="54" />
    <link:loc xlink:type="locator" xlink:href="mem.xsd#s2c_gv" xlink:label="loc_s2c_gv" />
    <link:calculationArc xlink:type="arc" xlink:arcrole="http://www.eurofiling.info/xbrl/arcrole/complete-breakdown" xlink:from="loc_s2c_x0" xlink:to="loc_s2c_gv" weight="1" order="55" />
    <link:loc xlink:type="locator" xlink:href="mem.xsd#s2c_ha" xlink:label="loc_s2c_ha" />
    <link:calculationArc xlink:type="arc" xlink:arcrole="http://www.eurofiling.info/xbrl/arcrole/complete-breakdown" xlink:from="loc_s2c_x0" xlink:to="loc_s2c_ha" weight="1" order="56" />
    <link:loc xlink:type="locator" xlink:href="mem.xsd#s2c_he" xlink:label="loc_s2c_he" />
    <link:calculationArc xlink:type="arc" xlink:arcrole="http://www.eurofiling.info/xbrl/arcrole/complete-breakdown" xlink:from="loc_s2c_x0" xlink:to="loc_s2c_he" weight="1" order="57" />
    <link:loc xlink:type="locator" xlink:href="mem.xsd#s2c_hi" xlink:label="loc_s2c_hi" />
    <link:calculationArc xlink:type="arc" xlink:arcrole="http://www.eurofiling.info/xbrl/arcrole/complete-breakdown" xlink:from="loc_s2c_x0" xlink:to="loc_s2c_hi" weight="1" order="58" />
    <link:loc xlink:type="locator" xlink:href="mem.xsd#s2c_ho" xlink:label="loc_s2c_ho" />
    <link:calculationArc xlink:type="arc" xlink:arcrole="http://www.eurofiling.info/xbrl/arcrole/complete-breakdown" xlink:from="loc_s2c_x0" xlink:to="loc_s2c_ho" weight="1" order="59" />
    <link:loc xlink:type="locator" xlink:href="mem.xsd#s2c_hr" xlink:label="loc_s2c_hr" />
    <link:calculationArc xlink:type="arc" xlink:arcrole="http://www.eurofiling.info/xbrl/arcrole/complete-breakdown" xlink:from="loc_s2c_x0" xlink:to="loc_s2c_hr" weight="1" order="60" />
    <link:loc xlink:type="locator" xlink:href="mem.xsd#s2c_ht" xlink:label="loc_s2c_ht" />
    <link:calculationArc xlink:type="arc" xlink:arcrole="http://www.eurofiling.info/xbrl/arcrole/complete-breakdown" xlink:from="loc_s2c_x0" xlink:to="loc_s2c_ht" weight="1" order="61" />
    <link:loc xlink:type="locator" xlink:href="mem.xsd#s2c_hu" xlink:label="loc_s2c_hu" />
    <link:calculationArc xlink:type="arc" xlink:arcrole="http://www.eurofiling.info/xbrl/arcrole/complete-breakdown" xlink:from="loc_s2c_x0" xlink:to="loc_s2c_hu" weight="1" order="62" />
    <link:loc xlink:type="locator" xlink:href="mem.xsd#s2c_hy" xlink:label="loc_s2c_hy" />
    <link:calculationArc xlink:type="arc" xlink:arcrole="http://www.eurofiling.info/xbrl/arcrole/complete-breakdown" xlink:from="loc_s2c_x0" xlink:to="loc_s2c_hy" weight="1" order="63" />
    <link:loc xlink:type="locator" xlink:href="mem.xsd#s2c_hz" xlink:label="loc_s2c_hz" />
    <link:calculationArc xlink:type="arc" xlink:arcrole="http://www.eurofiling.info/xbrl/arcrole/complete-breakdown" xlink:from="loc_s2c_x0" xlink:to="loc_s2c_hz" weight="1" order="64" />
    <link:loc xlink:type="locator" xlink:href="mem.xsd#s2c_ia" xlink:label="loc_s2c_ia" />
    <link:calculationArc xlink:type="arc" xlink:arcrole="http://www.eurofiling.info/xbrl/arcrole/complete-breakdown" xlink:from="loc_s2c_x0" xlink:to="loc_s2c_ia" weight="1" order="65" />
    <link:loc xlink:type="locator" xlink:href="mem.xsd#s2c_id" xlink:label="loc_s2c_id" />
    <link:calculationArc xlink:type="arc" xlink:arcrole="http://www.eurofiling.info/xbrl/arcrole/complete-breakdown" xlink:from="loc_s2c_x0" xlink:to="loc_s2c_id" weight="1" order="66" />
    <link:loc xlink:type="locator" xlink:href="mem.xsd#s2c_ie" xlink:label="loc_s2c_ie" />
    <link:calculationArc xlink:type="arc" xlink:arcrole="http://www.eurofiling.info/xbrl/arcrole/complete-breakdown" xlink:from="loc_s2c_x0" xlink:to="loc_s2c_ie" weight="1" order="67" />
    <link:loc xlink:type="locator" xlink:href="mem.xsd#s2c_ig" xlink:label="loc_s2c_ig" />
    <link:calculationArc xlink:type="arc" xlink:arcrole="http://www.eurofiling.info/xbrl/arcrole/complete-breakdown" xlink:from="loc_s2c_x0" xlink:to="loc_s2c_ig" weight="1" order="68" />
    <link:loc xlink:type="locator" xlink:href="mem.xsd#s2c_ii" xlink:label="loc_s2c_ii" />
    <link:calculationArc xlink:type="arc" xlink:arcrole="http://www.eurofiling.info/xbrl/arcrole/complete-breakdown" xlink:from="loc_s2c_x0" xlink:to="loc_s2c_ii" weight="1" order="69" />
    <link:loc xlink:type="locator" xlink:href="mem.xsd#s2c_ik" xlink:label="loc_s2c_ik" />
    <link:calculationArc xlink:type="arc" xlink:arcrole="http://www.eurofiling.info/xbrl/arcrole/complete-breakdown" xlink:from="loc_s2c_x0" xlink:to="loc_s2c_ik" weight="1" order="70" />
    <link:loc xlink:type="locator" xlink:href="mem.xsd#s2c_io" xlink:label="loc_s2c_io" />
    <link:calculationArc xlink:type="arc" xlink:arcrole="http://www.eurofiling.info/xbrl/arcrole/complete-breakdown" xlink:from="loc_s2c_x0" xlink:to="loc_s2c_io" weight="1" order="71" />
    <link:loc xlink:type="locator" xlink:href="mem.xsd#s2c_is" xlink:label="loc_s2c_is" />
    <link:calculationArc xlink:type="arc" xlink:arcrole="http://www.eurofiling.info/xbrl/arcrole/complete-breakdown" xlink:from="loc_s2c_x0" xlink:to="loc_s2c_is" weight="1" order="72" />
    <link:loc xlink:type="locator" xlink:href="mem.xsd#s2c_it" xlink:label="loc_s2c_it" />
    <link:calculationArc xlink:type="arc" xlink:arcrole="http://www.eurofiling.info/xbrl/arcrole/complete-breakdown" xlink:from="loc_s2c_x0" xlink:to="loc_s2c_it" weight="1" order="73" />
    <link:loc xlink:type="locator" xlink:href="mem.xsd#s2c_iu" xlink:label="loc_s2c_iu" />
    <link:calculationArc xlink:type="arc" xlink:arcrole="http://www.eurofiling.info/xbrl/arcrole/complete-breakdown" xlink:from="loc_s2c_x0" xlink:to="loc_s2c_iu" weight="1" order="74" />
    <link:loc xlink:type="locator" xlink:href="mem.xsd#s2c_ja" xlink:label="loc_s2c_ja" />
    <link:calculationArc xlink:type="arc" xlink:arcrole="http://www.eurofiling.info/xbrl/arcrole/complete-breakdown" xlink:from="loc_s2c_x0" xlink:to="loc_s2c_ja" weight="1" order="75" />
    <link:loc xlink:type="locator" xlink:href="mem.xsd#s2c_jv" xlink:label="loc_s2c_jv" />
    <link:calculationArc xlink:type="arc" xlink:arcrole="http://www.eurofiling.info/xbrl/arcrole/complete-breakdown" xlink:from="loc_s2c_x0" xlink:to="loc_s2c_jv" weight="1" order="76" />
    <link:loc xlink:type="locator" xlink:href="mem.xsd#s2c_ka" xlink:label="loc_s2c_ka" />
    <link:calculationArc xlink:type="arc" xlink:arcrole="http://www.eurofiling.info/xbrl/arcrole/complete-breakdown" xlink:from="loc_s2c_x0" xlink:to="loc_s2c_ka" weight="1" order="77" />
    <link:loc xlink:type="locator" xlink:href="mem.xsd#s2c_kg" xlink:label="loc_s2c_kg" />
    <link:calculationArc xlink:type="arc" xlink:arcrole="http://www.eurofiling.info/xbrl/arcrole/complete-breakdown" xlink:from="loc_s2c_x0" xlink:to="loc_s2c_kg" weight="1" order="78" />
    <link:loc xlink:type="locator" xlink:href="mem.xsd#s2c_ki" xlink:label="loc_s2c_ki" />
    <link:calculationArc xlink:type="arc" xlink:arcrole="http://www.eurofiling.info/xbrl/arcrole/complete-breakdown" xlink:from="loc_s2c_x0" xlink:to="loc_s2c_ki" weight="1" order="79" />
    <link:loc xlink:type="locator" xlink:href="mem.xsd#s2c_kj" xlink:label="loc_s2c_kj" />
    <link:calculationArc xlink:type="arc" xlink:arcrole="http://www.eurofiling.info/xbrl/arcrole/complete-breakdown" xlink:from="loc_s2c_x0" xlink:to="loc_s2c_kj" weight="1" order="80" />
    <link:loc xlink:type="locator" xlink:href="mem.xsd#s2c_kk" xlink:label="loc_s2c_kk" />
    <link:calculationArc xlink:type="arc" xlink:arcrole="http://www.eurofiling.info/xbrl/arcrole/complete-breakdown" xlink:from="loc_s2c_x0" xlink:to="loc_s2c_kk" weight="1" order="81" />
    <link:loc xlink:type="locator" xlink:href="mem.xsd#s2c_kl" xlink:label="loc_s2c_kl" />
    <link:calculationArc xlink:type="arc" xlink:arcrole="http://www.eurofiling.info/xbrl/arcrole/complete-breakdown" xlink:from="loc_s2c_x0" xlink:to="loc_s2c_kl" weight="1" order="82" />
    <link:loc xlink:type="locator" xlink:href="mem.xsd#s2c_km" xlink:label="loc_s2c_km" />
    <link:calculationArc xlink:type="arc" xlink:arcrole="http://www.eurofiling.info/xbrl/arcrole/complete-breakdown" xlink:from="loc_s2c_x0" xlink:to="loc_s2c_km" weight="1" order="83" />
    <link:loc xlink:type="locator" xlink:href="mem.xsd#s2c_kn" xlink:label="loc_s2c_kn" />
    <link:calculationArc xlink:type="arc" xlink:arcrole="http://www.eurofiling.info/xbrl/arcrole/complete-breakdown" xlink:from="loc_s2c_x0" xlink:to="loc_s2c_kn" weight="1" order="84" />
    <link:loc xlink:type="locator" xlink:href="mem.xsd#s2c_ko" xlink:label="loc_s2c_ko" />
    <link:calculationArc xlink:type="arc" xlink:arcrole="http://www.eurofiling.info/xbrl/arcrole/complete-breakdown" xlink:from="loc_s2c_x0" xlink:to="loc_s2c_ko" weight="1" order="85" />
    <link:loc xlink:type="locator" xlink:href="mem.xsd#s2c_kr" xlink:label="loc_s2c_kr" />
    <link:calculationArc xlink:type="arc" xlink:arcrole="http://www.eurofiling.info/xbrl/arcrole/complete-breakdown" xlink:from="loc_s2c_x0" xlink:to="loc_s2c_kr" weight="1" order="86" />
    <link:loc xlink:type="locator" xlink:href="mem.xsd#s2c_ks" xlink:label="loc_s2c_ks" />
    <link:calculationArc xlink:type="arc" xlink:arcrole="http://www.eurofiling.info/xbrl/arcrole/complete-breakdown" xlink:from="loc_s2c_x0" xlink:to="loc_s2c_ks" weight="1" order="87" />
    <link:loc xlink:type="locator" xlink:href="mem.xsd#s2c_ku" xlink:label="loc_s2c_ku" />
    <link:calculationArc xlink:type="arc" xlink:arcrole="http://www.eurofiling.info/xbrl/arcrole/complete-breakdown" xlink:from="loc_s2c_x0" xlink:to="loc_s2c_ku" weight="1" order="88" />
    <link:loc xlink:type="locator" xlink:href="mem.xsd#s2c_kv" xlink:label="loc_s2c_kv" />
    <link:calculationArc xlink:type="arc" xlink:arcrole="http://www.eurofiling.info/xbrl/arcrole/complete-breakdown" xlink:from="loc_s2c_x0" xlink:to="loc_s2c_kv" weight="1" order="89" />
    <link:loc xlink:type="locator" xlink:href="mem.xsd#s2c_kw" xlink:label="loc_s2c_kw" />
    <link:calculationArc xlink:type="arc" xlink:arcrole="http://www.eurofiling.info/xbrl/arcrole/complete-breakdown" xlink:from="loc_s2c_x0" xlink:to="loc_s2c_kw" weight="1" order="90" />
    <link:loc xlink:type="locator" xlink:href="mem.xsd#s2c_ky" xlink:label="loc_s2c_ky" />
    <link:calculationArc xlink:type="arc" xlink:arcrole="http://www.eurofiling.info/xbrl/arcrole/complete-breakdown" xlink:from="loc_s2c_x0" xlink:to="loc_s2c_ky" weight="1" order="91" />
    <link:loc xlink:type="locator" xlink:href="mem.xsd#s2c_lb" xlink:label="loc_s2c_lb" />
    <link:calculationArc xlink:type="arc" xlink:arcrole="http://www.eurofiling.info/xbrl/arcrole/complete-breakdown" xlink:from="loc_s2c_x0" xlink:to="loc_s2c_lb" weight="1" order="92" />
    <link:loc xlink:type="locator" xlink:href="mem.xsd#s2c_lg" xlink:label="loc_s2c_lg" />
    <link:calculationArc xlink:type="arc" xlink:arcrole="http://www.eurofiling.info/xbrl/arcrole/complete-breakdown" xlink:from="loc_s2c_x0" xlink:to="loc_s2c_lg" weight="1" order="93" />
    <link:loc xlink:type="locator" xlink:href="mem.xsd#s2c_li" xlink:label="loc_s2c_li" />
    <link:calculationArc xlink:type="arc" xlink:arcrole="http://www.eurofiling.info/xbrl/arcrole/complete-breakdown" xlink:from="loc_s2c_x0" xlink:to="loc_s2c_li" weight="1" order="94" />
    <link:loc xlink:type="locator" xlink:href="mem.xsd#s2c_ln" xlink:label="loc_s2c_ln" />
    <link:calculationArc xlink:type="arc" xlink:arcrole="http://www.eurofiling.info/xbrl/arcrole/complete-breakdown" xlink:from="loc_s2c_x0" xlink:to="loc_s2c_ln" weight="1" order="95" />
    <link:loc xlink:type="locator" xlink:href="mem.xsd#s2c_lo" xlink:label="loc_s2c_lo" />
    <link:calculationArc xlink:type="arc" xlink:arcrole="http://www.eurofiling.info/xbrl/arcrole/complete-breakdown" xlink:from="loc_s2c_x0" xlink:to="loc_s2c_lo" weight="1" order="96" />
    <link:loc xlink:type="locator" xlink:href="mem.xsd#s2c_lt" xlink:label="loc_s2c_lt" />
    <link:calculationArc xlink:type="arc" xlink:arcrole="http://www.eurofiling.info/xbrl/arcrole/complete-breakdown" xlink:from="loc_s2c_x0" xlink:to="loc_s2c_lt" weight="1" order="97" />
    <link:loc xlink:type="locator" xlink:href="mem.xsd#s2c_lu" xlink:label="loc_s2c_lu" />
    <link:calculationArc xlink:type="arc" xlink:arcrole="http://www.eurofiling.info/xbrl/arcrole/complete-breakdown" xlink:from="loc_s2c_x0" xlink:to="loc_s2c_lu" weight="1" order="98" />
    <link:loc xlink:type="locator" xlink:href="mem.xsd#s2c_lv" xlink:label="loc_s2c_lv" />
    <link:calculationArc xlink:type="arc" xlink:arcrole="http://www.eurofiling.info/xbrl/arcrole/complete-breakdown" xlink:from="loc_s2c_x0" xlink:to="loc_s2c_lv" weight="1" order="99" />
    <link:loc xlink:type="locator" xlink:href="mem.xsd#s2c_mg" xlink:label="loc_s2c_mg" />
    <link:calculationArc xlink:type="arc" xlink:arcrole="http://www.eurofiling.info/xbrl/arcrole/complete-breakdown" xlink:from="loc_s2c_x0" xlink:to="loc_s2c_mg" weight="1" order="100" />
    <link:loc xlink:type="locator" xlink:href="mem.xsd#s2c_mh" xlink:label="loc_s2c_mh" />
    <link:calculationArc xlink:type="arc" xlink:arcrole="http://www.eurofiling.info/xbrl/arcrole/complete-breakdown" xlink:from="loc_s2c_x0" xlink:to="loc_s2c_mh" weight="1" order="101" />
    <link:loc xlink:type="locator" xlink:href="mem.xsd#s2c_mi" xlink:label="loc_s2c_mi" />
    <link:calculationArc xlink:type="arc" xlink:arcrole="http://www.eurofiling.info/xbrl/arcrole/complete-breakdown" xlink:from="loc_s2c_x0" xlink:to="loc_s2c_mi" weight="1" order="102" />
    <link:loc xlink:type="locator" xlink:href="mem.xsd#s2c_mk" xlink:label="loc_s2c_mk" />
    <link:calculationArc xlink:type="arc" xlink:arcrole="http://www.eurofiling.info/xbrl/arcrole/complete-breakdown" xlink:from="loc_s2c_x0" xlink:to="loc_s2c_mk" weight="1" order="103" />
    <link:loc xlink:type="locator" xlink:href="mem.xsd#s2c_ml" xlink:label="loc_s2c_ml" />
    <link:calculationArc xlink:type="arc" xlink:arcrole="http://www.eurofiling.info/xbrl/arcrole/complete-breakdown" xlink:from="loc_s2c_x0" xlink:to="loc_s2c_ml" weight="1" order="104" />
    <link:loc xlink:type="locator" xlink:href="mem.xsd#s2c_mn" xlink:label="loc_s2c_mn" />
    <link:calculationArc xlink:type="arc" xlink:arcrole="http://www.eurofiling.info/xbrl/arcrole/complete-breakdown" xlink:from="loc_s2c_x0" xlink:to="loc_s2c_mn" weight="1" order="105" />
    <link:loc xlink:type="locator" xlink:href="mem.xsd#s2c_mr" xlink:label="loc_s2c_mr" />
    <link:calculationArc xlink:type="arc" xlink:arcrole="http://www.eurofiling.info/xbrl/arcrole/complete-breakdown" xlink:from="loc_s2c_x0" xlink:to="loc_s2c_mr" weight="1" order="106" />
    <link:loc xlink:type="locator" xlink:href="mem.xsd#s2c_ms" xlink:label="loc_s2c_ms" />
    <link:calculationArc xlink:type="arc" xlink:arcrole="http://www.eurofiling.info/xbrl/arcrole/complete-breakdown" xlink:from="loc_s2c_x0" xlink:to="loc_s2c_ms" weight="1" order="107" />
    <link:loc xlink:type="locator" xlink:href="mem.xsd#s2c_mt" xlink:label="loc_s2c_mt" />
    <link:calculationArc xlink:type="arc" xlink:arcrole="http://www.eurofiling.info/xbrl/arcrole/complete-breakdown" xlink:from="loc_s2c_x0" xlink:to="loc_s2c_mt" weight="1" order="108" />
    <link:loc xlink:type="locator" xlink:href="mem.xsd#s2c_my" xlink:label="loc_s2c_my" />
    <link:calculationArc xlink:type="arc" xlink:arcrole="http://www.eurofiling.info/xbrl/arcrole/complete-breakdown" xlink:from="loc_s2c_x0" xlink:to="loc_s2c_my" weight="1" order="109" />
    <link:loc xlink:type="locator" xlink:href="mem.xsd#s2c_na" xlink:label="loc_s2c_na" />
    <link:calculationArc xlink:type="arc" xlink:arcrole="http://www.eurofiling.info/xbrl/arcrole/complete-breakdown" xlink:from="loc_s2c_x0" xlink:to="loc_s2c_na" weight="1" order="110" />
    <link:loc xlink:type="locator" xlink:href="mem.xsd#s2c_nb" xlink:label="loc_s2c_nb" />
    <link:calculationArc xlink:type="arc" xlink:arcrole="http://www.eurofiling.info/xbrl/arcrole/complete-breakdown" xlink:from="loc_s2c_x0" xlink:to="loc_s2c_nb" weight="1" order="111" />
    <link:loc xlink:type="locator" xlink:href="mem.xsd#s2c_nd" xlink:label="loc_s2c_nd" />
    <link:calculationArc xlink:type="arc" xlink:arcrole="http://www.eurofiling.info/xbrl/arcrole/complete-breakdown" xlink:from="loc_s2c_x0" xlink:to="loc_s2c_nd" weight="1" order="112" />
    <link:loc xlink:type="locator" xlink:href="mem.xsd#s2c_ne" xlink:label="loc_s2c_ne" />
    <link:calculationArc xlink:type="arc" xlink:arcrole="http://www.eurofiling.info/xbrl/arcrole/complete-breakdown" xlink:from="loc_s2c_x0" xlink:to="loc_s2c_ne" weight="1" order="113" />
    <link:loc xlink:type="locator" xlink:href="mem.xsd#s2c_ng" xlink:label="loc_s2c_ng" />
    <link:calculationArc xlink:type="arc" xlink:arcrole="http://www.eurofiling.info/xbrl/arcrole/complete-breakdown" xlink:from="loc_s2c_x0" xlink:to="loc_s2c_ng" weight="1" order="114" />
    <link:loc xlink:type="locator" xlink:href="mem.xsd#s2c_nl" xlink:label="loc_s2c_nl" />
    <link:calculationArc xlink:type="arc" xlink:arcrole="http://www.eurofiling.info/xbrl/arcrole/complete-breakdown" xlink:from="loc_s2c_x0" xlink:to="loc_s2c_nl" weight="1" order="115" />
    <link:loc xlink:type="locator" xlink:href="mem.xsd#s2c_nn" xlink:label="loc_s2c_nn" />
    <link:calculationArc xlink:type="arc" xlink:arcrole="http://www.eurofiling.info/xbrl/arcrole/complete-breakdown" xlink:from="loc_s2c_x0" xlink:to="loc_s2c_nn" weight="1" order="116" />
    <link:loc xlink:type="locator" xlink:href="mem.xsd#s2c_no" xlink:label="loc_s2c_no" />
    <link:calculationArc xlink:type="arc" xlink:arcrole="http://www.eurofiling.info/xbrl/arcrole/complete-breakdown" xlink:from="loc_s2c_x0" xlink:to="loc_s2c_no" weight="1" order="117" />
    <link:loc xlink:type="locator" xlink:href="mem.xsd#s2c_nr" xlink:label="loc_s2c_nr" />
    <link:calculationArc xlink:type="arc" xlink:arcrole="http://www.eurofiling.info/xbrl/arcrole/complete-breakdown" xlink:from="loc_s2c_x0" xlink:to="loc_s2c_nr" weight="1" order="118" />
    <link:loc xlink:type="locator" xlink:href="mem.xsd#s2c_nv" xlink:label="loc_s2c_nv" />
    <link:calculationArc xlink:type="arc" xlink:arcrole="http://www.eurofiling.info/xbrl/arcrole/complete-breakdown" xlink:from="loc_s2c_x0" xlink:to="loc_s2c_nv" weight="1" order="119" />
    <link:loc xlink:type="locator" xlink:href="mem.xsd#s2c_ny" xlink:label="loc_s2c_ny" />
    <link:calculationArc xlink:type="arc" xlink:arcrole="http://www.eurofiling.info/xbrl/arcrole/complete-breakdown" xlink:from="loc_s2c_x0" xlink:to="loc_s2c_ny" weight="1" order="120" />
    <link:loc xlink:type="locator" xlink:href="mem.xsd#s2c_oc" xlink:label="loc_s2c_oc" />
    <link:calculationArc xlink:type="arc" xlink:arcrole="http://www.eurofiling.info/xbrl/arcrole/complete-breakdown" xlink:from="loc_s2c_x0" xlink:to="loc_s2c_oc" weight="1" order="121" />
    <link:loc xlink:type="locator" xlink:href="mem.xsd#s2c_oj" xlink:label="loc_s2c_oj" />
    <link:calculationArc xlink:type="arc" xlink:arcrole="http://www.eurofiling.info/xbrl/arcrole/complete-breakdown" xlink:from="loc_s2c_x0" xlink:to="loc_s2c_oj" weight="1" order="122" />
    <link:loc xlink:type="locator" xlink:href="mem.xsd#s2c_om" xlink:label="loc_s2c_om" />
    <link:calculationArc xlink:type="arc" xlink:arcrole="http://www.eurofiling.info/xbrl/arcrole/complete-breakdown" xlink:from="loc_s2c_x0" xlink:to="loc_s2c_om" weight="1" order="123" />
    <link:loc xlink:type="locator" xlink:href="mem.xsd#s2c_or" xlink:label="loc_s2c_or" />
    <link:calculationArc xlink:type="arc" xlink:arcrole="http://www.eurofiling.info/xbrl/arcrole/complete-breakdown" xlink:from="loc_s2c_x0" xlink:to="loc_s2c_or" weight="1" order="124" />
    <link:loc xlink:type="locator" xlink:href="mem.xsd#s2c_os" xlink:label="loc_s2c_os" />
    <link:calculationArc xlink:type="arc" xlink:arcrole="http://www.eurofiling.info/xbrl/arcrole/complete-breakdown" xlink:from="loc_s2c_x0" xlink:to="loc_s2c_os" weight="1" order="125" />
    <link:loc xlink:type="locator" xlink:href="mem.xsd#s2c_pa" xlink:label="loc_s2c_pa" />
    <link:calculationArc xlink:type="arc" xlink:arcrole="http://www.eurofiling.info/xbrl/arcrole/complete-breakdown" xlink:from="loc_s2c_x0" xlink:to="loc_s2c_pa" weight="1" order="126" />
    <link:loc xlink:type="locator" xlink:href="mem.xsd#s2c_pi" xlink:label="loc_s2c_pi" />
    <link:calculationArc xlink:type="arc" xlink:arcrole="http://www.eurofiling.info/xbrl/arcrole/complete-breakdown" xlink:from="loc_s2c_x0" xlink:to="loc_s2c_pi" weight="1" order="127" />
    <link:loc xlink:type="locator" xlink:href="mem.xsd#s2c_pl" xlink:label="loc_s2c_pl" />
    <link:calculationArc xlink:type="arc" xlink:arcrole="http://www.eurofiling.info/xbrl/arcrole/complete-breakdown" xlink:from="loc_s2c_x0" xlink:to="loc_s2c_pl" weight="1" order="128" />
    <link:loc xlink:type="locator" xlink:href="mem.xsd#s2c_ps" xlink:label="loc_s2c_ps" />
    <link:calculationArc xlink:type="arc" xlink:arcrole="http://www.eurofiling.info/xbrl/arcrole/complete-breakdown" xlink:from="loc_s2c_x0" xlink:to="loc_s2c_ps" weight="1" order="129" />
    <link:loc xlink:type="locator" xlink:href="mem.xsd#s2c_pt" xlink:label="loc_s2c_pt" />
    <link:calculationArc xlink:type="arc" xlink:arcrole="http://www.eurofiling.info/xbrl/arcrole/complete-breakdown" xlink:from="loc_s2c_x0" xlink:to="loc_s2c_pt" weight="1" order="130" />
    <link:loc xlink:type="locator" xlink:href="mem.xsd#s2c_qu" xlink:label="loc_s2c_qu" />
    <link:calculationArc xlink:type="arc" xlink:arcrole="http://www.eurofiling.info/xbrl/arcrole/complete-breakdown" xlink:from="loc_s2c_x0" xlink:to="loc_s2c_qu" weight="1" order="131" />
    <link:loc xlink:type="locator" xlink:href="mem.xsd#s2c_rm" xlink:label="loc_s2c_rm" />
    <link:calculationArc xlink:type="arc" xlink:arcrole="http://www.eurofiling.info/xbrl/arcrole/complete-breakdown" xlink:from="loc_s2c_x0" xlink:to="loc_s2c_rm" weight="1" order="132" />
    <link:loc xlink:type="locator" xlink:href="mem.xsd#s2c_rn" xlink:label="loc_s2c_rn" />
    <link:calculationArc xlink:type="arc" xlink:arcrole="http://www.eurofiling.info/xbrl/arcrole/complete-breakdown" xlink:from="loc_s2c_x0" xlink:to="loc_s2c_rn" weight="1" order="133" />
    <link:loc xlink:type="locator" xlink:href="mem.xsd#s2c_ro" xlink:label="loc_s2c_ro" />
    <link:calculationArc xlink:type="arc" xlink:arcrole="http://www.eurofiling.info/xbrl/arcrole/complete-breakdown" xlink:from="loc_s2c_x0" xlink:to="loc_s2c_ro" weight="1" order="134" />
    <link:loc xlink:type="locator" xlink:href="mem.xsd#s2c_ru" xlink:label="loc_s2c_ru" />
    <link:calculationArc xlink:type="arc" xlink:arcrole="http://www.eurofiling.info/xbrl/arcrole/complete-breakdown" xlink:from="loc_s2c_x0" xlink:to="loc_s2c_ru" weight="1" order="135" />
    <link:loc xlink:type="locator" xlink:href="mem.xsd#s2c_rw" xlink:label="loc_s2c_rw" />
    <link:calculationArc xlink:type="arc" xlink:arcrole="http://www.eurofiling.info/xbrl/arcrole/complete-breakdown" xlink:from="loc_s2c_x0" xlink:to="loc_s2c_rw" weight="1" order="136" />
    <link:loc xlink:type="locator" xlink:href="mem.xsd#s2c_sc" xlink:label="loc_s2c_sc" />
    <link:calculationArc xlink:type="arc" xlink:arcrole="http://www.eurofiling.info/xbrl/arcrole/complete-breakdown" xlink:from="loc_s2c_x0" xlink:to="loc_s2c_sc" weight="1" order="137" />
    <link:loc xlink:type="locator" xlink:href="mem.xsd#s2c_sd" xlink:label="loc_s2c_sd" />
    <link:calculationArc xlink:type="arc" xlink:arcrole="http://www.eurofiling.info/xbrl/arcrole/complete-breakdown" xlink:from="loc_s2c_x0" xlink:to="loc_s2c_sd" weight="1" order="138" />
    <link:loc xlink:type="locator" xlink:href="mem.xsd#s2c_se" xlink:label="loc_s2c_se" />
    <link:calculationArc xlink:type="arc" xlink:arcrole="http://www.eurofiling.info/xbrl/arcrole/complete-breakdown" xlink:from="loc_s2c_x0" xlink:to="loc_s2c_se" weight="1" order="139" />
    <link:loc xlink:type="locator" xlink:href="mem.xsd#s2c_sg" xlink:label="loc_s2c_sg" />
    <link:calculationArc xlink:type="arc" xlink:arcrole="http://www.eurofiling.info/xbrl/arcrole/complete-breakdown" xlink:from="loc_s2c_x0" xlink:to="loc_s2c_sg" weight="1" order="140" />
    <link:loc xlink:type="locator" xlink:href="mem.xsd#s2c_sh" xlink:label="loc_s2c_sh" />
    <link:calculationArc xlink:type="arc" xlink:arcrole="http://www.eurofiling.info/xbrl/arcrole/complete-breakdown" xlink:from="loc_s2c_x0" xlink:to="loc_s2c_sh" weight="1" order="141" />
    <link:loc xlink:type="locator" xlink:href="mem.xsd#s2c_si" xlink:label="loc_s2c_si" />
    <link:calculationArc xlink:type="arc" xlink:arcrole="http://www.eurofiling.info/xbrl/arcrole/complete-breakdown" xlink:from="loc_s2c_x0" xlink:to="loc_s2c_si" weight="1" order="142" />
    <link:loc xlink:type="locator" xlink:href="mem.xsd#s2c_sk" xlink:label="loc_s2c_sk" />
    <link:calculationArc xlink:type="arc" xlink:arcrole="http://www.eurofiling.info/xbrl/arcrole/complete-breakdown" xlink:from="loc_s2c_x0" xlink:to="loc_s2c_sk" weight="1" order="143" />
    <link:loc xlink:type="locator" xlink:href="mem.xsd#s2c_sl" xlink:label="loc_s2c_sl" />
    <link:calculationArc xlink:type="arc" xlink:arcrole="http://www.eurofiling.info/xbrl/arcrole/complete-breakdown" xlink:from="loc_s2c_x0" xlink:to="loc_s2c_sl" weight="1" order="144" />
    <link:loc xlink:type="locator" xlink:href="mem.xsd#s2c_sm" xlink:label="loc_s2c_sm" />
    <link:calculationArc xlink:type="arc" xlink:arcrole="http://www.eurofiling.info/xbrl/arcrole/complete-breakdown" xlink:from="loc_s2c_x0" xlink:to="loc_s2c_sm" weight="1" order="145" />
    <link:loc xlink:type="locator" xlink:href="mem.xsd#s2c_sn" xlink:label="loc_s2c_sn" />
    <link:calculationArc xlink:type="arc" xlink:arcrole="http://www.eurofiling.info/xbrl/arcrole/complete-breakdown" xlink:from="loc_s2c_x0" xlink:to="loc_s2c_sn" weight="1" order="146" />
    <link:loc xlink:type="locator" xlink:href="mem.xsd#s2c_so" xlink:label="loc_s2c_so" />
    <link:calculationArc xlink:type="arc" xlink:arcrole="http://www.eurofiling.info/xbrl/arcrole/complete-breakdown" xlink:from="loc_s2c_x0" xlink:to="loc_s2c_so" weight="1" order="147" />
    <link:loc xlink:type="locator" xlink:href="mem.xsd#s2c_sq" xlink:label="loc_s2c_sq" />
    <link:calculationArc xlink:type="arc" xlink:arcrole="http://www.eurofiling.info/xbrl/arcrole/complete-breakdown" xlink:from="loc_s2c_x0" xlink:to="loc_s2c_sq" weight="1" order="148" />
    <link:loc xlink:type="locator" xlink:href="mem.xsd#s2c_sr" xlink:label="loc_s2c_sr" />
    <link:calculationArc xlink:type="arc" xlink:arcrole="http://www.eurofiling.info/xbrl/arcrole/complete-breakdown" xlink:from="loc_s2c_x0" xlink:to="loc_s2c_sr" weight="1" order="149" />
    <link:loc xlink:type="locator" xlink:href="mem.xsd#s2c_ss" xlink:label="loc_s2c_ss" />
    <link:calculationArc xlink:type="arc" xlink:arcrole="http://www.eurofiling.info/xbrl/arcrole/complete-breakdown" xlink:from="loc_s2c_x0" xlink:to="loc_s2c_ss" weight="1" order="150" />
    <link:loc xlink:type="locator" xlink:href="mem.xsd#s2c_st" xlink:label="loc_s2c_st" />
    <link:calculationArc xlink:type="arc" xlink:arcrole="http://www.eurofiling.info/xbrl/arcrole/complete-breakdown" xlink:from="loc_s2c_x0" xlink:to="loc_s2c_st" weight="1" order="151" />
    <link:loc xlink:type="locator" xlink:href="mem.xsd#s2c_su" xlink:label="loc_s2c_su" />
    <link:calculationArc xlink:type="arc" xlink:arcrole="http://www.eurofiling.info/xbrl/arcrole/complete-breakdown" xlink:from="loc_s2c_x0" xlink:to="loc_s2c_su" weight="1" order="152" />
    <link:loc xlink:type="locator" xlink:href="mem.xsd#s2c_sv" xlink:label="loc_s2c_sv" />
    <link:calculationArc xlink:type="arc" xlink:arcrole="http://www.eurofiling.info/xbrl/arcrole/complete-breakdown" xlink:from="loc_s2c_x0" xlink:to="loc_s2c_sv" weight="1" order="153" />
    <link:loc xlink:type="locator" xlink:href="mem.xsd#s2c_sw" xlink:label="loc_s2c_sw" />
    <link:calculationArc xlink:type="arc" xlink:arcrole="http://www.eurofiling.info/xbrl/arcrole/complete-breakdown" xlink:from="loc_s2c_x0" xlink:to="loc_s2c_sw" weight="1" order="154" />
    <link:loc xlink:type="locator" xlink:href="mem.xsd#s2c_ta" xlink:label="loc_s2c_ta" />
    <link:calculationArc xlink:type="arc" xlink:arcrole="http://www.eurofiling.info/xbrl/arcrole/complete-breakdown" xlink:from="loc_s2c_x0" xlink:to="loc_s2c_ta" weight="1" order="155" />
    <link:loc xlink:type="locator" xlink:href="mem.xsd#s2c_te" xlink:label="loc_s2c_te" />
    <link:calculationArc xlink:type="arc" xlink:arcrole="http://www.eurofiling.info/xbrl/arcrole/complete-breakdown" xlink:from="loc_s2c_x0" xlink:to="loc_s2c_te" weight="1" order="156" />
    <link:loc xlink:type="locator" xlink:href="mem.xsd#s2c_tg" xlink:label="loc_s2c_tg" />
    <link:calculationArc xlink:type="arc" xlink:arcrole="http://www.eurofiling.info/xbrl/arcrole/complete-breakdown" xlink:from="loc_s2c_x0" xlink:to="loc_s2c_tg" weight="1" order="157" />
    <link:loc xlink:type="locator" xlink:href="mem.xsd#s2c_th" xlink:label="loc_s2c_th" />
    <link:calculationArc xlink:type="arc" xlink:arcrole="http://www.eurofiling.info/xbrl/arcrole/complete-breakdown" xlink:from="loc_s2c_x0" xlink:to="loc_s2c_th" weight="1" order="158" />
    <link:loc xlink:type="locator" xlink:href="mem.xsd#s2c_ti" xlink:label="loc_s2c_ti" />
    <link:calculationArc xlink:type="arc" xlink:arcrole="http://www.eurofiling.info/xbrl/arcrole/complete-breakdown" xlink:from="loc_s2c_x0" xlink:to="loc_s2c_ti" weight="1" order="159" />
    <link:loc xlink:type="locator" xlink:href="mem.xsd#s2c_tk" xlink:label="loc_s2c_tk" />
    <link:calculationArc xlink:type="arc" xlink:arcrole="http://www.eurofiling.info/xbrl/arcrole/complete-breakdown" xlink:from="loc_s2c_x0" xlink:to="loc_s2c_tk" weight="1" order="160" />
    <link:loc xlink:type="locator" xlink:href="mem.xsd#s2c_tl" xlink:label="loc_s2c_tl" />
    <link:calculationArc xlink:type="arc" xlink:arcrole="http://www.eurofiling.info/xbrl/arcrole/complete-breakdown" xlink:from="loc_s2c_x0" xlink:to="loc_s2c_tl" weight="1" order="161" />
    <link:loc xlink:type="locator" xlink:href="mem.xsd#s2c_tn" xlink:label="loc_s2c_tn" />
    <link:calculationArc xlink:type="arc" xlink:arcrole="http://www.eurofiling.info/xbrl/arcrole/complete-breakdown" xlink:from="loc_s2c_x0" xlink:to="loc_s2c_tn" weight="1" order="162" />
    <link:loc xlink:type="locator" xlink:href="mem.xsd#s2c_to" xlink:label="loc_s2c_to" />
    <link:calculationArc xlink:type="arc" xlink:arcrole="http://www.eurofiling.info/xbrl/arcrole/complete-breakdown" xlink:from="loc_s2c_x0" xlink:to="loc_s2c_to" weight="1" order="163" />
    <link:loc xlink:type="locator" xlink:href="mem.xsd#s2c_tr" xlink:label="loc_s2c_tr" />
    <link:calculationArc xlink:type="arc" xlink:arcrole="http://www.eurofiling.info/xbrl/arcrole/complete-breakdown" xlink:from="loc_s2c_x0" xlink:to="loc_s2c_tr" weight="1" order="164" />
    <link:loc xlink:type="locator" xlink:href="mem.xsd#s2c_ts" xlink:label="loc_s2c_ts" />
    <link:calculationArc xlink:type="arc" xlink:arcrole="http://www.eurofiling.info/xbrl/arcrole/complete-breakdown" xlink:from="loc_s2c_x0" xlink:to="loc_s2c_ts" weight="1" order="165" />
    <link:loc xlink:type="locator" xlink:href="mem.xsd#s2c_tt" xlink:label="loc_s2c_tt" />
    <link:calculationArc xlink:type="arc" xlink:arcrole="http://www.eurofiling.info/xbrl/arcrole/complete-breakdown" xlink:from="loc_s2c_x0" xlink:to="loc_s2c_tt" weight="1" order="166" />
    <link:loc xlink:type="locator" xlink:href="mem.xsd#s2c_tw" xlink:label="loc_s2c_tw" />
    <link:calculationArc xlink:type="arc" xlink:arcrole="http://www.eurofiling.info/xbrl/arcrole/complete-breakdown" xlink:from="loc_s2c_x0" xlink:to="loc_s2c_tw" weight="1" order="167" />
    <link:loc xlink:type="locator" xlink:href="mem.xsd#s2c_ty" xlink:label="loc_s2c_ty" />
    <link:calculationArc xlink:type="arc" xlink:arcrole="http://www.eurofiling.info/xbrl/arcrole/complete-breakdown" xlink:from="loc_s2c_x0" xlink:to="loc_s2c_ty" weight="1" order="168" />
    <link:loc xlink:type="locator" xlink:href="mem.xsd#s2c_ug" xlink:label="loc_s2c_ug" />
    <link:calculationArc xlink:type="arc" xlink:arcrole="http://www.eurofiling.info/xbrl/arcrole/complete-breakdown" xlink:from="loc_s2c_x0" xlink:to="loc_s2c_ug" weight="1" order="169" />
    <link:loc xlink:type="locator" xlink:href="mem.xsd#s2c_uk" xlink:label="loc_s2c_uk" />
    <link:calculationArc xlink:type="arc" xlink:arcrole="http://www.eurofiling.info/xbrl/arcrole/complete-breakdown" xlink:from="loc_s2c_x0" xlink:to="loc_s2c_uk" weight="1" order="170" />
    <link:loc xlink:type="locator" xlink:href="mem.xsd#s2c_ur" xlink:label="loc_s2c_ur" />
    <link:calculationArc xlink:type="arc" xlink:arcrole="http://www.eurofiling.info/xbrl/arcrole/complete-breakdown" xlink:from="loc_s2c_x0" xlink:to="loc_s2c_ur" weight="1" order="171" />
    <link:loc xlink:type="locator" xlink:href="mem.xsd#s2c_uz" xlink:label="loc_s2c_uz" />
    <link:calculationArc xlink:type="arc" xlink:arcrole="http://www.eurofiling.info/xbrl/arcrole/complete-breakdown" xlink:from="loc_s2c_x0" xlink:to="loc_s2c_uz" weight="1" order="172" />
    <link:loc xlink:type="locator" xlink:href="mem.xsd#s2c_ve" xlink:label="loc_s2c_ve" />
    <link:calculationArc xlink:type="arc" xlink:arcrole="http://www.eurofiling.info/xbrl/arcrole/complete-breakdown" xlink:from="loc_s2c_x0" xlink:to="loc_s2c_ve" weight="1" order="173" />
    <link:loc xlink:type="locator" xlink:href="mem.xsd#s2c_vi" xlink:label="loc_s2c_vi" />
    <link:calculationArc xlink:type="arc" xlink:arcrole="http://www.eurofiling.info/xbrl/arcrole/complete-breakdown" xlink:from="loc_s2c_x0" xlink:to="loc_s2c_vi" weight="1" order="174" />
    <link:loc xlink:type="locator" xlink:href="mem.xsd#s2c_vo" xlink:label="loc_s2c_vo" />
    <link:calculationArc xlink:type="arc" xlink:arcrole="http://www.eurofiling.info/xbrl/arcrole/complete-breakdown" xlink:from="loc_s2c_x0" xlink:to="loc_s2c_vo" weight="1" order="175" />
    <link:loc xlink:type="locator" xlink:href="mem.xsd#s2c_wa" xlink:label="loc_s2c_wa" />
    <link:calculationArc xlink:type="arc" xlink:arcrole="http://www.eurofiling.info/xbrl/arcrole/complete-breakdown" xlink:from="loc_s2c_x0" xlink:to="loc_s2c_wa" weight="1" order="176" />
    <link:loc xlink:type="locator" xlink:href="mem.xsd#s2c_wo" xlink:label="loc_s2c_wo" />
    <link:calculationArc xlink:type="arc" xlink:arcrole="http://www.eurofiling.info/xbrl/arcrole/complete-breakdown" xlink:from="loc_s2c_x0" xlink:to="loc_s2c_wo" weight="1" order="177" />
    <link:loc xlink:type="locator" xlink:href="mem.xsd#s2c_xh" xlink:label="loc_s2c_xh" />
    <link:calculationArc xlink:type="arc" xlink:arcrole="http://www.eurofiling.info/xbrl/arcrole/complete-breakdown" xlink:from="loc_s2c_x0" xlink:to="loc_s2c_xh" weight="1" order="178" />
    <link:loc xlink:type="locator" xlink:href="mem.xsd#s2c_yi" xlink:label="loc_s2c_yi" />
    <link:calculationArc xlink:type="arc" xlink:arcrole="http://www.eurofiling.info/xbrl/arcrole/complete-breakdown" xlink:from="loc_s2c_x0" xlink:to="loc_s2c_yi" weight="1" order="179" />
    <link:loc xlink:type="locator" xlink:href="mem.xsd#s2c_yo" xlink:label="loc_s2c_yo" />
    <link:calculationArc xlink:type="arc" xlink:arcrole="http://www.eurofiling.info/xbrl/arcrole/complete-breakdown" xlink:from="loc_s2c_x0" xlink:to="loc_s2c_yo" weight="1" order="180" />
    <link:loc xlink:type="locator" xlink:href="mem.xsd#s2c_za" xlink:label="loc_s2c_za" />
    <link:calculationArc xlink:type="arc" xlink:arcrole="http://www.eurofiling.info/xbrl/arcrole/complete-breakdown" xlink:from="loc_s2c_x0" xlink:to="loc_s2c_za" weight="1" order="181" />
    <link:loc xlink:type="locator" xlink:href="mem.xsd#s2c_zg" xlink:label="loc_s2c_zg" />
    <link:calculationArc xlink:type="arc" xlink:arcrole="http://www.eurofiling.info/xbrl/arcrole/complete-breakdown" xlink:from="loc_s2c_x0" xlink:to="loc_s2c_zg" weight="1" order="182" />
    <link:loc xlink:type="locator" xlink:href="mem.xsd#s2c_zh" xlink:label="loc_s2c_zh" />
    <link:calculationArc xlink:type="arc" xlink:arcrole="http://www.eurofiling.info/xbrl/arcrole/complete-breakdown" xlink:from="loc_s2c_x0" xlink:to="loc_s2c_zh" weight="1" order="183" />
    <link:loc xlink:type="locator" xlink:href="mem.xsd#s2c_zu" xlink:label="loc_s2c_zu" />
    <link:calculationArc xlink:type="arc" xlink:arcrole="http://www.eurofiling.info/xbrl/arcrole/complete-breakdown" xlink:from="loc_s2c_x0" xlink:to="loc_s2c_zu" weight="1" order="184" />
  </link:calculationLink>
</link:linkbase>